light_gui: loaded 1 env var(s) from .env
light_gui: Fleet mode: controllers=['left', 'right'] channels=['far-left', 'middle-left', 'far-right', 'middle-right']
light_gui: Schedule executor started.
light_gui: GUI running at http://0.0.0.0:8123/
music_recognizer: No match from Shazam
music_recognizer: No match from Shazam
music_recognizer: Recognized: Yung Gravy, bbno$ & Rich Brian — C’est La Vie
music_recognizer: Shazam attempt 1/3 hit an error page (rate limit?); retrying in 1.0s
music_recognizer: Shazam attempt 2/3 hit an error page (rate limit?); retrying in 2.0s
music_recognizer: Audio bytes identification failed: Check args, URL is invalid
URL- https://amp.shazam.com/discovery/v5/en/GB/iphone/-/tag/49797F3A-94AB-42FF-99D0-2C944D057950/1A357946-DA22-422C-AB0A-C7960D2E45E4?sync=true&webv3=true&sampling=true&connected=&shazamapiversion=v3&sharehub=true&hubv5minorversion=v5.1&hidelb=true&video=v3
music_recognizer: No match from Shazam
light_gui: loaded 1 env var(s) from .env
light_gui: Fleet mode: controllers=['left', 'right'] channels=['far-left', 'middle-left', 'far-right', 'middle-right']
light_gui: Schedule executor started.
Traceback (most recent call last):
  File "/home/rucaradio/lightss/main.py", line 5, in <module>
    raise SystemExit(main())
                     ~~~~^^
  File "/home/rucaradio/lightss/light_gui.py", line 3749, in main
    server = ThreadingHTTPServer(
        (args.listen, args.port),
        make_handler(state),
    )
  File "/home/rucaradio/.local/share/uv/python/cpython-3.14.4-linux-x86_64-gnu/lib/python3.14/socketserver.py", line 457, in __init__
    self.server_bind()
    ~~~~~~~~~~~~~~~~^^
  File "/home/rucaradio/.local/share/uv/python/cpython-3.14.4-linux-x86_64-gnu/lib/python3.14/http/server.py", line 148, in server_bind
    socketserver.TCPServer.server_bind(self)
    ~~~~~~~~~~~~~~~~~~~~~~~~~~~~~~~~~~^^^^^^
  File "/home/rucaradio/.local/share/uv/python/cpython-3.14.4-linux-x86_64-gnu/lib/python3.14/socketserver.py", line 478, in server_bind
    self.socket.bind(self.server_address)
    ~~~~~~~~~~~~~~~~^^^^^^^^^^^^^^^^^^^^^
OSError: [Errno 98] Address already in use
music_recognizer: Recognized: Yung Gravy, bbno$ & Rich Brian — C’est La Vie
music_recognizer: Recognized: Yung Gravy, bbno$ & Rich Brian — C’est La Vie
music_recognizer: Shazam attempt 1/3 hit an error page (rate limit?); retrying in 1.0s
music_recognizer: Shazam attempt 2/3 hit an error page (rate limit?); retrying in 2.0s
music_recognizer: Audio bytes identification failed: Check args, URL is invalid
URL- https://amp.shazam.com/discovery/v5/en/GB/iphone/-/tag/7FF3B98C-07C5-4DB5-BB97-154671BBC357/1C3DD7E6-BD80-4D15-9EE7-00388F611A07?sync=true&webv3=true&sampling=true&connected=&shazamapiversion=v3&sharehub=true&hubv5minorversion=v5.1&hidelb=true&video=v3
music_recognizer: Shazam attempt 1/3 hit an error page (rate limit?); retrying in 1.0s
music_recognizer: Recognized: Yung Gravy, bbno$ & Rich Brian — C’est La Vie
music_recognizer: Recognized: Yung Gravy, bbno$ & Rich Brian — C’est La Vie
light_gui: loaded 1 env var(s) from .env
light_gui: Fleet mode: controllers=['left', 'right'] channels=['far-left', 'middle-left', 'far-right', 'middle-right']
light_gui: Schedule executor started.
light_gui: GUI running at http://0.0.0.0:8123/
music_recognizer: Recognized: Yung Gravy, bbno$ & Rich Brian — C’est La Vie
music_recognizer: Recognized: bbno$ — i see london i see france
music_recognizer: Recognized: bbno$ — i see london i see france
music_recognizer: Recognized: bbno$ — i see london i see france
music_recognizer: Recognized: bbno$ — i see london i see france
music_recognizer: Recognized: bbno$ — i see london i see france
lightctl: Mode 1 listening on the default microphone. Press Ctrl+C to stop.
music_recognizer: No match from Shazam
music_recognizer: No match from Shazam
music_recognizer: Recognized: Elley Duhé & Whethan — MONEY ON THE DASH
music_recognizer: Recognized: Elley Duhé & Whethan — MONEY ON THE DASH
music_recognizer: Recognized: Elley Duhé & Whethan — MONEY ON THE DASH
music_recognizer: Recognized: Elley Duhé & Whethan — MONEY ON THE DASH
music_recognizer: Recognized: Elley Duhé & Whethan — MONEY ON THE DASH
music_recognizer: Recognized: bludnymph — Oral Hex (Spell on You)
music_recognizer: Recognized: bludnymph — Oral Hex (Spell on You)
music_recognizer: Recognized: bludnymph — Oral Hex (Spell on You)
music_recognizer: Recognized: bludnymph — Oral Hex (Spell on You)
music_recognizer: No match from Shazam
music_recognizer: No match from Shazam
music_recognizer: Shazam attempt 1/3 hit an error page (rate limit?); retrying in 1.0s
music_recognizer: Shazam attempt 2/3 hit an error page (rate limit?); retrying in 2.0s
music_recognizer: Audio bytes identification failed: Check args, URL is invalid
URL- https://amp.shazam.com/discovery/v5/en/GB/iphone/-/tag/CA5787A2-B6CB-46A4-8F06-5466959D0443/FB949313-6F63-45C5-9007-28D1C2E13918?sync=true&webv3=true&sampling=true&connected=&shazamapiversion=v3&sharehub=true&hubv5minorversion=v5.1&hidelb=true&video=v3
music_recognizer: No match from Shazam
music_recognizer: No match from Shazam
music_recognizer: No match from Shazam
music_recognizer: Shazam attempt 1/3 hit an error page (rate limit?); retrying in 1.0s
music_recognizer: Shazam attempt 2/3 hit an error page (rate limit?); retrying in 2.0s
music_recognizer: Audio bytes identification failed: Check args, URL is invalid
URL- https://amp.shazam.com/discovery/v5/en/GB/iphone/-/tag/EC1BCB24-9EF3-4675-979B-DB2FA91BBC77/A20199BD-AD33-4276-BA59-C226E6C6F19B?sync=true&webv3=true&sampling=true&connected=&shazamapiversion=v3&sharehub=true&hubv5minorversion=v5.1&hidelb=true&video=v3
music_recognizer: Shazam attempt 1/3 hit an error page (rate limit?); retrying in 1.0s
music_recognizer: Shazam attempt 2/3 hit an error page (rate limit?); retrying in 2.0s
music_recognizer: Recognized: bludnymph — Oral Hex (Spell on You)
music_recognizer: No match from Shazam
music_recognizer: No match from Shazam
music_recognizer: Shazam attempt 1/3 hit an error page (rate limit?); retrying in 1.0s
music_recognizer: Shazam attempt 2/3 hit an error page (rate limit?); retrying in 2.0s
music_recognizer: Audio bytes identification failed: Check args, URL is invalid
URL- https://amp.shazam.com/discovery/v5/en/GB/iphone/-/tag/A5E190E5-5D1C-4C02-BB82-B21F50286C69/BB5F8327-C964-48AB-9DEA-6DC6272513BA?sync=true&webv3=true&sampling=true&connected=&shazamapiversion=v3&sharehub=true&hubv5minorversion=v5.1&hidelb=true&video=v3
music_recognizer: No match from Shazam
music_recognizer: No match from Shazam
music_recognizer: Recognized: SCRIPT — WTF
music_recognizer: Shazam attempt 1/3 hit an error page (rate limit?); retrying in 1.0s
music_recognizer: Shazam attempt 2/3 hit an error page (rate limit?); retrying in 2.0s
music_recognizer: Audio bytes identification failed: Check args, URL is invalid
URL- https://amp.shazam.com/discovery/v5/en/GB/iphone/-/tag/4E29E4F1-1EBE-4A41-B988-5C8138CAACE3/0052AF6E-CCA6-4D5E-A2AA-E939360FD900?sync=true&webv3=true&sampling=true&connected=&shazamapiversion=v3&sharehub=true&hubv5minorversion=v5.1&hidelb=true&video=v3
music_recognizer: Shazam attempt 1/3 hit an error page (rate limit?); retrying in 1.0s
music_recognizer: Shazam attempt 2/3 hit an error page (rate limit?); retrying in 2.0s
music_recognizer: Recognized: SCRIPT — WTF
music_recognizer: Recognized: SCRIPT — WTF
music_recognizer: Recognized: SCRIPT — WTF
music_recognizer: Shazam attempt 1/3 hit an error page (rate limit?); retrying in 1.0s
music_recognizer: Shazam attempt 2/3 hit an error page (rate limit?); retrying in 2.0s
music_recognizer: No match from Shazam
music_recognizer: Recognized: SCRIPT — WTF
music_recognizer: No match from Shazam
music_recognizer: Shazam attempt 1/3 hit an error page (rate limit?); retrying in 1.0s
music_recognizer: Shazam attempt 2/3 hit an error page (rate limit?); retrying in 2.0s
music_recognizer: Shazam attempt 1/3 hit an error page (rate limit?); retrying in 1.0s
music_recognizer: Audio bytes identification failed: Check args, URL is invalid
URL- https://amp.shazam.com/discovery/v5/en/GB/iphone/-/tag/49892743-74F7-430D-B231-D1FF0DB9B894/231EF4A8-C006-4EA8-9A58-50DD765BB979?sync=true&webv3=true&sampling=true&connected=&shazamapiversion=v3&sharehub=true&hubv5minorversion=v5.1&hidelb=true&video=v3
music_recognizer: Shazam attempt 2/3 hit an error page (rate limit?); retrying in 2.0s
music_recognizer: Recognized: Dom Dolla & Puretone — Addicted to Bass (Dom Dolla Relapse)
music_recognizer: Recognized: Dom Dolla & Puretone — Addicted to Bass (Dom Dolla Relapse)
mood_orchestrator: Mood generation failed for 'dom dolla & puretone||addicted to bass (dom dolla relapse)||addicted to bass (dom dolla relapse) - single': Effect 68 is not allowed. Safe effects: 2=Breathe, 8=Colorloop, 9=Rainbow, 12=Fade, 28=Chase, 30=Chase Rainbow, 33=Rainbow Runner, 37=Chase 2, 52=Running Dual, 54=Chase 3, 62=Oscillate, 63=Pride 2015, 64=Juggle, 67=Colorwaves, 74=Lake, 76=Meteor Smooth, 90=Sinelon, 92=Sinelon Rainbow, 98=Pacifica, 105=Sine, 108=Flow, 115=Drift Rose, 120=Waving Cell, 122=Pixelwave, 130=Waterfall, 162=Drift, 163=Waverly, 172=Swirl, 179=Flow Stripe, 183=Wavesins.; using ambient.
music_recognizer: Recognized: Dom Dolla & Puretone — Addicted to Bass (Dom Dolla Relapse)
music_recognizer: Shazam attempt 1/3 hit an error page (rate limit?); retrying in 1.0s
music_recognizer: Recognized: Dom Dolla & Puretone — Addicted to Bass (Dom Dolla Relapse)
music_recognizer: Recognized: Dom Dolla & Puretone — Addicted to Bass (Dom Dolla Relapse)
music_recognizer: Recognized: Dom Dolla & Puretone — Addicted to Bass (Dom Dolla Relapse)
music_recognizer: Shazam attempt 1/3 hit an error page (rate limit?); retrying in 1.0s
music_recognizer: Shazam attempt 2/3 hit an error page (rate limit?); retrying in 2.0s
music_recognizer: Audio bytes identification failed: Check args, URL is invalid
URL- https://amp.shazam.com/discovery/v5/en/GB/iphone/-/tag/7DE0359D-2149-49E4-B0AA-0B316861085B/C64BB713-F8DD-4100-AEE7-9205A8BE4966?sync=true&webv3=true&sampling=true&connected=&shazamapiversion=v3&sharehub=true&hubv5minorversion=v5.1&hidelb=true&video=v3
music_recognizer: Shazam attempt 1/3 hit an error page (rate limit?); retrying in 1.0s
music_recognizer: Shazam attempt 2/3 hit an error page (rate limit?); retrying in 2.0s
music_recognizer: Recognized: Dom Dolla & Puretone — Addicted to Bass (Dom Dolla Relapse)
music_recognizer: Recognized: Dom Dolla & Puretone — Addicted to Bass (Dom Dolla Relapse)
music_recognizer: No match from Shazam
music_recognizer: Shazam attempt 1/3 hit an error page (rate limit?); retrying in 1.0s
music_recognizer: Shazam attempt 2/3 hit an error page (rate limit?); retrying in 2.0s
music_recognizer: No match from Shazam
music_recognizer: No match from Shazam
music_recognizer: No match from Shazam
music_recognizer: Shazam attempt 1/3 hit an error page (rate limit?); retrying in 1.0s
music_recognizer: Shazam attempt 2/3 hit an error page (rate limit?); retrying in 2.0s
music_recognizer: Shazam attempt 1/3 hit an error page (rate limit?); retrying in 1.0s
music_recognizer: Audio bytes identification failed: Check args, URL is invalid
URL- https://amp.shazam.com/discovery/v5/en/GB/iphone/-/tag/7096A544-E5FD-4FCD-B06E-7763BBABA78F/ED7888C2-45C1-4725-8A8B-F2A0365FAF67?sync=true&webv3=true&sampling=true&connected=&shazamapiversion=v3&sharehub=true&hubv5minorversion=v5.1&hidelb=true&video=v3
music_recognizer: Shazam attempt 2/3 hit an error page (rate limit?); retrying in 2.0s
music_recognizer: Recognized: bbno$ — it boy
music_recognizer: No match from Shazam
music_recognizer: No match from Shazam
music_recognizer: Shazam attempt 1/3 hit an error page (rate limit?); retrying in 1.0s
music_recognizer: Shazam attempt 2/3 hit an error page (rate limit?); retrying in 2.0s
music_recognizer: Audio bytes identification failed: Check args, URL is invalid
URL- https://amp.shazam.com/discovery/v5/en/GB/iphone/-/tag/3EF97E1A-160B-4232-812F-17311264377E/9894DABB-C86E-4218-A2E2-225CCDD79D80?sync=true&webv3=true&sampling=true&connected=&shazamapiversion=v3&sharehub=true&hubv5minorversion=v5.1&hidelb=true&video=v3
music_recognizer: No match from Shazam
music_recognizer: No match from Shazam
music_recognizer: Recognized: bbno$ — two
music_recognizer: Shazam attempt 1/3 hit an error page (rate limit?); retrying in 1.0s
music_recognizer: Shazam attempt 2/3 hit an error page (rate limit?); retrying in 2.0s
music_recognizer: Audio bytes identification failed: Check args, URL is invalid
URL- https://amp.shazam.com/discovery/v5/en/GB/iphone/-/tag/D3DD84FE-37F0-4F4E-B150-FB21138B29E7/965A2507-D8A8-4447-9AF3-8CB342AE1839?sync=true&webv3=true&sampling=true&connected=&shazamapiversion=v3&sharehub=true&hubv5minorversion=v5.1&hidelb=true&video=v3
music_recognizer: Shazam attempt 1/3 hit an error page (rate limit?); retrying in 1.0s
music_recognizer: Recognized: bbno$ — two
music_recognizer: Recognized: bbno$ — two
music_recognizer: No match from Shazam
music_recognizer: Shazam attempt 1/3 hit an error page (rate limit?); retrying in 1.0s
music_recognizer: Shazam attempt 2/3 hit an error page (rate limit?); retrying in 2.0s
music_recognizer: Shazam attempt 1/3 hit an error page (rate limit?); retrying in 1.0s
music_recognizer: Audio bytes identification failed: Check args, URL is invalid
URL- https://amp.shazam.com/discovery/v5/en/GB/iphone/-/tag/A2E58CF2-32F0-4A04-8065-6DCE16CED199/3E9DE1D5-3E1F-4B5E-B466-163F4FCC1E19?sync=true&webv3=true&sampling=true&connected=&shazamapiversion=v3&sharehub=true&hubv5minorversion=v5.1&hidelb=true&video=v3
music_recognizer: Recognized: bbno$ — two
music_recognizer: Recognized: bbno$ — two
music_recognizer: Recognized: bbno$ — two
music_recognizer: Shazam attempt 1/3 hit an error page (rate limit?); retrying in 1.0s
music_recognizer: Shazam attempt 2/3 hit an error page (rate limit?); retrying in 2.0s
music_recognizer: Audio bytes identification failed: Check args, URL is invalid
URL- https://amp.shazam.com/discovery/v5/en/GB/iphone/-/tag/4AB81961-3BA6-4E34-BD06-0B8ADE1837D0/56C07D17-D5C7-4A86-B19C-6187268F772C?sync=true&webv3=true&sampling=true&connected=&shazamapiversion=v3&sharehub=true&hubv5minorversion=v5.1&hidelb=true&video=v3
music_recognizer: Shazam attempt 1/3 hit an error page (rate limit?); retrying in 1.0s
music_recognizer: Shazam attempt 2/3 hit an error page (rate limit?); retrying in 2.0s
music_recognizer: Recognized: bbno$ — mary poppins
music_recognizer: Recognized: bbno$ — mary poppins
music_recognizer: No match from Shazam
music_recognizer: Shazam attempt 1/3 hit an error page (rate limit?); retrying in 1.0s
music_recognizer: Shazam attempt 2/3 hit an error page (rate limit?); retrying in 2.0s
music_recognizer: Recognized: bbno$ — mary poppins
music_recognizer: No match from Shazam
music_recognizer: Recognized: bbno$ — mary poppins
music_recognizer: Shazam attempt 1/3 hit an error page (rate limit?); retrying in 1.0s
music_recognizer: Shazam attempt 2/3 hit an error page (rate limit?); retrying in 2.0s
music_recognizer: Audio bytes identification failed: Check args, URL is invalid
URL- https://amp.shazam.com/discovery/v5/en/GB/iphone/-/tag/752032AE-8CFF-480C-9A30-C77B1DC9E93D/8A277B31-65C9-4E7F-8004-01E81384C07C?sync=true&webv3=true&sampling=true&connected=&shazamapiversion=v3&sharehub=true&hubv5minorversion=v5.1&hidelb=true&video=v3
music_recognizer: No match from Shazam
music_recognizer: No match from Shazam
music_recognizer: No match from Shazam
music_recognizer: Shazam attempt 1/3 hit an error page (rate limit?); retrying in 1.0s
music_recognizer: Shazam attempt 2/3 hit an error page (rate limit?); retrying in 2.0s
music_recognizer: Audio bytes identification failed: Check args, URL is invalid
URL- https://amp.shazam.com/discovery/v5/en/GB/iphone/-/tag/F70C3944-B4C9-4666-B0D2-BB7BA820B3B5/FDD67589-A218-4540-B730-5A5C9D25060F?sync=true&webv3=true&sampling=true&connected=&shazamapiversion=v3&sharehub=true&hubv5minorversion=v5.1&hidelb=true&video=v3
music_recognizer: Shazam attempt 1/3 hit an error page (rate limit?); retrying in 1.0s
music_recognizer: No match from Shazam
music_recognizer: Recognized: bbno$ & Diplo — pogo
mood_orchestrator: Mood generation failed for 'bbno$ & diplo||pogo||pogo - single': Effect 56 is not allowed. Safe effects: 2=Breathe, 8=Colorloop, 9=Rainbow, 12=Fade, 28=Chase, 30=Chase Rainbow, 33=Rainbow Runner, 37=Chase 2, 52=Running Dual, 54=Chase 3, 62=Oscillate, 63=Pride 2015, 64=Juggle, 67=Colorwaves, 74=Lake, 76=Meteor Smooth, 90=Sinelon, 92=Sinelon Rainbow, 98=Pacifica, 105=Sine, 108=Flow, 115=Drift Rose, 120=Waving Cell, 122=Pixelwave, 130=Waterfall, 162=Drift, 163=Waverly, 172=Swirl, 179=Flow Stripe, 183=Wavesins.; using ambient.
music_recognizer: No match from Shazam
music_recognizer: Shazam attempt 1/3 hit an error page (rate limit?); retrying in 1.0s
music_recognizer: Shazam attempt 2/3 hit an error page (rate limit?); retrying in 2.0s
music_recognizer: Audio bytes identification failed: Check args, URL is invalid
URL- https://amp.shazam.com/discovery/v5/en/GB/iphone/-/tag/464C6E75-FC2A-4B86-82F1-9E5DE835E58F/7A11691A-17FB-4EF2-B020-86849B3EED06?sync=true&webv3=true&sampling=true&connected=&shazamapiversion=v3&sharehub=true&hubv5minorversion=v5.1&hidelb=true&video=v3
music_recognizer: Shazam attempt 1/3 hit an error page (rate limit?); retrying in 1.0s
music_recognizer: Recognized: bbno$ & Diplo — pogo
music_recognizer: Recognized: bbno$ & Diplo — pogo
music_recognizer: No match from Shazam
music_recognizer: Shazam attempt 1/3 hit an error page (rate limit?); retrying in 1.0s
music_recognizer: Shazam attempt 2/3 hit an error page (rate limit?); retrying in 2.0s
music_recognizer: Audio bytes identification failed: Check args, URL is invalid
URL- https://amp.shazam.com/discovery/v5/en/GB/iphone/-/tag/9F066AB0-54A3-4D80-9EC1-FB7A464D1D8A/9E4E7CCF-6B41-458B-A0D9-791E429C6F77?sync=true&webv3=true&sampling=true&connected=&shazamapiversion=v3&sharehub=true&hubv5minorversion=v5.1&hidelb=true&video=v3
music_recognizer: Recognized: bbno$ & Diplo — pogo
music_recognizer: No match from Shazam
music_recognizer: No match from Shazam
music_recognizer: Shazam attempt 1/3 hit an error page (rate limit?); retrying in 1.0s
music_recognizer: Shazam attempt 2/3 hit an error page (rate limit?); retrying in 2.0s
music_recognizer: Audio bytes identification failed: Check args, URL is invalid
URL- https://amp.shazam.com/discovery/v5/en/GB/iphone/-/tag/326B4C12-6FC8-4ADB-952D-801D2A25D764/6AF38D87-D721-401C-9460-249C0425AFF0?sync=true&webv3=true&sampling=true&connected=&shazamapiversion=v3&sharehub=true&hubv5minorversion=v5.1&hidelb=true&video=v3
music_recognizer: Shazam attempt 1/3 hit an error page (rate limit?); retrying in 1.0s
music_recognizer: Recognized: bradeazy — Up Down (feat. TyriqueOrDie)
music_recognizer: Recognized: bradeazy — Up Down (feat. TyriqueOrDie)
music_recognizer: Recognized: bradeazy — Up Down (feat. TyriqueOrDie)
music_recognizer: Shazam attempt 1/3 hit an error page (rate limit?); retrying in 1.0s
music_recognizer: Shazam attempt 2/3 hit an error page (rate limit?); retrying in 2.0s
music_recognizer: Recognized: bradeazy — Up Down (feat. TyriqueOrDie)
music_recognizer: Recognized: bradeazy — Up Down (feat. TyriqueOrDie)
music_recognizer: Recognized: bradeazy — Up Down (feat. TyriqueOrDie)
music_recognizer: Shazam attempt 1/3 hit an error page (rate limit?); retrying in 1.0s
music_recognizer: Shazam attempt 2/3 hit an error page (rate limit?); retrying in 2.0s
music_recognizer: Audio bytes identification failed: Check args, URL is invalid
URL- https://amp.shazam.com/discovery/v5/en/GB/iphone/-/tag/093663DB-65BE-431E-8BAC-0A625E81CA1D/7A897580-7152-4DEA-98DA-FB7837F5441F?sync=true&webv3=true&sampling=true&connected=&shazamapiversion=v3&sharehub=true&hubv5minorversion=v5.1&hidelb=true&video=v3
music_recognizer: Shazam attempt 1/3 hit an error page (rate limit?); retrying in 1.0s
music_recognizer: Shazam attempt 2/3 hit an error page (rate limit?); retrying in 2.0s
music_recognizer: Recognized: bradeazy — Up Down (feat. TyriqueOrDie)
music_recognizer: No match from Shazam
music_recognizer: No match from Shazam
music_recognizer: Shazam attempt 1/3 hit an error page (rate limit?); retrying in 1.0s
music_recognizer: Shazam attempt 2/3 hit an error page (rate limit?); retrying in 2.0s
music_recognizer: Recognized: Gorillaz — Feel Good Inc
music_recognizer: Recognized: Gorillaz — Feel Good Inc
music_recognizer: Recognized: Gorillaz — Feel Good Inc
music_recognizer: Shazam attempt 1/3 hit an error page (rate limit?); retrying in 1.0s
music_recognizer: Shazam attempt 2/3 hit an error page (rate limit?); retrying in 2.0s
music_recognizer: Audio bytes identification failed: Check args, URL is invalid
URL- https://amp.shazam.com/discovery/v5/en/GB/iphone/-/tag/CB11B60E-21D3-4309-9A00-3263745C6F09/8856B9B4-CD5A-4335-A27E-BD8CA005C0D9?sync=true&webv3=true&sampling=true&connected=&shazamapiversion=v3&sharehub=true&hubv5minorversion=v5.1&hidelb=true&video=v3
music_recognizer: Shazam attempt 1/3 hit an error page (rate limit?); retrying in 1.0s
music_recognizer: Shazam attempt 2/3 hit an error page (rate limit?); retrying in 2.0s
music_recognizer: Recognized: Gorillaz — Feel Good Inc
music_recognizer: Recognized: Gorillaz — Feel Good Inc
music_recognizer: Recognized: Gorillaz — Feel Good Inc
music_recognizer: Shazam attempt 1/3 hit an error page (rate limit?); retrying in 1.0s
music_recognizer: Shazam attempt 2/3 hit an error page (rate limit?); retrying in 2.0s
music_recognizer: No match from Shazam
music_recognizer: No match from Shazam
music_recognizer: Recognized: Gorillaz — Feel Good Inc
music_recognizer: Shazam attempt 1/3 hit an error page (rate limit?); retrying in 1.0s
music_recognizer: Shazam attempt 2/3 hit an error page (rate limit?); retrying in 2.0s
music_recognizer: Shazam attempt 1/3 hit an error page (rate limit?); retrying in 1.0s
music_recognizer: Audio bytes identification failed: Check args, URL is invalid
URL- https://amp.shazam.com/discovery/v5/en/GB/iphone/-/tag/2CFC9110-C51B-4230-B28D-1900FE771FF2/492899F2-9E4B-40EB-8C98-3A62880F9205?sync=true&webv3=true&sampling=true&connected=&shazamapiversion=v3&sharehub=true&hubv5minorversion=v5.1&hidelb=true&video=v3
music_recognizer: Shazam attempt 2/3 hit an error page (rate limit?); retrying in 2.0s
music_recognizer: Recognized: Gorillaz — Feel Good Inc
music_recognizer: Recognized: Gorillaz — Feel Good Inc
music_recognizer: No match from Shazam
music_recognizer: Shazam attempt 1/3 hit an error page (rate limit?); retrying in 1.0s
music_recognizer: Shazam attempt 2/3 hit an error page (rate limit?); retrying in 2.0s
music_recognizer: Recognized: Yung Bae, bbno$ & Billy Marchiafava — Bad Boy
music_recognizer: Recognized: Yung Bae, bbno$ & Billy Marchiafava — Bad Boy
music_recognizer: Recognized: Yung Bae, bbno$ & Billy Marchiafava — Bad Boy
music_recognizer: Shazam attempt 1/3 hit an error page (rate limit?); retrying in 1.0s
music_recognizer: Shazam attempt 2/3 hit an error page (rate limit?); retrying in 2.0s
music_recognizer: Audio bytes identification failed: Check args, URL is invalid
URL- https://amp.shazam.com/discovery/v5/en/GB/iphone/-/tag/87F843D6-4782-49C7-804E-AA1D937186B9/6F35CC17-4179-4BF1-876A-B19DB9E5185C?sync=true&webv3=true&sampling=true&connected=&shazamapiversion=v3&sharehub=true&hubv5minorversion=v5.1&hidelb=true&video=v3
music_recognizer: Shazam attempt 1/3 hit an error page (rate limit?); retrying in 1.0s
music_recognizer: Recognized: Yung Bae, bbno$ & Billy Marchiafava — Bad Boy
music_recognizer: Recognized: Yung Bae, bbno$ & Billy Marchiafava — Bad Boy
music_recognizer: Recognized: Yung Bae, bbno$ & Billy Marchiafava — Bad Boy
music_recognizer: Shazam attempt 1/3 hit an error page (rate limit?); retrying in 1.0s
music_recognizer: Shazam attempt 2/3 hit an error page (rate limit?); retrying in 2.0s
music_recognizer: Audio bytes identification failed: Check args, URL is invalid
URL- https://amp.shazam.com/discovery/v5/en/GB/iphone/-/tag/B45D7E48-FA38-44CC-AB3D-8516A71BB7CE/1B973D10-C371-44B5-A6B4-6404ECE8FC87?sync=true&webv3=true&sampling=true&connected=&shazamapiversion=v3&sharehub=true&hubv5minorversion=v5.1&hidelb=true&video=v3
music_recognizer: Recognized: Yung Bae, bbno$ & Billy Marchiafava — Bad Boy
music_recognizer: Recognized: Yung Bae, bbno$ & Billy Marchiafava — Bad Boy
music_recognizer: Recognized: Y2K & bbno$ — Lalala
music_recognizer: Shazam attempt 1/3 hit an error page (rate limit?); retrying in 1.0s
music_recognizer: Shazam attempt 2/3 hit an error page (rate limit?); retrying in 2.0s
music_recognizer: Audio bytes identification failed: Check args, URL is invalid
URL- https://amp.shazam.com/discovery/v5/en/GB/iphone/-/tag/337D97FD-6C81-4511-B48B-89268AD4C991/972A49C2-5C7D-4962-949F-90ABDF5A9669?sync=true&webv3=true&sampling=true&connected=&shazamapiversion=v3&sharehub=true&hubv5minorversion=v5.1&hidelb=true&video=v3
music_recognizer: Shazam attempt 1/3 hit an error page (rate limit?); retrying in 1.0s
music_recognizer: Shazam attempt 2/3 hit an error page (rate limit?); retrying in 2.0s
music_recognizer: Recognized: Y2K & bbno$ — Lalala
music_recognizer: Recognized: Y2K & bbno$ — Lalala
music_recognizer: Recognized: Y2K & bbno$ — Lalala
music_recognizer: Shazam attempt 1/3 hit an error page (rate limit?); retrying in 1.0s
music_recognizer: Shazam attempt 2/3 hit an error page (rate limit?); retrying in 2.0s
music_recognizer: Audio bytes identification failed: Check args, URL is invalid
URL- https://amp.shazam.com/discovery/v5/en/GB/iphone/-/tag/8159BB85-614F-4E91-8ACE-1987AE91E906/59175E6F-42AC-4756-AB77-B10044BE16E3?sync=true&webv3=true&sampling=true&connected=&shazamapiversion=v3&sharehub=true&hubv5minorversion=v5.1&hidelb=true&video=v3
music_recognizer: No match from Shazam
music_recognizer: Recognized: Y2K & bbno$ — Lalala
music_recognizer: Recognized: Y2K & bbno$ — Lalala
music_recognizer: Shazam attempt 1/3 hit an error page (rate limit?); retrying in 1.0s
music_recognizer: Shazam attempt 2/3 hit an error page (rate limit?); retrying in 2.0s
music_recognizer: Audio bytes identification failed: Check args, URL is invalid
URL- https://amp.shazam.com/discovery/v5/en/GB/iphone/-/tag/3E0DD677-A77F-417C-9CD1-90DD9B7A39BE/A66A36E3-28C7-446B-A121-F7DA4999C50D?sync=true&webv3=true&sampling=true&connected=&shazamapiversion=v3&sharehub=true&hubv5minorversion=v5.1&hidelb=true&video=v3
music_recognizer: Shazam attempt 1/3 hit an error page (rate limit?); retrying in 1.0s
music_recognizer: Recognized: Shotgun Willy — Good Morning Vietnam
music_recognizer: Recognized: Y2K & bbno$ — Lalala
music_recognizer: Recognized: Shotgun Willy — Good Morning Vietnam
music_recognizer: Shazam attempt 1/3 hit an error page (rate limit?); retrying in 1.0s
mood_orchestrator: Mood generation failed for 'shotgun willy||good morning vietnam||bombs away': Effect 56 is not allowed. Safe effects: 2=Breathe, 8=Colorloop, 9=Rainbow, 12=Fade, 28=Chase, 30=Chase Rainbow, 33=Rainbow Runner, 37=Chase 2, 52=Running Dual, 54=Chase 3, 62=Oscillate, 63=Pride 2015, 64=Juggle, 67=Colorwaves, 74=Lake, 76=Meteor Smooth, 90=Sinelon, 92=Sinelon Rainbow, 98=Pacifica, 105=Sine, 108=Flow, 115=Drift Rose, 120=Waving Cell, 122=Pixelwave, 130=Waterfall, 162=Drift, 163=Waverly, 172=Swirl, 179=Flow Stripe, 183=Wavesins.; using ambient.
music_recognizer: Shazam attempt 2/3 hit an error page (rate limit?); retrying in 2.0s
music_recognizer: Shazam attempt 1/3 hit an error page (rate limit?); retrying in 1.0s
music_recognizer: Audio bytes identification failed: Check args, URL is invalid
URL- https://amp.shazam.com/discovery/v5/en/GB/iphone/-/tag/ED4140BE-913D-4251-B1AA-1D144579A5FA/3AF7B960-C77A-402F-99FF-22C717D369E7?sync=true&webv3=true&sampling=true&connected=&shazamapiversion=v3&sharehub=true&hubv5minorversion=v5.1&hidelb=true&video=v3
music_recognizer: Recognized: Shotgun Willy — Good Morning Vietnam
music_recognizer: Recognized: Shotgun Willy — Good Morning Vietnam
music_recognizer: No match from Shazam
music_recognizer: Shazam attempt 1/3 hit an error page (rate limit?); retrying in 1.0s
music_recognizer: Shazam attempt 2/3 hit an error page (rate limit?); retrying in 2.0s
music_recognizer: Audio bytes identification failed: Check args, URL is invalid
URL- https://amp.shazam.com/discovery/v5/en/GB/iphone/-/tag/0B633472-DB5E-436A-845B-59E66EC1A864/FF2E9C1A-B9EF-4DA5-984A-F227144754FE?sync=true&webv3=true&sampling=true&connected=&shazamapiversion=v3&sharehub=true&hubv5minorversion=v5.1&hidelb=true&video=v3
music_recognizer: Shazam attempt 1/3 hit an error page (rate limit?); retrying in 1.0s
music_recognizer: Recognized: Shotgun Willy — Good Morning Vietnam
music_recognizer: Recognized: Shotgun Willy — Good Morning Vietnam
music_recognizer: Recognized: James Brown — I Got You (I Feel Good)
music_recognizer: Shazam attempt 1/3 hit an error page (rate limit?); retrying in 1.0s
mood_orchestrator: Mood generation failed for 'james brown||i got you (i feel good)||get on up: the james brown story (original motion picture soundtrack)': Effect 68 is not allowed. Safe effects: 2=Breathe, 8=Colorloop, 9=Rainbow, 12=Fade, 28=Chase, 30=Chase Rainbow, 33=Rainbow Runner, 37=Chase 2, 52=Running Dual, 54=Chase 3, 62=Oscillate, 63=Pride 2015, 64=Juggle, 67=Colorwaves, 74=Lake, 76=Meteor Smooth, 90=Sinelon, 92=Sinelon Rainbow, 98=Pacifica, 105=Sine, 108=Flow, 115=Drift Rose, 120=Waving Cell, 122=Pixelwave, 130=Waterfall, 162=Drift, 163=Waverly, 172=Swirl, 179=Flow Stripe, 183=Wavesins.; using ambient.
music_recognizer: Shazam attempt 2/3 hit an error page (rate limit?); retrying in 2.0s
music_recognizer: Audio bytes identification failed: Check args, URL is invalid
URL- https://amp.shazam.com/discovery/v5/en/GB/iphone/-/tag/5A7F6344-370F-45FD-ADC4-5333F18F9FC8/2AF9764C-7BFC-4F2E-A30F-A30D47CA1033?sync=true&webv3=true&sampling=true&connected=&shazamapiversion=v3&sharehub=true&hubv5minorversion=v5.1&hidelb=true&video=v3
music_recognizer: Shazam attempt 1/3 hit an error page (rate limit?); retrying in 1.0s
music_recognizer: Shazam attempt 2/3 hit an error page (rate limit?); retrying in 2.0s
music_recognizer: Recognized: Yung Gravy — SUPA GOOD!!! (from Dog Man)
music_recognizer: No match from Shazam
music_recognizer: Recognized: Yung Gravy — SUPA GOOD!!! (from Dog Man)
mood_orchestrator: Mood generation failed for 'yung gravy||supa good!!! (from dog man)||supa good!!! (from dog man) - single': Effect 56 is not allowed. Safe effects: 2=Breathe, 8=Colorloop, 9=Rainbow, 12=Fade, 28=Chase, 30=Chase Rainbow, 33=Rainbow Runner, 37=Chase 2, 52=Running Dual, 54=Chase 3, 62=Oscillate, 63=Pride 2015, 64=Juggle, 67=Colorwaves, 74=Lake, 76=Meteor Smooth, 90=Sinelon, 92=Sinelon Rainbow, 98=Pacifica, 105=Sine, 108=Flow, 115=Drift Rose, 120=Waving Cell, 122=Pixelwave, 130=Waterfall, 162=Drift, 163=Waverly, 172=Swirl, 179=Flow Stripe, 183=Wavesins.; using ambient.
music_recognizer: Shazam attempt 1/3 hit an error page (rate limit?); retrying in 1.0s
music_recognizer: Shazam attempt 2/3 hit an error page (rate limit?); retrying in 2.0s
music_recognizer: Audio bytes identification failed: Check args, URL is invalid
URL- https://amp.shazam.com/discovery/v5/en/GB/iphone/-/tag/A0FAE3E5-0E22-4DD2-B73B-60CB2723B9F2/CBCE33A6-0F82-45A7-AA36-7A0BB30345DC?sync=true&webv3=true&sampling=true&connected=&shazamapiversion=v3&sharehub=true&hubv5minorversion=v5.1&hidelb=true&video=v3
music_recognizer: No match from Shazam
music_recognizer: No match from Shazam
music_recognizer: No match from Shazam
music_recognizer: Shazam attempt 1/3 hit an error page (rate limit?); retrying in 1.0s
music_recognizer: Shazam attempt 2/3 hit an error page (rate limit?); retrying in 2.0s
music_recognizer: Audio bytes identification failed: Check args, URL is invalid
URL- https://amp.shazam.com/discovery/v5/en/GB/iphone/-/tag/AF031EB4-4254-4AEC-BADD-6CC054231073/F71D43EC-DF29-40C6-BB73-EF00270326EC?sync=true&webv3=true&sampling=true&connected=&shazamapiversion=v3&sharehub=true&hubv5minorversion=v5.1&hidelb=true&video=v3
music_recognizer: Shazam attempt 1/3 hit an error page (rate limit?); retrying in 1.0s
music_recognizer: Recognized: bbno$ — antidepressants
music_recognizer: No match from Shazam
music_recognizer: Recognized: bbno$ — antidepressants
music_recognizer: Shazam attempt 1/3 hit an error page (rate limit?); retrying in 1.0s
music_recognizer: Shazam attempt 2/3 hit an error page (rate limit?); retrying in 2.0s
music_recognizer: Audio bytes identification failed: Check args, URL is invalid
URL- https://amp.shazam.com/discovery/v5/en/GB/iphone/-/tag/C4739F7F-1C56-4FF1-AA9F-238584A56804/80E763CE-6CEE-4102-9272-584DCC762E5E?sync=true&webv3=true&sampling=true&connected=&shazamapiversion=v3&sharehub=true&hubv5minorversion=v5.1&hidelb=true&video=v3
music_recognizer: Shazam attempt 1/3 hit an error page (rate limit?); retrying in 1.0s
music_recognizer: Recognized: bbno$ — antidepressants
music_recognizer: Recognized: bbno$ — antidepressants
music_recognizer: No match from Shazam
music_recognizer: Shazam attempt 1/3 hit an error page (rate limit?); retrying in 1.0s
music_recognizer: Shazam attempt 2/3 hit an error page (rate limit?); retrying in 2.0s
music_recognizer: Audio bytes identification failed: Check args, URL is invalid
URL- https://amp.shazam.com/discovery/v5/en/GB/iphone/-/tag/A3E19643-1B52-4C1E-84A2-EF2F53F22EC8/8916474D-DA90-444D-9024-E6ABE4192B95?sync=true&webv3=true&sampling=true&connected=&shazamapiversion=v3&sharehub=true&hubv5minorversion=v5.1&hidelb=true&video=v3
music_recognizer: Shazam attempt 1/3 hit an error page (rate limit?); retrying in 1.0s
music_recognizer: Recognized: bbno$ — hot topic
music_recognizer: No match from Shazam
music_recognizer: No match from Shazam
music_recognizer: Shazam attempt 1/3 hit an error page (rate limit?); retrying in 1.0s
music_recognizer: Shazam attempt 2/3 hit an error page (rate limit?); retrying in 2.0s
music_recognizer: Audio bytes identification failed: Check args, URL is invalid
URL- https://amp.shazam.com/discovery/v5/en/GB/iphone/-/tag/219BF739-C292-4BC5-999E-84645FA08404/A2166678-E60B-4FF3-948F-E9C9BC7784AA?sync=true&webv3=true&sampling=true&connected=&shazamapiversion=v3&sharehub=true&hubv5minorversion=v5.1&hidelb=true&video=v3
music_recognizer: Shazam attempt 1/3 hit an error page (rate limit?); retrying in 1.0s
music_recognizer: Shazam attempt 2/3 hit an error page (rate limit?); retrying in 2.0s
music_recognizer: Recognized: bbno$ — hot topic
music_recognizer: No match from Shazam
music_recognizer: Recognized: bbno$ — hot topic
music_recognizer: Shazam attempt 1/3 hit an error page (rate limit?); retrying in 1.0s
music_recognizer: Shazam attempt 2/3 hit an error page (rate limit?); retrying in 2.0s
music_recognizer: Audio bytes identification failed: Check args, URL is invalid
URL- https://amp.shazam.com/discovery/v5/en/GB/iphone/-/tag/04A345C7-E003-45CE-AA41-E84BE32B27BD/B92E6A68-ADCD-4188-AD8F-22DA2FE7B290?sync=true&webv3=true&sampling=true&connected=&shazamapiversion=v3&sharehub=true&hubv5minorversion=v5.1&hidelb=true&video=v3
music_recognizer: Recognized: bbno$ — like this like that
music_recognizer: Recognized: bbno$ — like this like that
music_recognizer: Recognized: bbno$ — like this like that
music_recognizer: Shazam attempt 1/3 hit an error page (rate limit?); retrying in 1.0s
music_recognizer: Shazam attempt 2/3 hit an error page (rate limit?); retrying in 2.0s
music_recognizer: Audio bytes identification failed: Check args, URL is invalid
URL- https://amp.shazam.com/discovery/v5/en/GB/iphone/-/tag/6B13B5AD-84EA-4640-A4C1-08728A87DD59/A9A7C3AD-E01F-46B6-830C-70B7AE622202?sync=true&webv3=true&sampling=true&connected=&shazamapiversion=v3&sharehub=true&hubv5minorversion=v5.1&hidelb=true&video=v3
music_recognizer: Shazam attempt 1/3 hit an error page (rate limit?); retrying in 1.0s
music_recognizer: Recognized: bbno$ — like this like that
music_recognizer: Recognized: bbno$ — like this like that
music_recognizer: Recognized: bbno$ — like this like that
music_recognizer: Shazam attempt 1/3 hit an error page (rate limit?); retrying in 1.0s
music_recognizer: Shazam attempt 2/3 hit an error page (rate limit?); retrying in 2.0s
music_recognizer: Audio bytes identification failed: Check args, URL is invalid
URL- https://amp.shazam.com/discovery/v5/en/GB/iphone/-/tag/F77BDF6F-34C0-4797-913A-63E2B41DD10D/1ED75B14-F785-4FA2-8633-84C42C9E3F2B?sync=true&webv3=true&sampling=true&connected=&shazamapiversion=v3&sharehub=true&hubv5minorversion=v5.1&hidelb=true&video=v3
music_recognizer: Recognized: bbno$ — like this like that
music_recognizer: Recognized: bbno$ — like this like that
music_recognizer: No match from Shazam
music_recognizer: Shazam attempt 1/3 hit an error page (rate limit?); retrying in 1.0s
music_recognizer: Shazam attempt 2/3 hit an error page (rate limit?); retrying in 2.0s
music_recognizer: Audio bytes identification failed: Check args, URL is invalid
URL- https://amp.shazam.com/discovery/v5/en/GB/iphone/-/tag/9D69D52D-11FB-4082-9E9F-F2E385DF89B0/EEE451D2-4F4C-4058-8CDC-7792FF1DCEE1?sync=true&webv3=true&sampling=true&connected=&shazamapiversion=v3&sharehub=true&hubv5minorversion=v5.1&hidelb=true&video=v3
music_recognizer: Shazam attempt 1/3 hit an error page (rate limit?); retrying in 1.0s
music_recognizer: Recognized: bbno$ — yezzir
music_recognizer: Recognized: bbno$ — yezzir
music_recognizer: Recognized: bbno$ — yezzir
music_recognizer: Shazam attempt 1/3 hit an error page (rate limit?); retrying in 1.0s
music_recognizer: Recognized: bbno$ — yezzir
music_recognizer: No match from Shazam
music_recognizer: No match from Shazam
music_recognizer: Shazam attempt 1/3 hit an error page (rate limit?); retrying in 1.0s
music_recognizer: Shazam attempt 2/3 hit an error page (rate limit?); retrying in 2.0s
music_recognizer: Audio bytes identification failed: Check args, URL is invalid
URL- https://amp.shazam.com/discovery/v5/en/GB/iphone/-/tag/4502A3C3-C5F3-41B6-8EA4-4EF3357E6C5B/70E682A4-9780-4029-B705-F65881E630F0?sync=true&webv3=true&sampling=true&connected=&shazamapiversion=v3&sharehub=true&hubv5minorversion=v5.1&hidelb=true&video=v3
music_recognizer: Shazam attempt 1/3 hit an error page (rate limit?); retrying in 1.0s
music_recognizer: Shazam attempt 2/3 hit an error page (rate limit?); retrying in 2.0s
music_recognizer: No match from Shazam
music_recognizer: Recognized: deadmau5 & Lights — When The Summer Dies
music_recognizer: No match from Shazam
music_recognizer: Shazam attempt 1/3 hit an error page (rate limit?); retrying in 1.0s
music_recognizer: Shazam attempt 2/3 hit an error page (rate limit?); retrying in 2.0s
music_recognizer: Shazam attempt 1/3 hit an error page (rate limit?); retrying in 1.0s
music_recognizer: Audio bytes identification failed: Check args, URL is invalid
URL- https://amp.shazam.com/discovery/v5/en/GB/iphone/-/tag/59F7B8CB-AD87-47A2-999F-82BBE5787184/1C0F7618-C5FF-4DA8-B839-F7F8D913E456?sync=true&webv3=true&sampling=true&connected=&shazamapiversion=v3&sharehub=true&hubv5minorversion=v5.1&hidelb=true&video=v3
music_recognizer: Recognized: deadmau5 & Lights — When The Summer Dies
music_recognizer: Recognized: deadmau5 & Lights — When The Summer Dies
music_recognizer: No match from Shazam
music_recognizer: Shazam attempt 1/3 hit an error page (rate limit?); retrying in 1.0s
music_recognizer: Shazam attempt 2/3 hit an error page (rate limit?); retrying in 2.0s
music_recognizer: Audio bytes identification failed: Check args, URL is invalid
URL- https://amp.shazam.com/discovery/v5/en/GB/iphone/-/tag/5DC26337-1C8C-41C3-9DB2-A8F68792D71B/2C5167F3-8128-481E-AB9A-02C5C25209CE?sync=true&webv3=true&sampling=true&connected=&shazamapiversion=v3&sharehub=true&hubv5minorversion=v5.1&hidelb=true&video=v3
music_recognizer: Shazam attempt 1/3 hit an error page (rate limit?); retrying in 1.0s
music_recognizer: Shazam attempt 2/3 hit an error page (rate limit?); retrying in 2.0s
music_recognizer: Recognized: deadmau5 & Lights — When The Summer Dies
music_recognizer: No match from Shazam
music_recognizer: Recognized: deadmau5 & Lights — When The Summer Dies
music_recognizer: Shazam attempt 1/3 hit an error page (rate limit?); retrying in 1.0s
music_recognizer: Shazam attempt 2/3 hit an error page (rate limit?); retrying in 2.0s
music_recognizer: No match from Shazam
music_recognizer: Recognized: deadmau5 & Lights — When The Summer Dies
music_recognizer: Recognized: deadmau5 & Lights — When The Summer Dies
music_recognizer: Shazam attempt 1/3 hit an error page (rate limit?); retrying in 1.0s
music_recognizer: Shazam attempt 2/3 hit an error page (rate limit?); retrying in 2.0s
music_recognizer: Shazam attempt 1/3 hit an error page (rate limit?); retrying in 1.0s
music_recognizer: Audio bytes identification failed: Check args, URL is invalid
URL- https://amp.shazam.com/discovery/v5/en/GB/iphone/-/tag/64DB8252-96D0-4DFF-8958-E5FC963C7B02/56614D58-7982-4903-BC7D-EA1F71AD4EFA?sync=true&webv3=true&sampling=true&connected=&shazamapiversion=v3&sharehub=true&hubv5minorversion=v5.1&hidelb=true&video=v3
music_recognizer: Recognized: deadmau5 & Lights — When The Summer Dies
music_recognizer: No match from Shazam
music_recognizer: Recognized: deadmau5 & Lights — When The Summer Dies
music_recognizer: Shazam attempt 1/3 hit an error page (rate limit?); retrying in 1.0s
music_recognizer: Shazam attempt 1/3 hit an error page (rate limit?); retrying in 1.0s
music_recognizer: Shazam attempt 2/3 hit an error page (rate limit?); retrying in 2.0s
music_recognizer: Shazam attempt 2/3 hit an error page (rate limit?); retrying in 2.0s
music_recognizer: Audio bytes identification failed: Check args, URL is invalid
URL- https://amp.shazam.com/discovery/v5/en/GB/iphone/-/tag/90F43AD3-96FE-4F5A-A9BA-39D49C4FA3FA/91DBE38D-C2E0-48A2-9E72-4F88C5D57281?sync=true&webv3=true&sampling=true&connected=&shazamapiversion=v3&sharehub=true&hubv5minorversion=v5.1&hidelb=true&video=v3
music_recognizer: No match from Shazam
music_recognizer: Recognized: Aaron Smith — Dancin (feat. Luvli) [Krono Remix]
music_recognizer: Recognized: Aaron Smith — Dancin (feat. Luvli) [Krono Remix]
music_recognizer: Shazam attempt 1/3 hit an error page (rate limit?); retrying in 1.0s
music_recognizer: Shazam attempt 2/3 hit an error page (rate limit?); retrying in 2.0s
music_recognizer: Audio bytes identification failed: Check args, URL is invalid
URL- https://amp.shazam.com/discovery/v5/en/GB/iphone/-/tag/699AA345-F5FE-4DBC-AD44-5FF4F7D21642/9DBC5F72-1F0E-4308-A197-88D5B3770460?sync=true&webv3=true&sampling=true&connected=&shazamapiversion=v3&sharehub=true&hubv5minorversion=v5.1&hidelb=true&video=v3
music_recognizer: Shazam attempt 1/3 hit an error page (rate limit?); retrying in 1.0s
music_recognizer: Recognized: Aaron Smith — Dancin (feat. Luvli) [Krono Remix]
music_recognizer: Recognized: Aaron Smith — Dancin (feat. Luvli) [Krono Remix]
music_recognizer: Recognized: Aaron Smith — Dancin (feat. Luvli) [Krono Remix]
music_recognizer: Shazam attempt 1/3 hit an error page (rate limit?); retrying in 1.0s
music_recognizer: Shazam attempt 2/3 hit an error page (rate limit?); retrying in 2.0s
music_recognizer: Shazam attempt 1/3 hit an error page (rate limit?); retrying in 1.0s
music_recognizer: Audio bytes identification failed: Check args, URL is invalid
URL- https://amp.shazam.com/discovery/v5/en/GB/iphone/-/tag/B50F7D0A-2CB1-4F94-AA96-3B9D347F7715/4C8A2EFF-102C-4A89-B775-1A8994F1E4EA?sync=true&webv3=true&sampling=true&connected=&shazamapiversion=v3&sharehub=true&hubv5minorversion=v5.1&hidelb=true&video=v3
music_recognizer: Shazam attempt 2/3 hit an error page (rate limit?); retrying in 2.0s
music_recognizer: Recognized: Aaron Smith — Dancin (feat. Luvli) [Krono Remix]
music_recognizer: Recognized: Aaron Smith — Dancin (feat. Luvli) [Krono Remix]
music_recognizer: Recognized: Aaron Smith — Dancin (feat. Luvli) [Krono Remix]
music_recognizer: Shazam attempt 1/3 hit an error page (rate limit?); retrying in 1.0s
music_recognizer: Shazam attempt 2/3 hit an error page (rate limit?); retrying in 2.0s
music_recognizer: Recognized: Aaron Smith — Dancin (feat. Luvli) [Krono Remix]
music_recognizer: Recognized: Aaron Smith — Dancin (feat. Luvli) [Krono Remix]
music_recognizer: No match from Shazam
music_recognizer: Shazam attempt 1/3 hit an error page (rate limit?); retrying in 1.0s
music_recognizer: Shazam attempt 2/3 hit an error page (rate limit?); retrying in 2.0s
music_recognizer: Audio bytes identification failed: Check args, URL is invalid
URL- https://amp.shazam.com/discovery/v5/en/GB/iphone/-/tag/571F1DAF-1587-4C78-B712-75101ED6FE77/EA02F5A6-276C-4D6D-BD63-2F1AD07BFF5C?sync=true&webv3=true&sampling=true&connected=&shazamapiversion=v3&sharehub=true&hubv5minorversion=v5.1&hidelb=true&video=v3
music_recognizer: Shazam attempt 1/3 hit an error page (rate limit?); retrying in 1.0s
music_recognizer: Shazam attempt 2/3 hit an error page (rate limit?); retrying in 2.0s
music_recognizer: Recognized: Yung Gravy, bbno$ & BABY GRAVY — Super Smash Bros.
music_recognizer: No match from Shazam
music_recognizer: Recognized: Yung Gravy, bbno$ & BABY GRAVY — Super Smash Bros.
music_recognizer: Shazam attempt 1/3 hit an error page (rate limit?); retrying in 1.0s
music_recognizer: Shazam attempt 2/3 hit an error page (rate limit?); retrying in 2.0s
music_recognizer: Audio bytes identification failed: Check args, URL is invalid
URL- https://amp.shazam.com/discovery/v5/en/GB/iphone/-/tag/49DCAD62-0C7D-4859-BF14-A7691729A22C/4C1F9DE3-9FC4-4CC2-AA9D-E09BD6BBE095?sync=true&webv3=true&sampling=true&connected=&shazamapiversion=v3&sharehub=true&hubv5minorversion=v5.1&hidelb=true&video=v3
music_recognizer: Recognized: Yung Gravy, bbno$ & BABY GRAVY — Super Smash Bros.
music_recognizer: Recognized: Yung Gravy, bbno$ & BABY GRAVY — Super Smash Bros.
music_recognizer: No match from Shazam
music_recognizer: Shazam attempt 1/3 hit an error page (rate limit?); retrying in 1.0s
music_recognizer: Shazam attempt 2/3 hit an error page (rate limit?); retrying in 2.0s
music_recognizer: Recognized: BABY GRAVY, Yung Gravy & bbno$ — Goodness Gracious
music_recognizer: Recognized: BABY GRAVY, Yung Gravy & bbno$ — Goodness Gracious
music_recognizer: Recognized: BABY GRAVY, Yung Gravy & bbno$ — Goodness Gracious
music_recognizer: Shazam attempt 1/3 hit an error page (rate limit?); retrying in 1.0s
music_recognizer: Recognized: BABY GRAVY, Yung Gravy & bbno$ — Goodness Gracious
music_recognizer: No match from Shazam
music_recognizer: Recognized: BABY GRAVY, Yung Gravy & bbno$ — Goodness Gracious
music_recognizer: Shazam attempt 1/3 hit an error page (rate limit?); retrying in 1.0s
music_recognizer: Shazam attempt 2/3 hit an error page (rate limit?); retrying in 2.0s
music_recognizer: Audio bytes identification failed: Check args, URL is invalid
URL- https://amp.shazam.com/discovery/v5/en/GB/iphone/-/tag/76F840DC-D351-4AEE-A814-249171C423FD/69244374-864F-4704-8E10-9B6649DEF65F?sync=true&webv3=true&sampling=true&connected=&shazamapiversion=v3&sharehub=true&hubv5minorversion=v5.1&hidelb=true&video=v3
music_recognizer: Shazam attempt 1/3 hit an error page (rate limit?); retrying in 1.0s
music_recognizer: Shazam attempt 2/3 hit an error page (rate limit?); retrying in 2.0s
music_recognizer: Recognized: BABY GRAVY, Yung Gravy & bbno$ — Goodness Gracious
music_recognizer: Recognized: BABY GRAVY, Yung Gravy & bbno$ — Goodness Gracious
music_recognizer: Recognized: bbno$ — Lil' Freak
music_recognizer: Shazam attempt 1/3 hit an error page (rate limit?); retrying in 1.0s
music_recognizer: Shazam attempt 2/3 hit an error page (rate limit?); retrying in 2.0s
music_recognizer: Audio bytes identification failed: Check args, URL is invalid
URL- https://amp.shazam.com/discovery/v5/en/GB/iphone/-/tag/4719EA8E-4C6F-4914-9012-20262D6DF949/FB6C917D-A2FE-43B0-B583-15F0570AC4BA?sync=true&webv3=true&sampling=true&connected=&shazamapiversion=v3&sharehub=true&hubv5minorversion=v5.1&hidelb=true&video=v3
music_recognizer: Recognized: bbno$ — Lil' Freak
music_recognizer: Recognized: bbno$ — Lil' Freak
music_recognizer: Recognized: bbno$ — Lil' Freak
music_recognizer: Shazam attempt 1/3 hit an error page (rate limit?); retrying in 1.0s
music_recognizer: Shazam attempt 2/3 hit an error page (rate limit?); retrying in 2.0s
music_recognizer: Audio bytes identification failed: Check args, URL is invalid
URL- https://amp.shazam.com/discovery/v5/en/GB/iphone/-/tag/E9472F24-1476-43F4-A8C2-453B2BA7AAFC/4B72247C-58CA-43F6-9BEE-2ECBEDF9B7C6?sync=true&webv3=true&sampling=true&connected=&shazamapiversion=v3&sharehub=true&hubv5minorversion=v5.1&hidelb=true&video=v3
music_recognizer: Shazam attempt 1/3 hit an error page (rate limit?); retrying in 1.0s
music_recognizer: Recognized: bbno$ — Lil' Freak
music_recognizer: No match from Shazam
music_recognizer: Recognized: bbno$ — Lil' Freak
music_recognizer: Shazam attempt 1/3 hit an error page (rate limit?); retrying in 1.0s
music_recognizer: Shazam attempt 2/3 hit an error page (rate limit?); retrying in 2.0s
music_recognizer: Audio bytes identification failed: Check args, URL is invalid
URL- https://amp.shazam.com/discovery/v5/en/GB/iphone/-/tag/89A81918-64AE-49A2-9BF2-3C91B9F980C3/DBC58195-A9EA-4D31-A98B-18048BBCF4CD?sync=true&webv3=true&sampling=true&connected=&shazamapiversion=v3&sharehub=true&hubv5minorversion=v5.1&hidelb=true&video=v3
music_recognizer: Recognized: bbno$ — gigolo
music_recognizer: Recognized: bbno$ — gigolo
mood_orchestrator: Mood generation failed for 'bbno$||gigolo||bbno$': Effect 100 is not allowed. Safe effects: 2=Breathe, 8=Colorloop, 9=Rainbow, 12=Fade, 28=Chase, 30=Chase Rainbow, 33=Rainbow Runner, 37=Chase 2, 52=Running Dual, 54=Chase 3, 62=Oscillate, 63=Pride 2015, 64=Juggle, 67=Colorwaves, 74=Lake, 76=Meteor Smooth, 90=Sinelon, 92=Sinelon Rainbow, 98=Pacifica, 105=Sine, 108=Flow, 115=Drift Rose, 120=Waving Cell, 122=Pixelwave, 130=Waterfall, 162=Drift, 163=Waverly, 172=Swirl, 179=Flow Stripe, 183=Wavesins.; using ambient.
music_recognizer: Recognized: bbno$ — gigolo
music_recognizer: Shazam attempt 1/3 hit an error page (rate limit?); retrying in 1.0s
music_recognizer: Shazam attempt 2/3 hit an error page (rate limit?); retrying in 2.0s
music_recognizer: Audio bytes identification failed: Check args, URL is invalid
URL- https://amp.shazam.com/discovery/v5/en/GB/iphone/-/tag/3F2EACCC-0A31-4FCE-A5FF-DC7BFDAFD307/B8EF1903-20D5-497F-A12F-87D3147AA3DD?sync=true&webv3=true&sampling=true&connected=&shazamapiversion=v3&sharehub=true&hubv5minorversion=v5.1&hidelb=true&video=v3
music_recognizer: Shazam attempt 1/3 hit an error page (rate limit?); retrying in 1.0s
music_recognizer: Recognized: bbno$ — gigolo
music_recognizer: Recognized: bbno$ — gigolo
music_recognizer: Recognized: bbno$ — gigolo
music_recognizer: Shazam attempt 1/3 hit an error page (rate limit?); retrying in 1.0s
music_recognizer: Shazam attempt 2/3 hit an error page (rate limit?); retrying in 2.0s
music_recognizer: Audio bytes identification failed: Check args, URL is invalid
URL- https://amp.shazam.com/discovery/v5/en/GB/iphone/-/tag/70C8EF0B-8364-4DE9-87BF-3A1097DC2D5A/072255DD-BCBA-4BB0-A5E8-B29297D9A740?sync=true&webv3=true&sampling=true&connected=&shazamapiversion=v3&sharehub=true&hubv5minorversion=v5.1&hidelb=true&video=v3
music_recognizer: Recognized: bbno$ — bing bong
music_recognizer: Recognized: bbno$ — bing bong
music_recognizer: Recognized: bbno$ — bing bong
music_recognizer: Shazam attempt 1/3 hit an error page (rate limit?); retrying in 1.0s
music_recognizer: Shazam attempt 2/3 hit an error page (rate limit?); retrying in 2.0s
music_recognizer: Recognized: bbno$ — bing bong
music_recognizer: Recognized: bbno$ — bing bong
music_recognizer: Recognized: bbno$ — bing bong
music_recognizer: Shazam attempt 1/3 hit an error page (rate limit?); retrying in 1.0s
music_recognizer: Shazam attempt 2/3 hit an error page (rate limit?); retrying in 2.0s
music_recognizer: No match from Shazam
music_recognizer: Recognized: bbno$ — bing bong
music_recognizer: Recognized: bbno$ — bag TF up
music_recognizer: Shazam attempt 1/3 hit an error page (rate limit?); retrying in 1.0s
music_recognizer: Shazam attempt 2/3 hit an error page (rate limit?); retrying in 2.0s
music_recognizer: Audio bytes identification failed: Check args, URL is invalid
URL- https://amp.shazam.com/discovery/v5/en/GB/iphone/-/tag/45466406-B65F-4F11-92BD-53F484CD52B5/329EF94D-674D-40AF-89DE-86897B4FE72D?sync=true&webv3=true&sampling=true&connected=&shazamapiversion=v3&sharehub=true&hubv5minorversion=v5.1&hidelb=true&video=v3
music_recognizer: Shazam attempt 1/3 hit an error page (rate limit?); retrying in 1.0s
music_recognizer: Shazam attempt 2/3 hit an error page (rate limit?); retrying in 2.0s
music_recognizer: Recognized: bbno$ — bag TF up
music_recognizer: Recognized: bbno$ — bag TF up
music_recognizer: Recognized: bbno$ — bag TF up
music_recognizer: Shazam attempt 1/3 hit an error page (rate limit?); retrying in 1.0s
music_recognizer: Shazam attempt 2/3 hit an error page (rate limit?); retrying in 2.0s
music_recognizer: Recognized: bbno$ — bag TF up
music_recognizer: No match from Shazam
music_recognizer: No match from Shazam
music_recognizer: Shazam attempt 1/3 hit an error page (rate limit?); retrying in 1.0s
music_recognizer: Shazam attempt 2/3 hit an error page (rate limit?); retrying in 2.0s
music_recognizer: Audio bytes identification failed: Check args, URL is invalid
URL- https://amp.shazam.com/discovery/v5/en/GB/iphone/-/tag/2269D09E-8810-4E37-B629-8A3CC0D5BAD1/9259586F-78B2-484F-99CD-6B3D918EB516?sync=true&webv3=true&sampling=true&connected=&shazamapiversion=v3&sharehub=true&hubv5minorversion=v5.1&hidelb=true&video=v3
music_recognizer: Shazam attempt 1/3 hit an error page (rate limit?); retrying in 1.0s
music_recognizer: Shazam attempt 2/3 hit an error page (rate limit?); retrying in 2.0s
music_recognizer: Recognized: GRiZ & Big Gigantic — Rump Shaker
music_recognizer: No match from Shazam
music_recognizer: Recognized: GRiZ & Big Gigantic — Rump Shaker
music_recognizer: Shazam attempt 1/3 hit an error page (rate limit?); retrying in 1.0s
mood_orchestrator: Mood generation failed for 'griz & big gigantic||rump shaker||future funk, vol. 1': Effect 68 is not allowed. Safe effects: 2=Breathe, 8=Colorloop, 9=Rainbow, 12=Fade, 28=Chase, 30=Chase Rainbow, 33=Rainbow Runner, 37=Chase 2, 52=Running Dual, 54=Chase 3, 62=Oscillate, 63=Pride 2015, 64=Juggle, 67=Colorwaves, 74=Lake, 76=Meteor Smooth, 90=Sinelon, 92=Sinelon Rainbow, 98=Pacifica, 105=Sine, 108=Flow, 115=Drift Rose, 120=Waving Cell, 122=Pixelwave, 130=Waterfall, 162=Drift, 163=Waverly, 172=Swirl, 179=Flow Stripe, 183=Wavesins.; using ambient.
music_recognizer: Shazam attempt 2/3 hit an error page (rate limit?); retrying in 2.0s
music_recognizer: Shazam attempt 1/3 hit an error page (rate limit?); retrying in 1.0s
music_recognizer: Audio bytes identification failed: Check args, URL is invalid
URL- https://amp.shazam.com/discovery/v5/en/GB/iphone/-/tag/73F4E947-9D66-4F0A-B848-FD4215D5CF48/21F3D6A9-05AA-4FF3-A776-C355186E800A?sync=true&webv3=true&sampling=true&connected=&shazamapiversion=v3&sharehub=true&hubv5minorversion=v5.1&hidelb=true&video=v3
music_recognizer: Recognized: GRiZ & Big Gigantic — Rump Shaker
music_recognizer: Recognized: GRiZ & Big Gigantic — Rump Shaker
music_recognizer: Recognized: GRiZ & Big Gigantic — Rump Shaker
music_recognizer: Shazam attempt 1/3 hit an error page (rate limit?); retrying in 1.0s
music_recognizer: Shazam attempt 2/3 hit an error page (rate limit?); retrying in 2.0s
music_recognizer: Audio bytes identification failed: Check args, URL is invalid
URL- https://amp.shazam.com/discovery/v5/en/GB/iphone/-/tag/16856AE3-6469-4224-96A5-8B5CD65464D7/9AD8FE48-3C9C-4E39-9C8C-8F5C9E972694?sync=true&webv3=true&sampling=true&connected=&shazamapiversion=v3&sharehub=true&hubv5minorversion=v5.1&hidelb=true&video=v3
music_recognizer: Shazam attempt 1/3 hit an error page (rate limit?); retrying in 1.0s
music_recognizer: Recognized: GRiZ & Big Gigantic — Rump Shaker
music_recognizer: No match from Shazam
music_recognizer: Recognized: GRiZ & Big Gigantic — Rump Shaker
music_recognizer: Shazam attempt 1/3 hit an error page (rate limit?); retrying in 1.0s
music_recognizer: Shazam attempt 2/3 hit an error page (rate limit?); retrying in 2.0s
music_recognizer: Audio bytes identification failed: Check args, URL is invalid
URL- https://amp.shazam.com/discovery/v5/en/GB/iphone/-/tag/5775799E-2A2F-492B-BA5E-78F6CBA47DA1/50D1CD45-D1DB-4943-8571-7CD17AD85AF4?sync=true&webv3=true&sampling=true&connected=&shazamapiversion=v3&sharehub=true&hubv5minorversion=v5.1&hidelb=true&video=v3
music_recognizer: Shazam attempt 1/3 hit an error page (rate limit?); retrying in 1.0s
music_recognizer: Shazam attempt 2/3 hit an error page (rate limit?); retrying in 2.0s
music_recognizer: No match from Shazam
music_recognizer: Recognized: GRiZ & Big Gigantic — Rump Shaker
music_recognizer: No match from Shazam
music_recognizer: Shazam attempt 1/3 hit an error page (rate limit?); retrying in 1.0s
music_recognizer: Shazam attempt 2/3 hit an error page (rate limit?); retrying in 2.0s
music_recognizer: Audio bytes identification failed: Check args, URL is invalid
URL- https://amp.shazam.com/discovery/v5/en/GB/iphone/-/tag/668EE9BF-7B7A-4FCB-B2C3-734D1B6298C4/465EB93C-EE5D-4D42-BE3F-44F32D6F4426?sync=true&webv3=true&sampling=true&connected=&shazamapiversion=v3&sharehub=true&hubv5minorversion=v5.1&hidelb=true&video=v3
music_recognizer: Shazam attempt 1/3 hit an error page (rate limit?); retrying in 1.0s
music_recognizer: Recognized: bbno$ — ADD
music_recognizer: No match from Shazam
music_recognizer: No match from Shazam
music_recognizer: Shazam attempt 1/3 hit an error page (rate limit?); retrying in 1.0s
music_recognizer: Shazam attempt 2/3 hit an error page (rate limit?); retrying in 2.0s
music_recognizer: Audio bytes identification failed: Check args, URL is invalid
URL- https://amp.shazam.com/discovery/v5/en/GB/iphone/-/tag/A58F089D-FD39-464D-B7BD-60EFB2656043/A8BE537A-E47C-48ED-8A8A-C04CB2FFEC42?sync=true&webv3=true&sampling=true&connected=&shazamapiversion=v3&sharehub=true&hubv5minorversion=v5.1&hidelb=true&video=v3
music_recognizer: Shazam attempt 1/3 hit an error page (rate limit?); retrying in 1.0s
music_recognizer: Shazam attempt 2/3 hit an error page (rate limit?); retrying in 2.0s
music_recognizer: No match from Shazam
music_recognizer: No match from Shazam
music_recognizer: No match from Shazam
music_recognizer: Shazam attempt 1/3 hit an error page (rate limit?); retrying in 1.0s
music_recognizer: Shazam attempt 2/3 hit an error page (rate limit?); retrying in 2.0s
music_recognizer: Audio bytes identification failed: Check args, URL is invalid
URL- https://amp.shazam.com/discovery/v5/en/GB/iphone/-/tag/EDE848D1-528C-49F4-9E08-7C2A53B9F8ED/E8CAE50F-B1B3-43CB-89BB-33C49BE14F9C?sync=true&webv3=true&sampling=true&connected=&shazamapiversion=v3&sharehub=true&hubv5minorversion=v5.1&hidelb=true&video=v3
music_recognizer: No match from Shazam
music_recognizer: No match from Shazam
music_recognizer: No match from Shazam
music_recognizer: Shazam attempt 1/3 hit an error page (rate limit?); retrying in 1.0s
music_recognizer: Shazam attempt 2/3 hit an error page (rate limit?); retrying in 2.0s
music_recognizer: Audio bytes identification failed: Check args, URL is invalid
URL- https://amp.shazam.com/discovery/v5/en/GB/iphone/-/tag/8C640301-5BE2-4738-9AE5-BF4E8B0F775A/EC8A4CD6-5B31-42B0-B3D0-C4F477C3B452?sync=true&webv3=true&sampling=true&connected=&shazamapiversion=v3&sharehub=true&hubv5minorversion=v5.1&hidelb=true&video=v3
music_recognizer: Shazam attempt 1/3 hit an error page (rate limit?); retrying in 1.0s
music_recognizer: No match from Shazam
music_recognizer: No match from Shazam
music_recognizer: No match from Shazam
music_recognizer: Shazam attempt 1/3 hit an error page (rate limit?); retrying in 1.0s
music_recognizer: Shazam attempt 1/3 hit an error page (rate limit?); retrying in 1.0s
music_recognizer: Shazam attempt 2/3 hit an error page (rate limit?); retrying in 2.0s
music_recognizer: Shazam attempt 2/3 hit an error page (rate limit?); retrying in 2.0s
music_recognizer: No match from Shazam
music_recognizer: No match from Shazam
music_recognizer: No match from Shazam
music_recognizer: Shazam attempt 1/3 hit an error page (rate limit?); retrying in 1.0s
music_recognizer: Shazam attempt 2/3 hit an error page (rate limit?); retrying in 2.0s
music_recognizer: Shazam attempt 1/3 hit an error page (rate limit?); retrying in 1.0s
music_recognizer: Audio bytes identification failed: Check args, URL is invalid
URL- https://amp.shazam.com/discovery/v5/en/GB/iphone/-/tag/326121F9-B335-4EC9-B566-F6E3129C7DEA/8E668BAF-487A-42B2-98C3-05C35CB320FD?sync=true&webv3=true&sampling=true&connected=&shazamapiversion=v3&sharehub=true&hubv5minorversion=v5.1&hidelb=true&video=v3
music_recognizer: Shazam attempt 2/3 hit an error page (rate limit?); retrying in 2.0s
music_recognizer: No match from Shazam
music_recognizer: No match from Shazam
music_recognizer: No match from Shazam
music_recognizer: Shazam attempt 1/3 hit an error page (rate limit?); retrying in 1.0s
music_recognizer: Shazam attempt 1/3 hit an error page (rate limit?); retrying in 1.0s
music_recognizer: Shazam attempt 2/3 hit an error page (rate limit?); retrying in 2.0s
music_recognizer: Shazam attempt 2/3 hit an error page (rate limit?); retrying in 2.0s
music_recognizer: No match from Shazam
music_recognizer: No match from Shazam
music_recognizer: No match from Shazam
music_recognizer: Shazam attempt 1/3 hit an error page (rate limit?); retrying in 1.0s
music_recognizer: Shazam attempt 2/3 hit an error page (rate limit?); retrying in 2.0s
music_recognizer: Shazam attempt 1/3 hit an error page (rate limit?); retrying in 1.0s
music_recognizer: Audio bytes identification failed: Check args, URL is invalid
URL- https://amp.shazam.com/discovery/v5/en/GB/iphone/-/tag/98025906-D64C-4D39-8547-96877D5E907A/5F343AF6-7111-401F-BB68-D30CC2871FC0?sync=true&webv3=true&sampling=true&connected=&shazamapiversion=v3&sharehub=true&hubv5minorversion=v5.1&hidelb=true&video=v3
music_recognizer: Shazam attempt 2/3 hit an error page (rate limit?); retrying in 2.0s
music_recognizer: No match from Shazam
music_recognizer: No match from Shazam
music_recognizer: No match from Shazam
music_recognizer: Shazam attempt 1/3 hit an error page (rate limit?); retrying in 1.0s
music_recognizer: Shazam attempt 1/3 hit an error page (rate limit?); retrying in 1.0s
music_recognizer: Shazam attempt 2/3 hit an error page (rate limit?); retrying in 2.0s
music_recognizer: Shazam attempt 2/3 hit an error page (rate limit?); retrying in 2.0s
music_recognizer: Recognized: Jark Prongo, Chocolate Puma, Hernán Cattáneo & Brigado Crew — Movin' Thru Your System (Extended Mix)
music_recognizer: No match from Shazam
music_recognizer: No match from Shazam
music_recognizer: Shazam attempt 1/3 hit an error page (rate limit?); retrying in 1.0s
music_recognizer: Shazam attempt 2/3 hit an error page (rate limit?); retrying in 2.0s
music_recognizer: Shazam attempt 1/3 hit an error page (rate limit?); retrying in 1.0s
music_recognizer: Audio bytes identification failed: Check args, URL is invalid
URL- https://amp.shazam.com/discovery/v5/en/GB/iphone/-/tag/3A89A83C-D3C8-4F99-8E99-DFDBD8120EF3/181C8BF5-4218-4C6A-98CE-C45E9F8E886A?sync=true&webv3=true&sampling=true&connected=&shazamapiversion=v3&sharehub=true&hubv5minorversion=v5.1&hidelb=true&video=v3
music_recognizer: Shazam attempt 2/3 hit an error page (rate limit?); retrying in 2.0s
music_recognizer: No match from Shazam
music_recognizer: No match from Shazam
music_recognizer: No match from Shazam
music_recognizer: Shazam attempt 1/3 hit an error page (rate limit?); retrying in 1.0s
music_recognizer: Shazam attempt 1/3 hit an error page (rate limit?); retrying in 1.0s
music_recognizer: Shazam attempt 2/3 hit an error page (rate limit?); retrying in 2.0s
music_recognizer: Shazam attempt 2/3 hit an error page (rate limit?); retrying in 2.0s
music_recognizer: No match from Shazam
music_recognizer: No match from Shazam
music_recognizer: No match from Shazam
music_recognizer: Shazam attempt 1/3 hit an error page (rate limit?); retrying in 1.0s
music_recognizer: Shazam attempt 2/3 hit an error page (rate limit?); retrying in 2.0s
music_recognizer: Shazam attempt 1/3 hit an error page (rate limit?); retrying in 1.0s
music_recognizer: Audio bytes identification failed: Check args, URL is invalid
URL- https://amp.shazam.com/discovery/v5/en/GB/iphone/-/tag/1FC5F9E4-0549-4EA4-807B-8101CD3484E6/7040B154-0B70-44E1-830B-16B4755964E3?sync=true&webv3=true&sampling=true&connected=&shazamapiversion=v3&sharehub=true&hubv5minorversion=v5.1&hidelb=true&video=v3
music_recognizer: Shazam attempt 2/3 hit an error page (rate limit?); retrying in 2.0s
music_recognizer: No match from Shazam
music_recognizer: No match from Shazam
music_recognizer: No match from Shazam
music_recognizer: Shazam attempt 1/3 hit an error page (rate limit?); retrying in 1.0s
music_recognizer: Shazam attempt 1/3 hit an error page (rate limit?); retrying in 1.0s
music_recognizer: Shazam attempt 2/3 hit an error page (rate limit?); retrying in 2.0s
music_recognizer: Shazam attempt 2/3 hit an error page (rate limit?); retrying in 2.0s
music_recognizer: No match from Shazam
music_recognizer: No match from Shazam
music_recognizer: No match from Shazam
music_recognizer: Shazam attempt 1/3 hit an error page (rate limit?); retrying in 1.0s
music_recognizer: Shazam attempt 2/3 hit an error page (rate limit?); retrying in 2.0s
music_recognizer: Shazam attempt 1/3 hit an error page (rate limit?); retrying in 1.0s
music_recognizer: Audio bytes identification failed: Check args, URL is invalid
URL- https://amp.shazam.com/discovery/v5/en/GB/iphone/-/tag/32CF38E9-F6E2-41F0-BC9E-C8694189A567/0FA75E8C-7CD2-4FAB-85DB-EE4CDFFE6EFD?sync=true&webv3=true&sampling=true&connected=&shazamapiversion=v3&sharehub=true&hubv5minorversion=v5.1&hidelb=true&video=v3
music_recognizer: Shazam attempt 2/3 hit an error page (rate limit?); retrying in 2.0s
music_recognizer: No match from Shazam
music_recognizer: No match from Shazam
music_recognizer: No match from Shazam
music_recognizer: Shazam attempt 1/3 hit an error page (rate limit?); retrying in 1.0s
music_recognizer: Shazam attempt 1/3 hit an error page (rate limit?); retrying in 1.0s
music_recognizer: Shazam attempt 2/3 hit an error page (rate limit?); retrying in 2.0s
music_recognizer: Shazam attempt 2/3 hit an error page (rate limit?); retrying in 2.0s
music_recognizer: No match from Shazam
music_recognizer: No match from Shazam
music_recognizer: No match from Shazam
music_recognizer: Shazam attempt 1/3 hit an error page (rate limit?); retrying in 1.0s
music_recognizer: Shazam attempt 2/3 hit an error page (rate limit?); retrying in 2.0s
music_recognizer: Shazam attempt 1/3 hit an error page (rate limit?); retrying in 1.0s
music_recognizer: Audio bytes identification failed: Check args, URL is invalid
URL- https://amp.shazam.com/discovery/v5/en/GB/iphone/-/tag/C8E8750F-31F7-4041-81DE-4D98DF05C590/70207FD6-A7D0-4662-8D0F-B5EF204E5D02?sync=true&webv3=true&sampling=true&connected=&shazamapiversion=v3&sharehub=true&hubv5minorversion=v5.1&hidelb=true&video=v3
music_recognizer: Shazam attempt 2/3 hit an error page (rate limit?); retrying in 2.0s
music_recognizer: No match from Shazam
music_recognizer: No match from Shazam
music_recognizer: No match from Shazam
music_recognizer: Shazam attempt 1/3 hit an error page (rate limit?); retrying in 1.0s
music_recognizer: Shazam attempt 1/3 hit an error page (rate limit?); retrying in 1.0s
music_recognizer: Shazam attempt 2/3 hit an error page (rate limit?); retrying in 2.0s
music_recognizer: Shazam attempt 2/3 hit an error page (rate limit?); retrying in 2.0s
music_recognizer: No match from Shazam
music_recognizer: No match from Shazam
music_recognizer: No match from Shazam
music_recognizer: Shazam attempt 1/3 hit an error page (rate limit?); retrying in 1.0s
music_recognizer: Shazam attempt 2/3 hit an error page (rate limit?); retrying in 2.0s
music_recognizer: Shazam attempt 1/3 hit an error page (rate limit?); retrying in 1.0s
music_recognizer: Audio bytes identification failed: Check args, URL is invalid
URL- https://amp.shazam.com/discovery/v5/en/GB/iphone/-/tag/E603029A-86F0-4905-B544-32EF6312776C/86D1600D-6D04-47FB-BF2A-6DBA68A1B5AA?sync=true&webv3=true&sampling=true&connected=&shazamapiversion=v3&sharehub=true&hubv5minorversion=v5.1&hidelb=true&video=v3
music_recognizer: Shazam attempt 2/3 hit an error page (rate limit?); retrying in 2.0s
music_recognizer: No match from Shazam
music_recognizer: No match from Shazam
music_recognizer: No match from Shazam
music_recognizer: Shazam attempt 1/3 hit an error page (rate limit?); retrying in 1.0s
music_recognizer: Shazam attempt 1/3 hit an error page (rate limit?); retrying in 1.0s
music_recognizer: Shazam attempt 2/3 hit an error page (rate limit?); retrying in 2.0s
music_recognizer: Shazam attempt 2/3 hit an error page (rate limit?); retrying in 2.0s
music_recognizer: No match from Shazam
music_recognizer: No match from Shazam
music_recognizer: No match from Shazam
music_recognizer: Shazam attempt 1/3 hit an error page (rate limit?); retrying in 1.0s
music_recognizer: Shazam attempt 2/3 hit an error page (rate limit?); retrying in 2.0s
music_recognizer: Shazam attempt 1/3 hit an error page (rate limit?); retrying in 1.0s
music_recognizer: Audio bytes identification failed: Check args, URL is invalid
URL- https://amp.shazam.com/discovery/v5/en/GB/iphone/-/tag/686648C9-6998-4CE6-97FB-4358CA88564C/E1F9A2EC-321B-4703-83E2-7EBB9004411E?sync=true&webv3=true&sampling=true&connected=&shazamapiversion=v3&sharehub=true&hubv5minorversion=v5.1&hidelb=true&video=v3
music_recognizer: Shazam attempt 2/3 hit an error page (rate limit?); retrying in 2.0s
music_recognizer: No match from Shazam
music_recognizer: No match from Shazam
music_recognizer: No match from Shazam
music_recognizer: Shazam attempt 1/3 hit an error page (rate limit?); retrying in 1.0s
music_recognizer: Shazam attempt 1/3 hit an error page (rate limit?); retrying in 1.0s
music_recognizer: Shazam attempt 2/3 hit an error page (rate limit?); retrying in 2.0s
music_recognizer: Shazam attempt 2/3 hit an error page (rate limit?); retrying in 2.0s
music_recognizer: No match from Shazam
music_recognizer: No match from Shazam
music_recognizer: No match from Shazam
music_recognizer: Shazam attempt 1/3 hit an error page (rate limit?); retrying in 1.0s
music_recognizer: Shazam attempt 2/3 hit an error page (rate limit?); retrying in 2.0s
music_recognizer: Shazam attempt 1/3 hit an error page (rate limit?); retrying in 1.0s
music_recognizer: Audio bytes identification failed: Check args, URL is invalid
URL- https://amp.shazam.com/discovery/v5/en/GB/iphone/-/tag/325F7366-E5B6-4530-BF82-589E867B183E/B8F77F6E-9912-41CA-8554-0886BDE03B00?sync=true&webv3=true&sampling=true&connected=&shazamapiversion=v3&sharehub=true&hubv5minorversion=v5.1&hidelb=true&video=v3
music_recognizer: Shazam attempt 2/3 hit an error page (rate limit?); retrying in 2.0s
music_recognizer: No match from Shazam
music_recognizer: No match from Shazam
music_recognizer: No match from Shazam
music_recognizer: Shazam attempt 1/3 hit an error page (rate limit?); retrying in 1.0s
music_recognizer: Shazam attempt 1/3 hit an error page (rate limit?); retrying in 1.0s
music_recognizer: Shazam attempt 2/3 hit an error page (rate limit?); retrying in 2.0s
music_recognizer: Shazam attempt 2/3 hit an error page (rate limit?); retrying in 2.0s
music_recognizer: No match from Shazam
music_recognizer: No match from Shazam
music_recognizer: No match from Shazam
music_recognizer: Shazam attempt 1/3 hit an error page (rate limit?); retrying in 1.0s
music_recognizer: Shazam attempt 2/3 hit an error page (rate limit?); retrying in 2.0s
music_recognizer: Shazam attempt 1/3 hit an error page (rate limit?); retrying in 1.0s
music_recognizer: Audio bytes identification failed: Check args, URL is invalid
URL- https://amp.shazam.com/discovery/v5/en/GB/iphone/-/tag/1BB0E3B1-410C-4FC2-B7B0-9B4201AAEA12/92F7A76A-509C-43D5-A242-14657A961081?sync=true&webv3=true&sampling=true&connected=&shazamapiversion=v3&sharehub=true&hubv5minorversion=v5.1&hidelb=true&video=v3
music_recognizer: Shazam attempt 2/3 hit an error page (rate limit?); retrying in 2.0s
music_recognizer: No match from Shazam
music_recognizer: No match from Shazam
music_recognizer: No match from Shazam
music_recognizer: Shazam attempt 1/3 hit an error page (rate limit?); retrying in 1.0s
music_recognizer: Shazam attempt 1/3 hit an error page (rate limit?); retrying in 1.0s
music_recognizer: Shazam attempt 2/3 hit an error page (rate limit?); retrying in 2.0s
music_recognizer: Shazam attempt 2/3 hit an error page (rate limit?); retrying in 2.0s
music_recognizer: No match from Shazam
music_recognizer: No match from Shazam
music_recognizer: No match from Shazam
music_recognizer: Shazam attempt 1/3 hit an error page (rate limit?); retrying in 1.0s
music_recognizer: Shazam attempt 2/3 hit an error page (rate limit?); retrying in 2.0s
music_recognizer: Shazam attempt 1/3 hit an error page (rate limit?); retrying in 1.0s
music_recognizer: Audio bytes identification failed: Check args, URL is invalid
URL- https://amp.shazam.com/discovery/v5/en/GB/iphone/-/tag/1DE10040-5522-443A-A03C-81F8D612D8DB/CA6EAAE9-8F94-472F-AFE7-93976A3F0BD2?sync=true&webv3=true&sampling=true&connected=&shazamapiversion=v3&sharehub=true&hubv5minorversion=v5.1&hidelb=true&video=v3
music_recognizer: Shazam attempt 2/3 hit an error page (rate limit?); retrying in 2.0s
music_recognizer: No match from Shazam
music_recognizer: Recognized: bbno$ — Top Gun
music_recognizer: No match from Shazam
music_recognizer: Shazam attempt 1/3 hit an error page (rate limit?); retrying in 1.0s
music_recognizer: Shazam attempt 2/3 hit an error page (rate limit?); retrying in 2.0s
music_recognizer: Audio bytes identification failed: Check args, URL is invalid
URL- https://amp.shazam.com/discovery/v5/en/GB/iphone/-/tag/EFDD0810-1237-4C35-B7C1-1CA737A954D5/F7764C1E-C9A3-4953-B5AB-D7B5B19DD599?sync=true&webv3=true&sampling=true&connected=&shazamapiversion=v3&sharehub=true&hubv5minorversion=v5.1&hidelb=true&video=v3
music_recognizer: Shazam attempt 1/3 hit an error page (rate limit?); retrying in 1.0s
music_recognizer: No match from Shazam
music_recognizer: No match from Shazam
music_recognizer: No match from Shazam
music_recognizer: Shazam attempt 1/3 hit an error page (rate limit?); retrying in 1.0s
music_recognizer: Shazam attempt 2/3 hit an error page (rate limit?); retrying in 2.0s
music_recognizer: Shazam attempt 1/3 hit an error page (rate limit?); retrying in 1.0s
music_recognizer: Audio bytes identification failed: Check args, URL is invalid
URL- https://amp.shazam.com/discovery/v5/en/GB/iphone/-/tag/F9ACAD2B-930D-402E-9B72-E9A488F7E2C2/9D2DB10D-3456-48E0-A0BE-51AF63093D92?sync=true&webv3=true&sampling=true&connected=&shazamapiversion=v3&sharehub=true&hubv5minorversion=v5.1&hidelb=true&video=v3
music_recognizer: No match from Shazam
music_recognizer: Recognized: Shotgun Willy — Winnebago
music_recognizer: No match from Shazam
music_recognizer: Shazam attempt 1/3 hit an error page (rate limit?); retrying in 1.0s
music_recognizer: Shazam attempt 2/3 hit an error page (rate limit?); retrying in 2.0s
music_recognizer: Audio bytes identification failed: Check args, URL is invalid
URL- https://amp.shazam.com/discovery/v5/en/GB/iphone/-/tag/D91CA258-5976-4A71-9B34-F264486D0D88/3E987B93-E263-4983-AEFB-0830E959A5EC?sync=true&webv3=true&sampling=true&connected=&shazamapiversion=v3&sharehub=true&hubv5minorversion=v5.1&hidelb=true&video=v3
music_recognizer: Shazam attempt 1/3 hit an error page (rate limit?); retrying in 1.0s
music_recognizer: No match from Shazam
music_recognizer: Recognized: Yung Gravy & Dillon Francis — Coochie Anthem
music_recognizer: No match from Shazam
music_recognizer: Shazam attempt 1/3 hit an error page (rate limit?); retrying in 1.0s
music_recognizer: Shazam attempt 2/3 hit an error page (rate limit?); retrying in 2.0s
music_recognizer: Audio bytes identification failed: Check args, URL is invalid
URL- https://amp.shazam.com/discovery/v5/en/GB/iphone/-/tag/5438F4E6-450C-40F2-A184-9B70EF600183/8A7B99BD-68B8-47C0-B581-900E1D2DA927?sync=true&webv3=true&sampling=true&connected=&shazamapiversion=v3&sharehub=true&hubv5minorversion=v5.1&hidelb=true&video=v3
music_recognizer: No match from Shazam
music_recognizer: Recognized: Yung Gravy & Dillon Francis — Coochie Anthem
mood_orchestrator: Mood generation failed for 'yung gravy & dillon francis||coochie anthem||cake and cognac - ep': Effect 68 is not allowed. Safe effects: 2=Breathe, 8=Colorloop, 9=Rainbow, 12=Fade, 28=Chase, 30=Chase Rainbow, 33=Rainbow Runner, 37=Chase 2, 52=Running Dual, 54=Chase 3, 62=Oscillate, 63=Pride 2015, 64=Juggle, 67=Colorwaves, 74=Lake, 76=Meteor Smooth, 90=Sinelon, 92=Sinelon Rainbow, 98=Pacifica, 105=Sine, 108=Flow, 115=Drift Rose, 120=Waving Cell, 122=Pixelwave, 130=Waterfall, 162=Drift, 163=Waverly, 172=Swirl, 179=Flow Stripe, 183=Wavesins.; using ambient.
music_recognizer: No match from Shazam
music_recognizer: Shazam attempt 1/3 hit an error page (rate limit?); retrying in 1.0s
music_recognizer: Shazam attempt 2/3 hit an error page (rate limit?); retrying in 2.0s
music_recognizer: Audio bytes identification failed: Check args, URL is invalid
URL- https://amp.shazam.com/discovery/v5/en/GB/iphone/-/tag/993C816B-3EC4-4E38-9816-4D745CF64B30/E2B47D26-B8BF-4A0B-9C5C-A4710B2B06D1?sync=true&webv3=true&sampling=true&connected=&shazamapiversion=v3&sharehub=true&hubv5minorversion=v5.1&hidelb=true&video=v3
music_recognizer: No match from Shazam
music_recognizer: Recognized: Yung Gravy & Dillon Francis — Coochie Anthem
music_recognizer: Recognized: Fak Totum — Treno In Partenza
music_recognizer: Shazam attempt 1/3 hit an error page (rate limit?); retrying in 1.0s
music_recognizer: Shazam attempt 2/3 hit an error page (rate limit?); retrying in 2.0s
music_recognizer: Audio bytes identification failed: Check args, URL is invalid
URL- https://amp.shazam.com/discovery/v5/en/GB/iphone/-/tag/7C2C6F4C-D05B-48CD-BF3E-E4C60424BDEF/1B7F28C5-D0B0-482E-AA61-302E44350299?sync=true&webv3=true&sampling=true&connected=&shazamapiversion=v3&sharehub=true&hubv5minorversion=v5.1&hidelb=true&video=v3
music_recognizer: Recognized: Bombs Away, Peep This & Bounce Inc — Bassline Maniacs
music_recognizer: Recognized: Bombs Away, Peep This & Bounce Inc — Bassline Maniacs
music_recognizer: No match from Shazam
music_recognizer: Shazam attempt 1/3 hit an error page (rate limit?); retrying in 1.0s
music_recognizer: Shazam attempt 2/3 hit an error page (rate limit?); retrying in 2.0s
music_recognizer: No match from Shazam
music_recognizer: No match from Shazam
music_recognizer: No match from Shazam
music_recognizer: Shazam attempt 1/3 hit an error page (rate limit?); retrying in 1.0s
music_recognizer: Shazam attempt 2/3 hit an error page (rate limit?); retrying in 2.0s
music_recognizer: Audio bytes identification failed: Check args, URL is invalid
URL- https://amp.shazam.com/discovery/v5/en/GB/iphone/-/tag/71904AFE-95BF-4507-A3F4-60D251F3CE5F/F1DB6097-15A0-43BF-AC0C-10AAA18E6973?sync=true&webv3=true&sampling=true&connected=&shazamapiversion=v3&sharehub=true&hubv5minorversion=v5.1&hidelb=true&video=v3
music_recognizer: Shazam attempt 1/3 hit an error page (rate limit?); retrying in 1.0s
music_recognizer: No match from Shazam
music_recognizer: Recognized: Bombs Away, Peep This & Bounce Inc — Bassline Maniacs
music_recognizer: Recognized: Bombs Away, Peep This & Bounce Inc — Bassline Maniacs
music_recognizer: Shazam attempt 1/3 hit an error page (rate limit?); retrying in 1.0s
music_recognizer: Shazam attempt 2/3 hit an error page (rate limit?); retrying in 2.0s
music_recognizer: Audio bytes identification failed: Check args, URL is invalid
URL- https://amp.shazam.com/discovery/v5/en/GB/iphone/-/tag/80C5BA0F-14F5-437B-B39D-793B08E87801/9A94B885-D7D6-4DE9-A12B-47BA3AA603D7?sync=true&webv3=true&sampling=true&connected=&shazamapiversion=v3&sharehub=true&hubv5minorversion=v5.1&hidelb=true&video=v3
music_recognizer: Shazam attempt 1/3 hit an error page (rate limit?); retrying in 1.0s
music_recognizer: No match from Shazam
music_recognizer: Recognized: Bombs Away, Peep This & Bounce Inc — Bassline Maniacs
music_recognizer: No match from Shazam
music_recognizer: Shazam attempt 1/3 hit an error page (rate limit?); retrying in 1.0s
music_recognizer: Shazam attempt 2/3 hit an error page (rate limit?); retrying in 2.0s
music_recognizer: Audio bytes identification failed: Check args, URL is invalid
URL- https://amp.shazam.com/discovery/v5/en/GB/iphone/-/tag/20BEE946-FBAC-4215-8E46-879B277ABAFA/1D4FF439-D0D0-4B68-A6D5-8D170C9340AB?sync=true&webv3=true&sampling=true&connected=&shazamapiversion=v3&sharehub=true&hubv5minorversion=v5.1&hidelb=true&video=v3
music_recognizer: No match from Shazam
music_recognizer: No match from Shazam
music_recognizer: Recognized: Kørp — Rum & Coke
music_recognizer: Shazam attempt 1/3 hit an error page (rate limit?); retrying in 1.0s
music_recognizer: Shazam attempt 2/3 hit an error page (rate limit?); retrying in 2.0s
music_recognizer: Audio bytes identification failed: Check args, URL is invalid
URL- https://amp.shazam.com/discovery/v5/en/GB/iphone/-/tag/F2FC801B-3396-4CD2-A377-3FD3D0CCEB46/61CD3E15-95B4-4644-885C-8D24C8D9C1B9?sync=true&webv3=true&sampling=true&connected=&shazamapiversion=v3&sharehub=true&hubv5minorversion=v5.1&hidelb=true&video=v3
music_recognizer: Shazam attempt 1/3 hit an error page (rate limit?); retrying in 1.0s
music_recognizer: Recognized: Kørp — Rum & Coke
music_recognizer: No match from Shazam
music_recognizer: Recognized: Kørp — Rum & Coke
music_recognizer: Shazam attempt 1/3 hit an error page (rate limit?); retrying in 1.0s
music_recognizer: Shazam attempt 2/3 hit an error page (rate limit?); retrying in 2.0s
music_recognizer: Shazam attempt 1/3 hit an error page (rate limit?); retrying in 1.0s
music_recognizer: Audio bytes identification failed: Check args, URL is invalid
URL- https://amp.shazam.com/discovery/v5/en/GB/iphone/-/tag/CC4E5FCF-8D16-40C6-AEE0-4C54E0ED1D19/BB999C64-1615-4A11-933E-21BFDE60DD3E?sync=true&webv3=true&sampling=true&connected=&shazamapiversion=v3&sharehub=true&hubv5minorversion=v5.1&hidelb=true&video=v3
music_recognizer: Recognized: Kørp — Rum & Coke
music_recognizer: Recognized: Kørp — Rum & Coke
music_recognizer: Recognized: Kørp — Rum & Coke
music_recognizer: Shazam attempt 1/3 hit an error page (rate limit?); retrying in 1.0s
music_recognizer: Shazam attempt 2/3 hit an error page (rate limit?); retrying in 2.0s
music_recognizer: Audio bytes identification failed: Check args, URL is invalid
URL- https://amp.shazam.com/discovery/v5/en/GB/iphone/-/tag/A9F3ED6B-9E92-4BBC-BF52-8C3A011794B5/99D42102-FEFB-42C7-9DED-691BDDA19710?sync=true&webv3=true&sampling=true&connected=&shazamapiversion=v3&sharehub=true&hubv5minorversion=v5.1&hidelb=true&video=v3
music_recognizer: Shazam attempt 1/3 hit an error page (rate limit?); retrying in 1.0s
music_recognizer: Recognized: Kørp — Rum & Coke
music_recognizer: Recognized: Kørp — Rum & Coke
music_recognizer: Recognized: Kørp — Rum & Coke
music_recognizer: Shazam attempt 1/3 hit an error page (rate limit?); retrying in 1.0s
music_recognizer: Shazam attempt 1/3 hit an error page (rate limit?); retrying in 1.0s
music_recognizer: Shazam attempt 2/3 hit an error page (rate limit?); retrying in 2.0s
music_recognizer: Shazam attempt 2/3 hit an error page (rate limit?); retrying in 2.0s
music_recognizer: No match from Shazam
music_recognizer: Recognized: Kørp — Rum & Coke
music_recognizer: No match from Shazam
music_recognizer: Shazam attempt 1/3 hit an error page (rate limit?); retrying in 1.0s
music_recognizer: Shazam attempt 2/3 hit an error page (rate limit?); retrying in 2.0s
music_recognizer: Shazam attempt 1/3 hit an error page (rate limit?); retrying in 1.0s
music_recognizer: Audio bytes identification failed: Check args, URL is invalid
URL- https://amp.shazam.com/discovery/v5/en/GB/iphone/-/tag/523E2C30-4537-4EF8-8124-167F4A007A3B/89BF8153-8622-4E21-8215-DD7DDCD57082?sync=true&webv3=true&sampling=true&connected=&shazamapiversion=v3&sharehub=true&hubv5minorversion=v5.1&hidelb=true&video=v3
music_recognizer: Shazam attempt 2/3 hit an error page (rate limit?); retrying in 2.0s
music_recognizer: No match from Shazam
music_recognizer: Recognized: Kaskade & Skrillex — Lick It (Superstar DJs Edit)
music_recognizer: Recognized: Kaskade & Skrillex — Lick It (Superstar DJs Edit)
music_recognizer: Shazam attempt 1/3 hit an error page (rate limit?); retrying in 1.0s
music_recognizer: Shazam attempt 2/3 hit an error page (rate limit?); retrying in 2.0s
music_recognizer: Audio bytes identification failed: Check args, URL is invalid
URL- https://amp.shazam.com/discovery/v5/en/GB/iphone/-/tag/A792D7C8-48F0-4403-99F7-AAADB9695C68/8C435B4D-3108-49A8-9B29-156195F453B3?sync=true&webv3=true&sampling=true&connected=&shazamapiversion=v3&sharehub=true&hubv5minorversion=v5.1&hidelb=true&video=v3
music_recognizer: Shazam attempt 1/3 hit an error page (rate limit?); retrying in 1.0s
music_recognizer: No match from Shazam
music_recognizer: No match from Shazam
music_recognizer: No match from Shazam
music_recognizer: Shazam attempt 1/3 hit an error page (rate limit?); retrying in 1.0s
music_recognizer: Shazam attempt 2/3 hit an error page (rate limit?); retrying in 2.0s
music_recognizer: Shazam attempt 1/3 hit an error page (rate limit?); retrying in 1.0s
music_recognizer: Audio bytes identification failed: Check args, URL is invalid
URL- https://amp.shazam.com/discovery/v5/en/GB/iphone/-/tag/9E8F5501-495D-496C-A2A6-ED763DCF5E14/81C200EA-2EA7-4F3A-9461-F2C25D3F5857?sync=true&webv3=true&sampling=true&connected=&shazamapiversion=v3&sharehub=true&hubv5minorversion=v5.1&hidelb=true&video=v3
music_recognizer: No match from Shazam
music_recognizer: No match from Shazam
music_recognizer: No match from Shazam
music_recognizer: Shazam attempt 1/3 hit an error page (rate limit?); retrying in 1.0s
music_recognizer: Shazam attempt 1/3 hit an error page (rate limit?); retrying in 1.0s
music_recognizer: Shazam attempt 2/3 hit an error page (rate limit?); retrying in 2.0s
music_recognizer: Shazam attempt 2/3 hit an error page (rate limit?); retrying in 2.0s
music_recognizer: No match from Shazam
music_recognizer: No match from Shazam
music_recognizer: No match from Shazam
music_recognizer: Shazam attempt 1/3 hit an error page (rate limit?); retrying in 1.0s
music_recognizer: Shazam attempt 2/3 hit an error page (rate limit?); retrying in 2.0s
music_recognizer: Shazam attempt 1/3 hit an error page (rate limit?); retrying in 1.0s
music_recognizer: Audio bytes identification failed: Check args, URL is invalid
URL- https://amp.shazam.com/discovery/v5/en/GB/iphone/-/tag/946A9A99-D25F-4A3B-87CC-8A5153EE3C34/62861480-D2A5-43E1-A456-D87F81C41CB9?sync=true&webv3=true&sampling=true&connected=&shazamapiversion=v3&sharehub=true&hubv5minorversion=v5.1&hidelb=true&video=v3
music_recognizer: Shazam attempt 2/3 hit an error page (rate limit?); retrying in 2.0s
music_recognizer: No match from Shazam
music_recognizer: No match from Shazam
music_recognizer: No match from Shazam
music_recognizer: Shazam attempt 1/3 hit an error page (rate limit?); retrying in 1.0s
music_recognizer: Shazam attempt 1/3 hit an error page (rate limit?); retrying in 1.0s
music_recognizer: Shazam attempt 2/3 hit an error page (rate limit?); retrying in 2.0s
music_recognizer: Shazam attempt 2/3 hit an error page (rate limit?); retrying in 2.0s
music_recognizer: No match from Shazam
music_recognizer: No match from Shazam
music_recognizer: No match from Shazam
music_recognizer: Shazam attempt 1/3 hit an error page (rate limit?); retrying in 1.0s
music_recognizer: Shazam attempt 2/3 hit an error page (rate limit?); retrying in 2.0s
music_recognizer: Shazam attempt 1/3 hit an error page (rate limit?); retrying in 1.0s
music_recognizer: Audio bytes identification failed: Check args, URL is invalid
URL- https://amp.shazam.com/discovery/v5/en/GB/iphone/-/tag/AF430809-22FF-4ED0-BBC5-F19BBEED4144/EB825A5F-D039-4319-9720-46946DA97FB9?sync=true&webv3=true&sampling=true&connected=&shazamapiversion=v3&sharehub=true&hubv5minorversion=v5.1&hidelb=true&video=v3
music_recognizer: Shazam attempt 2/3 hit an error page (rate limit?); retrying in 2.0s
music_recognizer: No match from Shazam
music_recognizer: No match from Shazam
music_recognizer: No match from Shazam
music_recognizer: Shazam attempt 1/3 hit an error page (rate limit?); retrying in 1.0s
music_recognizer: Shazam attempt 1/3 hit an error page (rate limit?); retrying in 1.0s
music_recognizer: Shazam attempt 2/3 hit an error page (rate limit?); retrying in 2.0s
music_recognizer: Shazam attempt 2/3 hit an error page (rate limit?); retrying in 2.0s
music_recognizer: No match from Shazam
music_recognizer: No match from Shazam
music_recognizer: No match from Shazam
music_recognizer: Shazam attempt 1/3 hit an error page (rate limit?); retrying in 1.0s
music_recognizer: Shazam attempt 2/3 hit an error page (rate limit?); retrying in 2.0s
music_recognizer: Shazam attempt 1/3 hit an error page (rate limit?); retrying in 1.0s
music_recognizer: Audio bytes identification failed: Check args, URL is invalid
URL- https://amp.shazam.com/discovery/v5/en/GB/iphone/-/tag/26431595-F181-4EC9-9AC3-8075ABCE3AAB/846AE035-96CE-4D2E-8444-3E8AF37DAEC5?sync=true&webv3=true&sampling=true&connected=&shazamapiversion=v3&sharehub=true&hubv5minorversion=v5.1&hidelb=true&video=v3
music_recognizer: Shazam attempt 2/3 hit an error page (rate limit?); retrying in 2.0s
music_recognizer: No match from Shazam
music_recognizer: No match from Shazam
music_recognizer: No match from Shazam
music_recognizer: Shazam attempt 1/3 hit an error page (rate limit?); retrying in 1.0s
music_recognizer: Shazam attempt 1/3 hit an error page (rate limit?); retrying in 1.0s
music_recognizer: Shazam attempt 2/3 hit an error page (rate limit?); retrying in 2.0s
music_recognizer: Shazam attempt 2/3 hit an error page (rate limit?); retrying in 2.0s
music_recognizer: No match from Shazam
music_recognizer: No match from Shazam
music_recognizer: No match from Shazam
music_recognizer: Shazam attempt 1/3 hit an error page (rate limit?); retrying in 1.0s
music_recognizer: Shazam attempt 2/3 hit an error page (rate limit?); retrying in 2.0s
music_recognizer: Shazam attempt 1/3 hit an error page (rate limit?); retrying in 1.0s
music_recognizer: Audio bytes identification failed: Check args, URL is invalid
URL- https://amp.shazam.com/discovery/v5/en/GB/iphone/-/tag/03B32AEE-8FA7-4A61-8E38-33A7DC939835/21C2F279-13CE-46E3-B29B-2FB7E8EE3FF5?sync=true&webv3=true&sampling=true&connected=&shazamapiversion=v3&sharehub=true&hubv5minorversion=v5.1&hidelb=true&video=v3
music_recognizer: Shazam attempt 2/3 hit an error page (rate limit?); retrying in 2.0s
music_recognizer: No match from Shazam
music_recognizer: No match from Shazam
music_recognizer: No match from Shazam
music_recognizer: Shazam attempt 1/3 hit an error page (rate limit?); retrying in 1.0s
music_recognizer: Shazam attempt 1/3 hit an error page (rate limit?); retrying in 1.0s
music_recognizer: Shazam attempt 2/3 hit an error page (rate limit?); retrying in 2.0s
music_recognizer: Shazam attempt 2/3 hit an error page (rate limit?); retrying in 2.0s
music_recognizer: Recognized: Ashnikko — Moonlight Magic
music_recognizer: No match from Shazam
music_recognizer: Recognized: Ashnikko — Moonlight Magic
music_recognizer: Shazam attempt 1/3 hit an error page (rate limit?); retrying in 1.0s
music_recognizer: Shazam attempt 2/3 hit an error page (rate limit?); retrying in 2.0s
music_recognizer: Audio bytes identification failed: Check args, URL is invalid
URL- https://amp.shazam.com/discovery/v5/en/GB/iphone/-/tag/4CC8A509-54A3-4D4B-8AEA-017401F595CE/46DBEF0E-47AD-49EC-B672-49FBEAFF3524?sync=true&webv3=true&sampling=true&connected=&shazamapiversion=v3&sharehub=true&hubv5minorversion=v5.1&hidelb=true&video=v3
music_recognizer: Shazam attempt 1/3 hit an error page (rate limit?); retrying in 1.0s
music_recognizer: Shazam attempt 2/3 hit an error page (rate limit?); retrying in 2.0s
music_recognizer: Recognized: Ashnikko — Moonlight Magic
music_recognizer: No match from Shazam
music_recognizer: No match from Shazam
music_recognizer: Shazam attempt 1/3 hit an error page (rate limit?); retrying in 1.0s
music_recognizer: Shazam attempt 2/3 hit an error page (rate limit?); retrying in 2.0s
music_recognizer: Audio bytes identification failed: Check args, URL is invalid
URL- https://amp.shazam.com/discovery/v5/en/GB/iphone/-/tag/2EF1D8FA-139D-4171-8012-D7999D4C3204/3F35AAF6-DDCC-453E-A37F-DCB03C123D10?sync=true&webv3=true&sampling=true&connected=&shazamapiversion=v3&sharehub=true&hubv5minorversion=v5.1&hidelb=true&video=v3
music_recognizer: Shazam attempt 1/3 hit an error page (rate limit?); retrying in 1.0s
music_recognizer: No match from Shazam
music_recognizer: Recognized: Hanumankind & Kalmi — Big Dawgs
music_recognizer: Recognized: Hanumankind & Kalmi — Big Dawgs
music_recognizer: Shazam attempt 1/3 hit an error page (rate limit?); retrying in 1.0s
music_recognizer: Shazam attempt 2/3 hit an error page (rate limit?); retrying in 2.0s
music_recognizer: Shazam attempt 1/3 hit an error page (rate limit?); retrying in 1.0s
music_recognizer: Audio bytes identification failed: Check args, URL is invalid
URL- https://amp.shazam.com/discovery/v5/en/GB/iphone/-/tag/36AE6487-188F-4FBB-818F-9ED093897FC0/979ECB62-B04A-4521-96D1-ACFDF77F46CA?sync=true&webv3=true&sampling=true&connected=&shazamapiversion=v3&sharehub=true&hubv5minorversion=v5.1&hidelb=true&video=v3
music_recognizer: Recognized: Hanumankind & Kalmi — Big Dawgs
music_recognizer: Recognized: Hanumankind & Kalmi — Big Dawgs
music_recognizer: No match from Shazam
music_recognizer: Shazam attempt 1/3 hit an error page (rate limit?); retrying in 1.0s
music_recognizer: Shazam attempt 2/3 hit an error page (rate limit?); retrying in 2.0s
music_recognizer: Audio bytes identification failed: Check args, URL is invalid
URL- https://amp.shazam.com/discovery/v5/en/GB/iphone/-/tag/E584381D-9C41-48F4-9C39-24D2C92B8227/079E9DCF-21D2-4263-84D8-2A6DF36200B0?sync=true&webv3=true&sampling=true&connected=&shazamapiversion=v3&sharehub=true&hubv5minorversion=v5.1&hidelb=true&video=v3
music_recognizer: Shazam attempt 1/3 hit an error page (rate limit?); retrying in 1.0s
music_recognizer: No match from Shazam
music_recognizer: Recognized: Hanumankind & Kalmi — Big Dawgs
music_recognizer: No match from Shazam
music_recognizer: Shazam attempt 1/3 hit an error page (rate limit?); retrying in 1.0s
music_recognizer: Shazam attempt 2/3 hit an error page (rate limit?); retrying in 2.0s
music_recognizer: Audio bytes identification failed: Check args, URL is invalid
URL- https://amp.shazam.com/discovery/v5/en/GB/iphone/-/tag/C0C78FC1-69F3-4C7D-AA04-173515FF3022/10748BCA-E447-4137-B7E7-7587DF0A1007?sync=true&webv3=true&sampling=true&connected=&shazamapiversion=v3&sharehub=true&hubv5minorversion=v5.1&hidelb=true&video=v3
music_recognizer: No match from Shazam
music_recognizer: Recognized: Tommy Richman — MILLION DOLLAR BABY
mood_orchestrator: Mood generation failed for 'tommy richman||million dollar baby||million dollar baby - single': Effect 68 is not allowed. Safe effects: 2=Breathe, 8=Colorloop, 9=Rainbow, 12=Fade, 28=Chase, 30=Chase Rainbow, 33=Rainbow Runner, 37=Chase 2, 52=Running Dual, 54=Chase 3, 62=Oscillate, 63=Pride 2015, 64=Juggle, 67=Colorwaves, 74=Lake, 76=Meteor Smooth, 90=Sinelon, 92=Sinelon Rainbow, 98=Pacifica, 105=Sine, 108=Flow, 115=Drift Rose, 120=Waving Cell, 122=Pixelwave, 130=Waterfall, 162=Drift, 163=Waverly, 172=Swirl, 179=Flow Stripe, 183=Wavesins.; using ambient.
music_recognizer: No match from Shazam
music_recognizer: Shazam attempt 1/3 hit an error page (rate limit?); retrying in 1.0s
music_recognizer: Shazam attempt 2/3 hit an error page (rate limit?); retrying in 2.0s
music_recognizer: Audio bytes identification failed: Check args, URL is invalid
URL- https://amp.shazam.com/discovery/v5/en/GB/iphone/-/tag/07A23B85-3AA3-4DC5-B26D-F9662634C216/0B1BC3BA-4BE3-4643-8505-B65BA1632746?sync=true&webv3=true&sampling=true&connected=&shazamapiversion=v3&sharehub=true&hubv5minorversion=v5.1&hidelb=true&video=v3
music_recognizer: Recognized: Tommy Richman — MILLION DOLLAR BABY (VHS)
music_recognizer: Recognized: Tommy Richman — MILLION DOLLAR BABY
music_recognizer: No match from Shazam
music_recognizer: Shazam attempt 1/3 hit an error page (rate limit?); retrying in 1.0s
music_recognizer: Shazam attempt 2/3 hit an error page (rate limit?); retrying in 2.0s
music_recognizer: Audio bytes identification failed: Check args, URL is invalid
URL- https://amp.shazam.com/discovery/v5/en/GB/iphone/-/tag/F8B2A0AB-41EB-48ED-A02F-8703CB7D1A54/120F09FD-114A-488A-B16E-02203550C99A?sync=true&webv3=true&sampling=true&connected=&shazamapiversion=v3&sharehub=true&hubv5minorversion=v5.1&hidelb=true&video=v3
music_recognizer: Recognized: Tommy Richman — MILLION DOLLAR BABY
music_recognizer: No match from Shazam
music_recognizer: No match from Shazam
music_recognizer: Shazam attempt 1/3 hit an error page (rate limit?); retrying in 1.0s
music_recognizer: Shazam attempt 2/3 hit an error page (rate limit?); retrying in 2.0s
music_recognizer: Audio bytes identification failed: Check args, URL is invalid
URL- https://amp.shazam.com/discovery/v5/en/GB/iphone/-/tag/A1B42D72-96FC-4925-AD20-04A1E3202412/4339294A-90A6-451D-9D15-72E2562A941B?sync=true&webv3=true&sampling=true&connected=&shazamapiversion=v3&sharehub=true&hubv5minorversion=v5.1&hidelb=true&video=v3
music_recognizer: Recognized: Memphis Cult, Groove Dealers & SPLYXER — 9mm
music_recognizer: Recognized: YUNGXREZIST — 9Mm
mood_orchestrator: Mood generation failed for 'memphis cult, groove dealers & splyxer||9mm||9mm - single': Effect 68 is not allowed. Safe effects: 2=Breathe, 8=Colorloop, 9=Rainbow, 12=Fade, 28=Chase, 30=Chase Rainbow, 33=Rainbow Runner, 37=Chase 2, 52=Running Dual, 54=Chase 3, 62=Oscillate, 63=Pride 2015, 64=Juggle, 67=Colorwaves, 74=Lake, 76=Meteor Smooth, 90=Sinelon, 92=Sinelon Rainbow, 98=Pacifica, 105=Sine, 108=Flow, 115=Drift Rose, 120=Waving Cell, 122=Pixelwave, 130=Waterfall, 162=Drift, 163=Waverly, 172=Swirl, 179=Flow Stripe, 183=Wavesins.; using ambient.
music_recognizer: No match from Shazam
music_recognizer: Shazam attempt 1/3 hit an error page (rate limit?); retrying in 1.0s
music_recognizer: Shazam attempt 2/3 hit an error page (rate limit?); retrying in 2.0s
music_recognizer: Audio bytes identification failed: Check args, URL is invalid
URL- https://amp.shazam.com/discovery/v5/en/GB/iphone/-/tag/167ED7E4-A7A5-4966-A4B4-E3286A8BE46C/372EDFDC-8F0E-4425-8A9C-2756276266A4?sync=true&webv3=true&sampling=true&connected=&shazamapiversion=v3&sharehub=true&hubv5minorversion=v5.1&hidelb=true&video=v3
music_recognizer: No match from Shazam
music_recognizer: No match from Shazam
music_recognizer: No match from Shazam
music_recognizer: Shazam attempt 1/3 hit an error page (rate limit?); retrying in 1.0s
music_recognizer: Shazam attempt 2/3 hit an error page (rate limit?); retrying in 2.0s
music_recognizer: Audio bytes identification failed: Check args, URL is invalid
URL- https://amp.shazam.com/discovery/v5/en/GB/iphone/-/tag/2C6E8345-2A6C-47CF-8843-5EC17C7E8ACC/A3633D8A-72B9-4C49-8201-6C0F86499F15?sync=true&webv3=true&sampling=true&connected=&shazamapiversion=v3&sharehub=true&hubv5minorversion=v5.1&hidelb=true&video=v3
music_recognizer: Shazam attempt 1/3 hit an error page (rate limit?); retrying in 1.0s
music_recognizer: No match from Shazam
music_recognizer: No match from Shazam
music_recognizer: No match from Shazam
music_recognizer: Shazam attempt 1/3 hit an error page (rate limit?); retrying in 1.0s
music_recognizer: Shazam attempt 1/3 hit an error page (rate limit?); retrying in 1.0s
music_recognizer: Shazam attempt 2/3 hit an error page (rate limit?); retrying in 2.0s
music_recognizer: Shazam attempt 2/3 hit an error page (rate limit?); retrying in 2.0s
music_recognizer: No match from Shazam
music_recognizer: No match from Shazam
music_recognizer: No match from Shazam
music_recognizer: Shazam attempt 1/3 hit an error page (rate limit?); retrying in 1.0s
music_recognizer: Shazam attempt 2/3 hit an error page (rate limit?); retrying in 2.0s
music_recognizer: Shazam attempt 1/3 hit an error page (rate limit?); retrying in 1.0s
music_recognizer: Audio bytes identification failed: Check args, URL is invalid
URL- https://amp.shazam.com/discovery/v5/en/GB/iphone/-/tag/129B04DA-66C1-4915-91E6-F8ABF42FCBFA/E826D438-323A-4580-895C-FF49A181387A?sync=true&webv3=true&sampling=true&connected=&shazamapiversion=v3&sharehub=true&hubv5minorversion=v5.1&hidelb=true&video=v3
music_recognizer: Shazam attempt 2/3 hit an error page (rate limit?); retrying in 2.0s
music_recognizer: No match from Shazam
music_recognizer: No match from Shazam
music_recognizer: No match from Shazam
music_recognizer: Shazam attempt 1/3 hit an error page (rate limit?); retrying in 1.0s
music_recognizer: Shazam attempt 1/3 hit an error page (rate limit?); retrying in 1.0s
music_recognizer: Shazam attempt 2/3 hit an error page (rate limit?); retrying in 2.0s
music_recognizer: Shazam attempt 2/3 hit an error page (rate limit?); retrying in 2.0s
music_recognizer: No match from Shazam
music_recognizer: No match from Shazam
music_recognizer: No match from Shazam
music_recognizer: Shazam attempt 1/3 hit an error page (rate limit?); retrying in 1.0s
music_recognizer: Shazam attempt 2/3 hit an error page (rate limit?); retrying in 2.0s
music_recognizer: Shazam attempt 1/3 hit an error page (rate limit?); retrying in 1.0s
music_recognizer: Audio bytes identification failed: Check args, URL is invalid
URL- https://amp.shazam.com/discovery/v5/en/GB/iphone/-/tag/09B24D42-F5AB-486D-83F1-31E0C5F74DA0/C94D5777-C596-41AF-89E5-3B41947736A7?sync=true&webv3=true&sampling=true&connected=&shazamapiversion=v3&sharehub=true&hubv5minorversion=v5.1&hidelb=true&video=v3
music_recognizer: Shazam attempt 2/3 hit an error page (rate limit?); retrying in 2.0s
music_recognizer: No match from Shazam
music_recognizer: No match from Shazam
music_recognizer: No match from Shazam
music_recognizer: Shazam attempt 1/3 hit an error page (rate limit?); retrying in 1.0s
music_recognizer: Shazam attempt 1/3 hit an error page (rate limit?); retrying in 1.0s
music_recognizer: Shazam attempt 2/3 hit an error page (rate limit?); retrying in 2.0s
music_recognizer: Shazam attempt 2/3 hit an error page (rate limit?); retrying in 2.0s
music_recognizer: No match from Shazam
music_recognizer: No match from Shazam
music_recognizer: No match from Shazam
music_recognizer: Shazam attempt 1/3 hit an error page (rate limit?); retrying in 1.0s
music_recognizer: Shazam attempt 2/3 hit an error page (rate limit?); retrying in 2.0s
music_recognizer: Shazam attempt 1/3 hit an error page (rate limit?); retrying in 1.0s
music_recognizer: Audio bytes identification failed: Check args, URL is invalid
URL- https://amp.shazam.com/discovery/v5/en/GB/iphone/-/tag/7255AD2D-B95B-4698-94B5-E4F3EE469538/FD045AA3-1EDA-41D2-AAB9-1417600426CC?sync=true&webv3=true&sampling=true&connected=&shazamapiversion=v3&sharehub=true&hubv5minorversion=v5.1&hidelb=true&video=v3
music_recognizer: Shazam attempt 2/3 hit an error page (rate limit?); retrying in 2.0s
music_recognizer: No match from Shazam
music_recognizer: No match from Shazam
music_recognizer: No match from Shazam
music_recognizer: Shazam attempt 1/3 hit an error page (rate limit?); retrying in 1.0s
music_recognizer: Shazam attempt 1/3 hit an error page (rate limit?); retrying in 1.0s
music_recognizer: Shazam attempt 2/3 hit an error page (rate limit?); retrying in 2.0s
music_recognizer: Shazam attempt 2/3 hit an error page (rate limit?); retrying in 2.0s
music_recognizer: No match from Shazam
music_recognizer: No match from Shazam
music_recognizer: No match from Shazam
music_recognizer: Shazam attempt 1/3 hit an error page (rate limit?); retrying in 1.0s
music_recognizer: Shazam attempt 2/3 hit an error page (rate limit?); retrying in 2.0s
music_recognizer: Shazam attempt 1/3 hit an error page (rate limit?); retrying in 1.0s
music_recognizer: Audio bytes identification failed: Check args, URL is invalid
URL- https://amp.shazam.com/discovery/v5/en/GB/iphone/-/tag/7EBEF3BE-97CC-4CDC-B0C3-0F001F08B2A4/9D88B482-0E8E-4F10-AEE3-C463BCDB3277?sync=true&webv3=true&sampling=true&connected=&shazamapiversion=v3&sharehub=true&hubv5minorversion=v5.1&hidelb=true&video=v3
music_recognizer: Shazam attempt 2/3 hit an error page (rate limit?); retrying in 2.0s
music_recognizer: No match from Shazam
music_recognizer: No match from Shazam
music_recognizer: No match from Shazam
music_recognizer: Shazam attempt 1/3 hit an error page (rate limit?); retrying in 1.0s
music_recognizer: Shazam attempt 1/3 hit an error page (rate limit?); retrying in 1.0s
music_recognizer: Shazam attempt 2/3 hit an error page (rate limit?); retrying in 2.0s
music_recognizer: Shazam attempt 2/3 hit an error page (rate limit?); retrying in 2.0s
music_recognizer: No match from Shazam
music_recognizer: No match from Shazam
music_recognizer: No match from Shazam
music_recognizer: Shazam attempt 1/3 hit an error page (rate limit?); retrying in 1.0s
music_recognizer: Shazam attempt 2/3 hit an error page (rate limit?); retrying in 2.0s
music_recognizer: Shazam attempt 1/3 hit an error page (rate limit?); retrying in 1.0s
music_recognizer: Audio bytes identification failed: Check args, URL is invalid
URL- https://amp.shazam.com/discovery/v5/en/GB/iphone/-/tag/A268EFDB-E5C4-4770-9614-C4B8802552BC/A8388569-4463-41CF-9F09-8060ED110464?sync=true&webv3=true&sampling=true&connected=&shazamapiversion=v3&sharehub=true&hubv5minorversion=v5.1&hidelb=true&video=v3
music_recognizer: Shazam attempt 2/3 hit an error page (rate limit?); retrying in 2.0s
music_recognizer: No match from Shazam
music_recognizer: No match from Shazam
music_recognizer: No match from Shazam
music_recognizer: Shazam attempt 1/3 hit an error page (rate limit?); retrying in 1.0s
music_recognizer: Shazam attempt 1/3 hit an error page (rate limit?); retrying in 1.0s
music_recognizer: Shazam attempt 2/3 hit an error page (rate limit?); retrying in 2.0s
music_recognizer: Shazam attempt 2/3 hit an error page (rate limit?); retrying in 2.0s
music_recognizer: No match from Shazam
music_recognizer: No match from Shazam
music_recognizer: No match from Shazam
music_recognizer: Shazam attempt 1/3 hit an error page (rate limit?); retrying in 1.0s
music_recognizer: Shazam attempt 2/3 hit an error page (rate limit?); retrying in 2.0s
music_recognizer: Shazam attempt 1/3 hit an error page (rate limit?); retrying in 1.0s
music_recognizer: Audio bytes identification failed: Check args, URL is invalid
URL- https://amp.shazam.com/discovery/v5/en/GB/iphone/-/tag/087E9804-3422-424A-B18A-589DC7C416CC/CD49C80C-E55A-4FE1-A004-2FB69C12B34F?sync=true&webv3=true&sampling=true&connected=&shazamapiversion=v3&sharehub=true&hubv5minorversion=v5.1&hidelb=true&video=v3
music_recognizer: Shazam attempt 2/3 hit an error page (rate limit?); retrying in 2.0s
music_recognizer: No match from Shazam
music_recognizer: No match from Shazam
music_recognizer: No match from Shazam
music_recognizer: Shazam attempt 1/3 hit an error page (rate limit?); retrying in 1.0s
music_recognizer: Shazam attempt 1/3 hit an error page (rate limit?); retrying in 1.0s
music_recognizer: Shazam attempt 2/3 hit an error page (rate limit?); retrying in 2.0s
music_recognizer: Shazam attempt 2/3 hit an error page (rate limit?); retrying in 2.0s
music_recognizer: No match from Shazam
music_recognizer: No match from Shazam
music_recognizer: No match from Shazam
music_recognizer: Shazam attempt 1/3 hit an error page (rate limit?); retrying in 1.0s
music_recognizer: Shazam attempt 2/3 hit an error page (rate limit?); retrying in 2.0s
music_recognizer: Shazam attempt 1/3 hit an error page (rate limit?); retrying in 1.0s
music_recognizer: Audio bytes identification failed: Check args, URL is invalid
URL- https://amp.shazam.com/discovery/v5/en/GB/iphone/-/tag/FA5B6E18-E328-4F54-A97E-5F98421D7925/1EEEB21B-0093-4576-B348-FC0496221319?sync=true&webv3=true&sampling=true&connected=&shazamapiversion=v3&sharehub=true&hubv5minorversion=v5.1&hidelb=true&video=v3
music_recognizer: Shazam attempt 2/3 hit an error page (rate limit?); retrying in 2.0s
music_recognizer: No match from Shazam
music_recognizer: No match from Shazam
music_recognizer: No match from Shazam
music_recognizer: Shazam attempt 1/3 hit an error page (rate limit?); retrying in 1.0s
music_recognizer: Shazam attempt 1/3 hit an error page (rate limit?); retrying in 1.0s
music_recognizer: Shazam attempt 2/3 hit an error page (rate limit?); retrying in 2.0s
music_recognizer: Shazam attempt 2/3 hit an error page (rate limit?); retrying in 2.0s
music_recognizer: No match from Shazam
music_recognizer: No match from Shazam
music_recognizer: No match from Shazam
music_recognizer: Shazam attempt 1/3 hit an error page (rate limit?); retrying in 1.0s
music_recognizer: Shazam attempt 2/3 hit an error page (rate limit?); retrying in 2.0s
music_recognizer: Shazam attempt 1/3 hit an error page (rate limit?); retrying in 1.0s
music_recognizer: Audio bytes identification failed: Check args, URL is invalid
URL- https://amp.shazam.com/discovery/v5/en/GB/iphone/-/tag/9CDFB894-66E9-4613-A051-8B68ACF0477D/8F863FBD-C7D9-4C03-AF09-B923DFC3A361?sync=true&webv3=true&sampling=true&connected=&shazamapiversion=v3&sharehub=true&hubv5minorversion=v5.1&hidelb=true&video=v3
music_recognizer: Shazam attempt 2/3 hit an error page (rate limit?); retrying in 2.0s
music_recognizer: No match from Shazam
music_recognizer: No match from Shazam
music_recognizer: No match from Shazam
music_recognizer: Shazam attempt 1/3 hit an error page (rate limit?); retrying in 1.0s
music_recognizer: Shazam attempt 1/3 hit an error page (rate limit?); retrying in 1.0s
music_recognizer: Shazam attempt 2/3 hit an error page (rate limit?); retrying in 2.0s
music_recognizer: Shazam attempt 2/3 hit an error page (rate limit?); retrying in 2.0s
music_recognizer: No match from Shazam
music_recognizer: No match from Shazam
music_recognizer: No match from Shazam
music_recognizer: Shazam attempt 1/3 hit an error page (rate limit?); retrying in 1.0s
music_recognizer: Shazam attempt 2/3 hit an error page (rate limit?); retrying in 2.0s
music_recognizer: Shazam attempt 1/3 hit an error page (rate limit?); retrying in 1.0s
music_recognizer: Audio bytes identification failed: Check args, URL is invalid
URL- https://amp.shazam.com/discovery/v5/en/GB/iphone/-/tag/F2C53138-287D-4EDA-8122-F70A97395113/0F3D78EA-5444-4FB3-9FA0-403D05E6EB78?sync=true&webv3=true&sampling=true&connected=&shazamapiversion=v3&sharehub=true&hubv5minorversion=v5.1&hidelb=true&video=v3
music_recognizer: Shazam attempt 2/3 hit an error page (rate limit?); retrying in 2.0s
music_recognizer: No match from Shazam
music_recognizer: No match from Shazam
music_recognizer: No match from Shazam
music_recognizer: Shazam attempt 1/3 hit an error page (rate limit?); retrying in 1.0s
music_recognizer: Shazam attempt 1/3 hit an error page (rate limit?); retrying in 1.0s
music_recognizer: Shazam attempt 2/3 hit an error page (rate limit?); retrying in 2.0s
music_recognizer: Shazam attempt 2/3 hit an error page (rate limit?); retrying in 2.0s
music_recognizer: Recognized: CID — Loaded Gun
music_recognizer: No match from Shazam
music_recognizer: No match from Shazam
music_recognizer: Shazam attempt 1/3 hit an error page (rate limit?); retrying in 1.0s
music_recognizer: Shazam attempt 2/3 hit an error page (rate limit?); retrying in 2.0s
music_recognizer: Shazam attempt 1/3 hit an error page (rate limit?); retrying in 1.0s
music_recognizer: Audio bytes identification failed: Check args, URL is invalid
URL- https://amp.shazam.com/discovery/v5/en/GB/iphone/-/tag/1C2D8259-28A6-4572-8A97-416804DF6571/19F4152C-624F-4853-9382-1EB175A362FE?sync=true&webv3=true&sampling=true&connected=&shazamapiversion=v3&sharehub=true&hubv5minorversion=v5.1&hidelb=true&video=v3
music_recognizer: Shazam attempt 2/3 hit an error page (rate limit?); retrying in 2.0s
music_recognizer: No match from Shazam
music_recognizer: No match from Shazam
music_recognizer: No match from Shazam
music_recognizer: Shazam attempt 1/3 hit an error page (rate limit?); retrying in 1.0s
music_recognizer: Shazam attempt 1/3 hit an error page (rate limit?); retrying in 1.0s
music_recognizer: Shazam attempt 2/3 hit an error page (rate limit?); retrying in 2.0s
music_recognizer: Shazam attempt 2/3 hit an error page (rate limit?); retrying in 2.0s
music_recognizer: No match from Shazam
music_recognizer: Recognized: CID — Loaded Gun
music_recognizer: No match from Shazam
music_recognizer: Shazam attempt 1/3 hit an error page (rate limit?); retrying in 1.0s
music_recognizer: Shazam attempt 2/3 hit an error page (rate limit?); retrying in 2.0s
music_recognizer: Shazam attempt 1/3 hit an error page (rate limit?); retrying in 1.0s
music_recognizer: Audio bytes identification failed: Check args, URL is invalid
URL- https://amp.shazam.com/discovery/v5/en/GB/iphone/-/tag/918E86D2-61A9-47D6-B0D0-227B7E6C8575/02C673B0-9D5A-4D6B-AD70-9D89E5F08259?sync=true&webv3=true&sampling=true&connected=&shazamapiversion=v3&sharehub=true&hubv5minorversion=v5.1&hidelb=true&video=v3
music_recognizer: Shazam attempt 2/3 hit an error page (rate limit?); retrying in 2.0s
music_recognizer: No match from Shazam
music_recognizer: No match from Shazam
music_recognizer: No match from Shazam
music_recognizer: Shazam attempt 1/3 hit an error page (rate limit?); retrying in 1.0s
music_recognizer: Shazam attempt 1/3 hit an error page (rate limit?); retrying in 1.0s
music_recognizer: Shazam attempt 2/3 hit an error page (rate limit?); retrying in 2.0s
music_recognizer: Shazam attempt 2/3 hit an error page (rate limit?); retrying in 2.0s
music_recognizer: No match from Shazam
music_recognizer: No match from Shazam
music_recognizer: No match from Shazam
music_recognizer: Shazam attempt 1/3 hit an error page (rate limit?); retrying in 1.0s
music_recognizer: Shazam attempt 2/3 hit an error page (rate limit?); retrying in 2.0s
music_recognizer: Shazam attempt 1/3 hit an error page (rate limit?); retrying in 1.0s
music_recognizer: Audio bytes identification failed: Check args, URL is invalid
URL- https://amp.shazam.com/discovery/v5/en/GB/iphone/-/tag/ADD50DBB-A556-44B1-919E-CDB876D8EF28/A673E8F6-27E1-4495-8513-93D7C3119FDF?sync=true&webv3=true&sampling=true&connected=&shazamapiversion=v3&sharehub=true&hubv5minorversion=v5.1&hidelb=true&video=v3
music_recognizer: Shazam attempt 2/3 hit an error page (rate limit?); retrying in 2.0s
music_recognizer: No match from Shazam
music_recognizer: No match from Shazam
music_recognizer: No match from Shazam
music_recognizer: Shazam attempt 1/3 hit an error page (rate limit?); retrying in 1.0s
music_recognizer: Shazam attempt 1/3 hit an error page (rate limit?); retrying in 1.0s
music_recognizer: Shazam attempt 2/3 hit an error page (rate limit?); retrying in 2.0s
music_recognizer: Shazam attempt 2/3 hit an error page (rate limit?); retrying in 2.0s
music_recognizer: No match from Shazam
music_recognizer: No match from Shazam
music_recognizer: No match from Shazam
music_recognizer: Shazam attempt 1/3 hit an error page (rate limit?); retrying in 1.0s
music_recognizer: Shazam attempt 2/3 hit an error page (rate limit?); retrying in 2.0s
music_recognizer: Shazam attempt 1/3 hit an error page (rate limit?); retrying in 1.0s
music_recognizer: Audio bytes identification failed: Check args, URL is invalid
URL- https://amp.shazam.com/discovery/v5/en/GB/iphone/-/tag/137A29B8-3B43-44DE-93AD-24DA86182CBC/1696C385-7BB4-45C6-BBD0-E35943CCFA15?sync=true&webv3=true&sampling=true&connected=&shazamapiversion=v3&sharehub=true&hubv5minorversion=v5.1&hidelb=true&video=v3
music_recognizer: Shazam attempt 2/3 hit an error page (rate limit?); retrying in 2.0s
music_recognizer: No match from Shazam
music_recognizer: No match from Shazam
music_recognizer: Recognized: Oliver Tree — Hurt
music_recognizer: Shazam attempt 1/3 hit an error page (rate limit?); retrying in 1.0s
music_recognizer: Shazam attempt 1/3 hit an error page (rate limit?); retrying in 1.0s
music_recognizer: Shazam attempt 2/3 hit an error page (rate limit?); retrying in 2.0s
music_recognizer: Shazam attempt 2/3 hit an error page (rate limit?); retrying in 2.0s
music_recognizer: Recognized: Gregor McMurray — What I Want
music_recognizer: Recognized: Oliver Tree — Life Goes On
music_recognizer: No match from Shazam
music_recognizer: Shazam attempt 1/3 hit an error page (rate limit?); retrying in 1.0s
music_recognizer: Shazam attempt 2/3 hit an error page (rate limit?); retrying in 2.0s
music_recognizer: Shazam attempt 1/3 hit an error page (rate limit?); retrying in 1.0s
music_recognizer: Audio bytes identification failed: Check args, URL is invalid
URL- https://amp.shazam.com/discovery/v5/en/GB/iphone/-/tag/276A013E-2E2D-4D16-A545-0109F7CD28BF/8AD2B012-D4E9-4993-A187-F21BF95A35E2?sync=true&webv3=true&sampling=true&connected=&shazamapiversion=v3&sharehub=true&hubv5minorversion=v5.1&hidelb=true&video=v3
music_recognizer: Shazam attempt 2/3 hit an error page (rate limit?); retrying in 2.0s
music_recognizer: No match from Shazam
music_recognizer: No match from Shazam
music_recognizer: No match from Shazam
music_recognizer: Shazam attempt 1/3 hit an error page (rate limit?); retrying in 1.0s
music_recognizer: Shazam attempt 1/3 hit an error page (rate limit?); retrying in 1.0s
music_recognizer: Shazam attempt 2/3 hit an error page (rate limit?); retrying in 2.0s
music_recognizer: Shazam attempt 2/3 hit an error page (rate limit?); retrying in 2.0s
music_recognizer: No match from Shazam
music_recognizer: No match from Shazam
music_recognizer: No match from Shazam
music_recognizer: Shazam attempt 1/3 hit an error page (rate limit?); retrying in 1.0s
music_recognizer: Shazam attempt 2/3 hit an error page (rate limit?); retrying in 2.0s
music_recognizer: Shazam attempt 1/3 hit an error page (rate limit?); retrying in 1.0s
music_recognizer: Audio bytes identification failed: Check args, URL is invalid
URL- https://amp.shazam.com/discovery/v5/en/GB/iphone/-/tag/1AB19A20-9BFA-43DB-8991-90ED84DA172F/4BD08F36-F338-41C2-86D7-0A8F67A51E94?sync=true&webv3=true&sampling=true&connected=&shazamapiversion=v3&sharehub=true&hubv5minorversion=v5.1&hidelb=true&video=v3
music_recognizer: Shazam attempt 2/3 hit an error page (rate limit?); retrying in 2.0s
music_recognizer: No match from Shazam
music_recognizer: No match from Shazam
music_recognizer: No match from Shazam
music_recognizer: Shazam attempt 1/3 hit an error page (rate limit?); retrying in 1.0s
music_recognizer: Shazam attempt 1/3 hit an error page (rate limit?); retrying in 1.0s
music_recognizer: Shazam attempt 2/3 hit an error page (rate limit?); retrying in 2.0s
music_recognizer: Shazam attempt 2/3 hit an error page (rate limit?); retrying in 2.0s
music_recognizer: No match from Shazam
music_recognizer: No match from Shazam
music_recognizer: No match from Shazam
music_recognizer: Shazam attempt 1/3 hit an error page (rate limit?); retrying in 1.0s
music_recognizer: Shazam attempt 2/3 hit an error page (rate limit?); retrying in 2.0s
music_recognizer: Shazam attempt 1/3 hit an error page (rate limit?); retrying in 1.0s
music_recognizer: Audio bytes identification failed: Check args, URL is invalid
URL- https://amp.shazam.com/discovery/v5/en/GB/iphone/-/tag/D49772A0-6AA4-4A11-8EF2-2545A47FF870/4769A420-5028-435C-AAA2-32E1D3D219FE?sync=true&webv3=true&sampling=true&connected=&shazamapiversion=v3&sharehub=true&hubv5minorversion=v5.1&hidelb=true&video=v3
music_recognizer: Shazam attempt 2/3 hit an error page (rate limit?); retrying in 2.0s
music_recognizer: No match from Shazam
music_recognizer: No match from Shazam
music_recognizer: No match from Shazam
music_recognizer: Shazam attempt 1/3 hit an error page (rate limit?); retrying in 1.0s
music_recognizer: Shazam attempt 1/3 hit an error page (rate limit?); retrying in 1.0s
music_recognizer: Shazam attempt 2/3 hit an error page (rate limit?); retrying in 2.0s
music_recognizer: Shazam attempt 2/3 hit an error page (rate limit?); retrying in 2.0s
music_recognizer: No match from Shazam
music_recognizer: No match from Shazam
music_recognizer: No match from Shazam
music_recognizer: Shazam attempt 1/3 hit an error page (rate limit?); retrying in 1.0s
music_recognizer: Shazam attempt 2/3 hit an error page (rate limit?); retrying in 2.0s
music_recognizer: Shazam attempt 1/3 hit an error page (rate limit?); retrying in 1.0s
music_recognizer: Audio bytes identification failed: Check args, URL is invalid
URL- https://amp.shazam.com/discovery/v5/en/GB/iphone/-/tag/2C62E806-C6F2-40D2-8B19-9FB71956BCD8/AFE5F87F-4A2E-424E-B472-7487F9C90033?sync=true&webv3=true&sampling=true&connected=&shazamapiversion=v3&sharehub=true&hubv5minorversion=v5.1&hidelb=true&video=v3
music_recognizer: Shazam attempt 2/3 hit an error page (rate limit?); retrying in 2.0s
music_recognizer: No match from Shazam
music_recognizer: Recognized: Prezioso & Marvin — The Riddle
music_recognizer: Recognized: Prezioso & Marvin — The Riddle (Alternative Radio Edit Mix)
music_recognizer: Shazam attempt 1/3 hit an error page (rate limit?); retrying in 1.0s
music_recognizer: Shazam attempt 2/3 hit an error page (rate limit?); retrying in 2.0s
music_recognizer: Audio bytes identification failed: Check args, URL is invalid
URL- https://amp.shazam.com/discovery/v5/en/GB/iphone/-/tag/66676400-F626-4D10-BCE4-ED1220C221BB/D6EAFFF3-1A16-410C-892F-E076ED110E5A?sync=true&webv3=true&sampling=true&connected=&shazamapiversion=v3&sharehub=true&hubv5minorversion=v5.1&hidelb=true&video=v3
music_recognizer: Shazam attempt 1/3 hit an error page (rate limit?); retrying in 1.0s
music_recognizer: No match from Shazam
music_recognizer: No match from Shazam
music_recognizer: No match from Shazam
music_recognizer: Shazam attempt 1/3 hit an error page (rate limit?); retrying in 1.0s
music_recognizer: Shazam attempt 2/3 hit an error page (rate limit?); retrying in 2.0s
music_recognizer: Shazam attempt 1/3 hit an error page (rate limit?); retrying in 1.0s
music_recognizer: Audio bytes identification failed: Check args, URL is invalid
URL- https://amp.shazam.com/discovery/v5/en/GB/iphone/-/tag/08D03105-C045-47CC-ADB1-6C989D2E784D/58204BC8-5075-44FA-B12B-AFB0CD500645?sync=true&webv3=true&sampling=true&connected=&shazamapiversion=v3&sharehub=true&hubv5minorversion=v5.1&hidelb=true&video=v3
music_recognizer: No match from Shazam
music_recognizer: No match from Shazam
music_recognizer: No match from Shazam
music_recognizer: Shazam attempt 1/3 hit an error page (rate limit?); retrying in 1.0s
music_recognizer: Shazam attempt 1/3 hit an error page (rate limit?); retrying in 1.0s
music_recognizer: Shazam attempt 2/3 hit an error page (rate limit?); retrying in 2.0s
music_recognizer: Shazam attempt 2/3 hit an error page (rate limit?); retrying in 2.0s
music_recognizer: No match from Shazam
music_recognizer: No match from Shazam
music_recognizer: No match from Shazam
music_recognizer: Shazam attempt 1/3 hit an error page (rate limit?); retrying in 1.0s
music_recognizer: Shazam attempt 2/3 hit an error page (rate limit?); retrying in 2.0s
music_recognizer: Shazam attempt 1/3 hit an error page (rate limit?); retrying in 1.0s
music_recognizer: Audio bytes identification failed: Check args, URL is invalid
URL- https://amp.shazam.com/discovery/v5/en/GB/iphone/-/tag/0E3ED5B1-7CFC-4FCE-91A3-635D422DC9D7/85FBC818-B611-4CC0-A25A-335EF50E543C?sync=true&webv3=true&sampling=true&connected=&shazamapiversion=v3&sharehub=true&hubv5minorversion=v5.1&hidelb=true&video=v3
music_recognizer: Shazam attempt 2/3 hit an error page (rate limit?); retrying in 2.0s
music_recognizer: Recognized: Eminem — Houdini
music_recognizer: Recognized: Eminem — Houdini
mood_orchestrator: Mood generation failed for 'eminem||houdini||the death of slim shady (coup de grâce)': Effect 110 is not allowed. Safe effects: 2=Breathe, 8=Colorloop, 9=Rainbow, 12=Fade, 28=Chase, 30=Chase Rainbow, 33=Rainbow Runner, 37=Chase 2, 52=Running Dual, 54=Chase 3, 62=Oscillate, 63=Pride 2015, 64=Juggle, 67=Colorwaves, 74=Lake, 76=Meteor Smooth, 90=Sinelon, 92=Sinelon Rainbow, 98=Pacifica, 105=Sine, 108=Flow, 115=Drift Rose, 120=Waving Cell, 122=Pixelwave, 130=Waterfall, 162=Drift, 163=Waverly, 172=Swirl, 179=Flow Stripe, 183=Wavesins.; using ambient.
music_recognizer: No match from Shazam
music_recognizer: Shazam attempt 1/3 hit an error page (rate limit?); retrying in 1.0s
music_recognizer: Shazam attempt 2/3 hit an error page (rate limit?); retrying in 2.0s
music_recognizer: Audio bytes identification failed: Check args, URL is invalid
URL- https://amp.shazam.com/discovery/v5/en/GB/iphone/-/tag/8ED90101-B80D-441A-9F54-802C3C9C0DFF/0855BE04-C378-4758-A078-51000303C626?sync=true&webv3=true&sampling=true&connected=&shazamapiversion=v3&sharehub=true&hubv5minorversion=v5.1&hidelb=true&video=v3
music_recognizer: No match from Shazam
music_recognizer: Recognized: Eminem — Houdini
music_recognizer: No match from Shazam
music_recognizer: Shazam attempt 1/3 hit an error page (rate limit?); retrying in 1.0s
music_recognizer: Shazam attempt 2/3 hit an error page (rate limit?); retrying in 2.0s
music_recognizer: Shazam attempt 1/3 hit an error page (rate limit?); retrying in 1.0s
music_recognizer: Audio bytes identification failed: Check args, URL is invalid
URL- https://amp.shazam.com/discovery/v5/en/GB/iphone/-/tag/F38B730B-B52D-428B-B665-1FD2BA8B4C2D/4D5FDA4C-5028-4D87-BFB8-A58251CA8E82?sync=true&webv3=true&sampling=true&connected=&shazamapiversion=v3&sharehub=true&hubv5minorversion=v5.1&hidelb=true&video=v3
music_recognizer: Recognized: Eminem — Houdini
music_recognizer: Recognized: Eminem — Houdini
music_recognizer: No match from Shazam
music_recognizer: Shazam attempt 1/3 hit an error page (rate limit?); retrying in 1.0s
music_recognizer: Shazam attempt 2/3 hit an error page (rate limit?); retrying in 2.0s
music_recognizer: Shazam attempt 1/3 hit an error page (rate limit?); retrying in 1.0s
music_recognizer: Audio bytes identification failed: Check args, URL is invalid
URL- https://amp.shazam.com/discovery/v5/en/GB/iphone/-/tag/FBC851EB-0AF3-4041-8969-21B67CD28119/507D38C5-81E7-46BC-8A0F-E4BE6A78FD19?sync=true&webv3=true&sampling=true&connected=&shazamapiversion=v3&sharehub=true&hubv5minorversion=v5.1&hidelb=true&video=v3
music_recognizer: Recognized: Eminem — Houdini
music_recognizer: Recognized: Eminem — Houdini
music_recognizer: Recognized: Eminem — Houdini
music_recognizer: Shazam attempt 1/3 hit an error page (rate limit?); retrying in 1.0s
music_recognizer: Shazam attempt 2/3 hit an error page (rate limit?); retrying in 2.0s
music_recognizer: Audio bytes identification failed: Check args, URL is invalid
URL- https://amp.shazam.com/discovery/v5/en/GB/iphone/-/tag/C2A43DE3-2E7A-4867-9FA6-D8ED5C7293B5/02CA9581-81B5-45DC-A8BC-2D67057BB1A4?sync=true&webv3=true&sampling=true&connected=&shazamapiversion=v3&sharehub=true&hubv5minorversion=v5.1&hidelb=true&video=v3
music_recognizer: Shazam attempt 1/3 hit an error page (rate limit?); retrying in 1.0s
music_recognizer: Shazam attempt 2/3 hit an error page (rate limit?); retrying in 2.0s
music_recognizer: No match from Shazam
music_recognizer: No match from Shazam
music_recognizer: No match from Shazam
music_recognizer: Shazam attempt 1/3 hit an error page (rate limit?); retrying in 1.0s
music_recognizer: Shazam attempt 1/3 hit an error page (rate limit?); retrying in 1.0s
music_recognizer: Shazam attempt 2/3 hit an error page (rate limit?); retrying in 2.0s
music_recognizer: Shazam attempt 2/3 hit an error page (rate limit?); retrying in 2.0s
music_recognizer: No match from Shazam
music_recognizer: No match from Shazam
music_recognizer: No match from Shazam
music_recognizer: Shazam attempt 1/3 hit an error page (rate limit?); retrying in 1.0s
music_recognizer: Shazam attempt 2/3 hit an error page (rate limit?); retrying in 2.0s
music_recognizer: Shazam attempt 1/3 hit an error page (rate limit?); retrying in 1.0s
music_recognizer: Audio bytes identification failed: Check args, URL is invalid
URL- https://amp.shazam.com/discovery/v5/en/GB/iphone/-/tag/EC52BBA6-66D6-4E1A-99A5-CB72FC9785CA/35734BBE-D3A4-4136-A1B6-2064F268472B?sync=true&webv3=true&sampling=true&connected=&shazamapiversion=v3&sharehub=true&hubv5minorversion=v5.1&hidelb=true&video=v3
music_recognizer: Shazam attempt 2/3 hit an error page (rate limit?); retrying in 2.0s
music_recognizer: No match from Shazam
music_recognizer: No match from Shazam
music_recognizer: No match from Shazam
music_recognizer: Shazam attempt 1/3 hit an error page (rate limit?); retrying in 1.0s
music_recognizer: Shazam attempt 1/3 hit an error page (rate limit?); retrying in 1.0s
music_recognizer: Shazam attempt 2/3 hit an error page (rate limit?); retrying in 2.0s
music_recognizer: Shazam attempt 2/3 hit an error page (rate limit?); retrying in 2.0s
music_recognizer: No match from Shazam
music_recognizer: No match from Shazam
music_recognizer: Recognized: VALORANT Music & bbno$ — in my zone
music_recognizer: Shazam attempt 1/3 hit an error page (rate limit?); retrying in 1.0s
music_recognizer: Shazam attempt 2/3 hit an error page (rate limit?); retrying in 2.0s
music_recognizer: Audio bytes identification failed: Check args, URL is invalid
URL- https://amp.shazam.com/discovery/v5/en/GB/iphone/-/tag/68246247-49EF-4237-AB48-59700858469D/03F061FF-6861-4C63-B3E5-CDD39F23C4B6?sync=true&webv3=true&sampling=true&connected=&shazamapiversion=v3&sharehub=true&hubv5minorversion=v5.1&hidelb=true&video=v3
music_recognizer: Shazam attempt 1/3 hit an error page (rate limit?); retrying in 1.0s
music_recognizer: Shazam attempt 2/3 hit an error page (rate limit?); retrying in 2.0s
music_recognizer: Recognized: VALORANT Music & bbno$ — in my zone
music_recognizer: Recognized: VALORANT Music & bbno$ — in my zone
music_recognizer: No match from Shazam
music_recognizer: Shazam attempt 1/3 hit an error page (rate limit?); retrying in 1.0s
music_recognizer: Shazam attempt 2/3 hit an error page (rate limit?); retrying in 2.0s
music_recognizer: Audio bytes identification failed: Check args, URL is invalid
URL- https://amp.shazam.com/discovery/v5/en/GB/iphone/-/tag/E8516217-8DFE-4D4B-A460-4A06106B4547/CCD3465E-B204-491B-85E8-03AC5B973A90?sync=true&webv3=true&sampling=true&connected=&shazamapiversion=v3&sharehub=true&hubv5minorversion=v5.1&hidelb=true&video=v3
music_recognizer: No match from Shazam
music_recognizer: Recognized: VALORANT Music & bbno$ — in my zone
music_recognizer: Recognized: VALORANT Music & bbno$ — in my zone
music_recognizer: Shazam attempt 1/3 hit an error page (rate limit?); retrying in 1.0s
music_recognizer: Shazam attempt 2/3 hit an error page (rate limit?); retrying in 2.0s
music_recognizer: Audio bytes identification failed: Check args, URL is invalid
URL- https://amp.shazam.com/discovery/v5/en/GB/iphone/-/tag/E85FDBA2-C5B6-417D-B708-8634B2659645/67A49D39-C0F5-47B4-B69A-7D499C481253?sync=true&webv3=true&sampling=true&connected=&shazamapiversion=v3&sharehub=true&hubv5minorversion=v5.1&hidelb=true&video=v3
music_recognizer: No match from Shazam
music_recognizer: No match from Shazam
music_recognizer: Recognized: Elvis Presley — Kentucky Rain
music_recognizer: Shazam attempt 1/3 hit an error page (rate limit?); retrying in 1.0s
mood_orchestrator: Mood generation failed for 'elvis presley||kentucky rain||from elvis in memphis': Effect 56 is not allowed. Safe effects: 2=Breathe, 8=Colorloop, 9=Rainbow, 12=Fade, 28=Chase, 30=Chase Rainbow, 33=Rainbow Runner, 37=Chase 2, 52=Running Dual, 54=Chase 3, 62=Oscillate, 63=Pride 2015, 64=Juggle, 67=Colorwaves, 74=Lake, 76=Meteor Smooth, 90=Sinelon, 92=Sinelon Rainbow, 98=Pacifica, 105=Sine, 108=Flow, 115=Drift Rose, 120=Waving Cell, 122=Pixelwave, 130=Waterfall, 162=Drift, 163=Waverly, 172=Swirl, 179=Flow Stripe, 183=Wavesins.; using ambient.
music_recognizer: Shazam attempt 2/3 hit an error page (rate limit?); retrying in 2.0s
music_recognizer: Audio bytes identification failed: Check args, URL is invalid
URL- https://amp.shazam.com/discovery/v5/en/GB/iphone/-/tag/AF9665B7-6502-47A7-8E3A-08E56BE2BAA9/8C388F89-CD50-4B3C-B517-0874F6926235?sync=true&webv3=true&sampling=true&connected=&shazamapiversion=v3&sharehub=true&hubv5minorversion=v5.1&hidelb=true&video=v3
music_recognizer: Shazam attempt 1/3 hit an error page (rate limit?); retrying in 1.0s
music_recognizer: Recognized: Elvis Presley — Kentucky Rain
music_recognizer: Recognized: Elvis Presley — Kentucky Rain
music_recognizer: Recognized: Elvis Presley — Kentucky Rain
music_recognizer: Shazam attempt 1/3 hit an error page (rate limit?); retrying in 1.0s
music_recognizer: Shazam attempt 2/3 hit an error page (rate limit?); retrying in 2.0s
music_recognizer: Audio bytes identification failed: Check args, URL is invalid
URL- https://amp.shazam.com/discovery/v5/en/GB/iphone/-/tag/AEEC5EB4-6E64-4B38-B15E-1B9AAB3438CA/BD3E044E-6538-4728-8898-CCF36ABC5327?sync=true&webv3=true&sampling=true&connected=&shazamapiversion=v3&sharehub=true&hubv5minorversion=v5.1&hidelb=true&video=v3
music_recognizer: Shazam attempt 1/3 hit an error page (rate limit?); retrying in 1.0s
music_recognizer: Recognized: Elvis Presley — Kentucky Rain
music_recognizer: Recognized: Elvis Presley — Kentucky Rain
music_recognizer: Recognized: Elvis Presley — Kentucky Rain
music_recognizer: Shazam attempt 1/3 hit an error page (rate limit?); retrying in 1.0s
music_recognizer: Shazam attempt 2/3 hit an error page (rate limit?); retrying in 2.0s
music_recognizer: Shazam attempt 1/3 hit an error page (rate limit?); retrying in 1.0s
music_recognizer: Audio bytes identification failed: Check args, URL is invalid
URL- https://amp.shazam.com/discovery/v5/en/GB/iphone/-/tag/EC2912F5-EFEB-4F89-901E-036B1A041BBF/028F3CDD-0C43-40CE-BA7C-541BE5F7695A?sync=true&webv3=true&sampling=true&connected=&shazamapiversion=v3&sharehub=true&hubv5minorversion=v5.1&hidelb=true&video=v3
music_recognizer: No match from Shazam
music_recognizer: Recognized: Elvis Presley — Kentucky Rain
music_recognizer: No match from Shazam
music_recognizer: Shazam attempt 1/3 hit an error page (rate limit?); retrying in 1.0s
music_recognizer: Shazam attempt 2/3 hit an error page (rate limit?); retrying in 2.0s
music_recognizer: Shazam attempt 1/3 hit an error page (rate limit?); retrying in 1.0s
music_recognizer: Audio bytes identification failed: Check args, URL is invalid
URL- https://amp.shazam.com/discovery/v5/en/GB/iphone/-/tag/3202C244-1DF2-4E67-B6CA-E8A1136DF26E/2CC8FE99-75C8-4107-AFDE-088FC78020F3?sync=true&webv3=true&sampling=true&connected=&shazamapiversion=v3&sharehub=true&hubv5minorversion=v5.1&hidelb=true&video=v3
music_recognizer: No match from Shazam
music_recognizer: No match from Shazam
music_recognizer: No match from Shazam
music_recognizer: Shazam attempt 1/3 hit an error page (rate limit?); retrying in 1.0s
music_recognizer: Shazam attempt 2/3 hit an error page (rate limit?); retrying in 2.0s
music_recognizer: Shazam attempt 1/3 hit an error page (rate limit?); retrying in 1.0s
music_recognizer: Audio bytes identification failed: Check args, URL is invalid
URL- https://amp.shazam.com/discovery/v5/en/GB/iphone/-/tag/121C5224-AABC-4D1F-AC3D-A0DED8862BC1/DC1239FE-4A4A-4F5E-BB4D-D60C97FC6C71?sync=true&webv3=true&sampling=true&connected=&shazamapiversion=v3&sharehub=true&hubv5minorversion=v5.1&hidelb=true&video=v3
music_recognizer: Shazam attempt 2/3 hit an error page (rate limit?); retrying in 2.0s
music_recognizer: No match from Shazam
music_recognizer: No match from Shazam
music_recognizer: No match from Shazam
music_recognizer: Shazam attempt 1/3 hit an error page (rate limit?); retrying in 1.0s
music_recognizer: Shazam attempt 2/3 hit an error page (rate limit?); retrying in 2.0s
music_recognizer: Shazam attempt 1/3 hit an error page (rate limit?); retrying in 1.0s
music_recognizer: Audio bytes identification failed: Check args, URL is invalid
URL- https://amp.shazam.com/discovery/v5/en/GB/iphone/-/tag/044464FF-D998-47FC-85EA-64008B67263A/F23454E7-4823-491A-AEA6-92ACC6549097?sync=true&webv3=true&sampling=true&connected=&shazamapiversion=v3&sharehub=true&hubv5minorversion=v5.1&hidelb=true&video=v3
music_recognizer: Recognized: John Fogerty — Vanz Kant Danz
music_recognizer: Recognized: John Fogerty — Vanz Kant Danz
music_recognizer: Recognized: John Fogerty — Vanz Kant Danz
music_recognizer: Shazam attempt 1/3 hit an error page (rate limit?); retrying in 1.0s
music_recognizer: Shazam attempt 2/3 hit an error page (rate limit?); retrying in 2.0s
music_recognizer: Audio bytes identification failed: Check args, URL is invalid
URL- https://amp.shazam.com/discovery/v5/en/GB/iphone/-/tag/297589B7-A1E1-4E88-A1C6-1FE7222073C0/E5DEE8E7-C23A-44F1-A91A-4F3AEF5C3AC2?sync=true&webv3=true&sampling=true&connected=&shazamapiversion=v3&sharehub=true&hubv5minorversion=v5.1&hidelb=true&video=v3
music_recognizer: Shazam attempt 1/3 hit an error page (rate limit?); retrying in 1.0s
music_recognizer: Shazam attempt 2/3 hit an error page (rate limit?); retrying in 2.0s
music_recognizer: Recognized: John Fogerty — Vanz Kant Danz
music_recognizer: Recognized: John Fogerty — Vanz Kant Danz
music_recognizer: Recognized: John Fogerty — Vanz Kant Danz
music_recognizer: Shazam attempt 1/3 hit an error page (rate limit?); retrying in 1.0s
music_recognizer: Shazam attempt 2/3 hit an error page (rate limit?); retrying in 2.0s
music_recognizer: Audio bytes identification failed: Check args, URL is invalid
URL- https://amp.shazam.com/discovery/v5/en/GB/iphone/-/tag/35A57D03-2312-470C-ACA2-EB3EC754DAC0/F22A5903-509B-40C5-A2CF-7A23818B6B85?sync=true&webv3=true&sampling=true&connected=&shazamapiversion=v3&sharehub=true&hubv5minorversion=v5.1&hidelb=true&video=v3
music_recognizer: Recognized: John Fogerty — Vanz Kant Danz
music_recognizer: Recognized: John Fogerty — Vanz Kant Danz
music_recognizer: No match from Shazam
music_recognizer: Shazam attempt 1/3 hit an error page (rate limit?); retrying in 1.0s
music_recognizer: Shazam attempt 2/3 hit an error page (rate limit?); retrying in 2.0s
music_recognizer: Audio bytes identification failed: Check args, URL is invalid
URL- https://amp.shazam.com/discovery/v5/en/GB/iphone/-/tag/1358D6F4-852F-43F8-BC85-3AD98A009974/7B01FA0A-661C-4395-90CC-0B06B5ADDE32?sync=true&webv3=true&sampling=true&connected=&shazamapiversion=v3&sharehub=true&hubv5minorversion=v5.1&hidelb=true&video=v3
music_recognizer: Shazam attempt 1/3 hit an error page (rate limit?); retrying in 1.0s
music_recognizer: No match from Shazam
music_recognizer: No match from Shazam
music_recognizer: No match from Shazam
music_recognizer: Shazam attempt 1/3 hit an error page (rate limit?); retrying in 1.0s
music_recognizer: Shazam attempt 2/3 hit an error page (rate limit?); retrying in 2.0s
music_recognizer: Shazam attempt 1/3 hit an error page (rate limit?); retrying in 1.0s
music_recognizer: Audio bytes identification failed: Check args, URL is invalid
URL- https://amp.shazam.com/discovery/v5/en/GB/iphone/-/tag/D7505F63-8194-4F75-B81F-0A4608859441/D7BF599A-F067-4128-9962-C155025756A7?sync=true&webv3=true&sampling=true&connected=&shazamapiversion=v3&sharehub=true&hubv5minorversion=v5.1&hidelb=true&video=v3
music_recognizer: No match from Shazam
music_recognizer: Recognized: Oliver Tree — Joyride
music_recognizer: Recognized: Oliver Tree — Joyride
music_recognizer: Shazam attempt 1/3 hit an error page (rate limit?); retrying in 1.0s
music_recognizer: Shazam attempt 2/3 hit an error page (rate limit?); retrying in 2.0s
music_recognizer: Audio bytes identification failed: Check args, URL is invalid
URL- https://amp.shazam.com/discovery/v5/en/GB/iphone/-/tag/078A664F-31A6-4D9A-8FE6-5C5DF782C4C9/52A81861-A337-40EC-A88E-BA7DD7DCBFCB?sync=true&webv3=true&sampling=true&connected=&shazamapiversion=v3&sharehub=true&hubv5minorversion=v5.1&hidelb=true&video=v3
music_recognizer: Shazam attempt 1/3 hit an error page (rate limit?); retrying in 1.0s
music_recognizer: No match from Shazam
music_recognizer: No match from Shazam
music_recognizer: No match from Shazam
music_recognizer: Shazam attempt 1/3 hit an error page (rate limit?); retrying in 1.0s
music_recognizer: Shazam attempt 2/3 hit an error page (rate limit?); retrying in 2.0s
music_recognizer: Shazam attempt 1/3 hit an error page (rate limit?); retrying in 1.0s
music_recognizer: Audio bytes identification failed: Check args, URL is invalid
URL- https://amp.shazam.com/discovery/v5/en/GB/iphone/-/tag/21123DD3-AD5E-4B83-BBAC-967CFAC69360/5274452E-E233-4B88-9874-7868FD1432CE?sync=true&webv3=true&sampling=true&connected=&shazamapiversion=v3&sharehub=true&hubv5minorversion=v5.1&hidelb=true&video=v3
music_recognizer: No match from Shazam
music_recognizer: No match from Shazam
music_recognizer: No match from Shazam
music_recognizer: Shazam attempt 1/3 hit an error page (rate limit?); retrying in 1.0s
music_recognizer: Shazam attempt 2/3 hit an error page (rate limit?); retrying in 2.0s
music_recognizer: Shazam attempt 1/3 hit an error page (rate limit?); retrying in 1.0s
music_recognizer: Audio bytes identification failed: Check args, URL is invalid
URL- https://amp.shazam.com/discovery/v5/en/GB/iphone/-/tag/2190FAE2-92FD-417B-97CA-CCC6506C2CF7/794B749B-43D3-4855-B967-B51B790197A8?sync=true&webv3=true&sampling=true&connected=&shazamapiversion=v3&sharehub=true&hubv5minorversion=v5.1&hidelb=true&video=v3
music_recognizer: No match from Shazam
music_recognizer: Recognized: Zeds Dead & Subtronics — Gassed Up VIP (feat. Flowdan)
music_recognizer: No match from Shazam
mood_orchestrator: Mood generation failed for 'zeds dead & subtronics||gassed up vip (feat. flowdan)||antifractals': Effect 68 is not allowed. Safe effects: 2=Breathe, 8=Colorloop, 9=Rainbow, 12=Fade, 28=Chase, 30=Chase Rainbow, 33=Rainbow Runner, 37=Chase 2, 52=Running Dual, 54=Chase 3, 62=Oscillate, 63=Pride 2015, 64=Juggle, 67=Colorwaves, 74=Lake, 76=Meteor Smooth, 90=Sinelon, 92=Sinelon Rainbow, 98=Pacifica, 105=Sine, 108=Flow, 115=Drift Rose, 120=Waving Cell, 122=Pixelwave, 130=Waterfall, 162=Drift, 163=Waverly, 172=Swirl, 179=Flow Stripe, 183=Wavesins.; using ambient.
music_recognizer: Shazam attempt 1/3 hit an error page (rate limit?); retrying in 1.0s
music_recognizer: Shazam attempt 2/3 hit an error page (rate limit?); retrying in 2.0s
music_recognizer: Shazam attempt 1/3 hit an error page (rate limit?); retrying in 1.0s
music_recognizer: Audio bytes identification failed: Check args, URL is invalid
URL- https://amp.shazam.com/discovery/v5/en/GB/iphone/-/tag/48E49DE4-42EA-42CD-8F69-9CC52EB6763A/C242700F-17F3-4379-9D20-CC2597272ADE?sync=true&webv3=true&sampling=true&connected=&shazamapiversion=v3&sharehub=true&hubv5minorversion=v5.1&hidelb=true&video=v3
music_recognizer: Shazam attempt 2/3 hit an error page (rate limit?); retrying in 2.0s
music_recognizer: No match from Shazam
music_recognizer: No match from Shazam
music_recognizer: No match from Shazam
music_recognizer: Shazam attempt 1/3 hit an error page (rate limit?); retrying in 1.0s
music_recognizer: Shazam attempt 2/3 hit an error page (rate limit?); retrying in 2.0s
music_recognizer: Shazam attempt 1/3 hit an error page (rate limit?); retrying in 1.0s
music_recognizer: Audio bytes identification failed: Check args, URL is invalid
URL- https://amp.shazam.com/discovery/v5/en/GB/iphone/-/tag/B97A3C4D-70F8-4A0D-A57C-990D59BFC08B/4765F94F-C324-458A-B147-F63A8100206C?sync=true&webv3=true&sampling=true&connected=&shazamapiversion=v3&sharehub=true&hubv5minorversion=v5.1&hidelb=true&video=v3
music_recognizer: No match from Shazam
music_recognizer: No match from Shazam
music_recognizer: No match from Shazam
music_recognizer: Shazam attempt 1/3 hit an error page (rate limit?); retrying in 1.0s
music_recognizer: Shazam attempt 2/3 hit an error page (rate limit?); retrying in 2.0s
music_recognizer: Shazam attempt 1/3 hit an error page (rate limit?); retrying in 1.0s
music_recognizer: Audio bytes identification failed: Check args, URL is invalid
URL- https://amp.shazam.com/discovery/v5/en/GB/iphone/-/tag/2DBAC7D3-E77D-4428-947F-32A55F6E542F/34793D8F-5A73-4E37-8CF3-F4935AC6980C?sync=true&webv3=true&sampling=true&connected=&shazamapiversion=v3&sharehub=true&hubv5minorversion=v5.1&hidelb=true&video=v3
music_recognizer: Shazam attempt 2/3 hit an error page (rate limit?); retrying in 2.0s
music_recognizer: No match from Shazam
music_recognizer: No match from Shazam
music_recognizer: No match from Shazam
music_recognizer: Shazam attempt 1/3 hit an error page (rate limit?); retrying in 1.0s
music_recognizer: Shazam attempt 2/3 hit an error page (rate limit?); retrying in 2.0s
music_recognizer: Shazam attempt 1/3 hit an error page (rate limit?); retrying in 1.0s
music_recognizer: Audio bytes identification failed: Check args, URL is invalid
URL- https://amp.shazam.com/discovery/v5/en/GB/iphone/-/tag/0FC5CC6A-4BE9-4211-A9DD-230064218754/886B8040-F44A-4695-8B03-13FAC8F5E832?sync=true&webv3=true&sampling=true&connected=&shazamapiversion=v3&sharehub=true&hubv5minorversion=v5.1&hidelb=true&video=v3
music_recognizer: No match from Shazam
music_recognizer: No match from Shazam
music_recognizer: No match from Shazam
music_recognizer: Shazam attempt 1/3 hit an error page (rate limit?); retrying in 1.0s
music_recognizer: Shazam attempt 2/3 hit an error page (rate limit?); retrying in 2.0s
music_recognizer: Shazam attempt 1/3 hit an error page (rate limit?); retrying in 1.0s
music_recognizer: Audio bytes identification failed: Check args, URL is invalid
URL- https://amp.shazam.com/discovery/v5/en/GB/iphone/-/tag/B67F65BE-6557-4DF8-A92D-F3870667CB83/85215F8E-C060-48DA-BF45-B02019F3A04A?sync=true&webv3=true&sampling=true&connected=&shazamapiversion=v3&sharehub=true&hubv5minorversion=v5.1&hidelb=true&video=v3
music_recognizer: Shazam attempt 2/3 hit an error page (rate limit?); retrying in 2.0s
music_recognizer: No match from Shazam
music_recognizer: No match from Shazam
music_recognizer: No match from Shazam
music_recognizer: Shazam attempt 1/3 hit an error page (rate limit?); retrying in 1.0s
music_recognizer: Shazam attempt 2/3 hit an error page (rate limit?); retrying in 2.0s
music_recognizer: Shazam attempt 1/3 hit an error page (rate limit?); retrying in 1.0s
music_recognizer: Audio bytes identification failed: Check args, URL is invalid
URL- https://amp.shazam.com/discovery/v5/en/GB/iphone/-/tag/AB03456E-58B0-4DE0-9C13-8CFA44953F4F/0D5B2C2E-FE67-4376-8F3E-9E9B828DBC1C?sync=true&webv3=true&sampling=true&connected=&shazamapiversion=v3&sharehub=true&hubv5minorversion=v5.1&hidelb=true&video=v3
music_recognizer: No match from Shazam
music_recognizer: No match from Shazam
music_recognizer: No match from Shazam
music_recognizer: Shazam attempt 1/3 hit an error page (rate limit?); retrying in 1.0s
music_recognizer: Shazam attempt 2/3 hit an error page (rate limit?); retrying in 2.0s
music_recognizer: Shazam attempt 1/3 hit an error page (rate limit?); retrying in 1.0s
music_recognizer: Audio bytes identification failed: Check args, URL is invalid
URL- https://amp.shazam.com/discovery/v5/en/GB/iphone/-/tag/E9E1E123-66E0-4FC4-9346-6C8B27B4DCD8/B9537DDA-E170-467F-9129-EF81E6C1138B?sync=true&webv3=true&sampling=true&connected=&shazamapiversion=v3&sharehub=true&hubv5minorversion=v5.1&hidelb=true&video=v3
music_recognizer: Shazam attempt 2/3 hit an error page (rate limit?); retrying in 2.0s
music_recognizer: No match from Shazam
music_recognizer: No match from Shazam
music_recognizer: No match from Shazam
music_recognizer: Shazam attempt 1/3 hit an error page (rate limit?); retrying in 1.0s
music_recognizer: Shazam attempt 2/3 hit an error page (rate limit?); retrying in 2.0s
music_recognizer: Shazam attempt 1/3 hit an error page (rate limit?); retrying in 1.0s
music_recognizer: Audio bytes identification failed: Check args, URL is invalid
URL- https://amp.shazam.com/discovery/v5/en/GB/iphone/-/tag/796B4D22-965F-4366-B4AC-649BD65ADB81/F1523350-A3B7-4EDF-AAB7-05B15F1E4847?sync=true&webv3=true&sampling=true&connected=&shazamapiversion=v3&sharehub=true&hubv5minorversion=v5.1&hidelb=true&video=v3
music_recognizer: No match from Shazam
music_recognizer: No match from Shazam
music_recognizer: No match from Shazam
music_recognizer: Shazam attempt 1/3 hit an error page (rate limit?); retrying in 1.0s
music_recognizer: Shazam attempt 2/3 hit an error page (rate limit?); retrying in 2.0s
music_recognizer: Shazam attempt 1/3 hit an error page (rate limit?); retrying in 1.0s
music_recognizer: Audio bytes identification failed: Check args, URL is invalid
URL- https://amp.shazam.com/discovery/v5/en/GB/iphone/-/tag/9930218D-801E-4322-9BD2-79AFB0BAB007/4C2DFC9A-31FB-4C89-BD27-C9E593088DEC?sync=true&webv3=true&sampling=true&connected=&shazamapiversion=v3&sharehub=true&hubv5minorversion=v5.1&hidelb=true&video=v3
music_recognizer: Shazam attempt 2/3 hit an error page (rate limit?); retrying in 2.0s
music_recognizer: No match from Shazam
music_recognizer: No match from Shazam
music_recognizer: No match from Shazam
music_recognizer: Shazam attempt 1/3 hit an error page (rate limit?); retrying in 1.0s
music_recognizer: Shazam attempt 2/3 hit an error page (rate limit?); retrying in 2.0s
music_recognizer: Shazam attempt 1/3 hit an error page (rate limit?); retrying in 1.0s
music_recognizer: Audio bytes identification failed: Check args, URL is invalid
URL- https://amp.shazam.com/discovery/v5/en/GB/iphone/-/tag/D58E5F9F-2C58-447B-9EDE-94BB5F514953/CF17A540-ED3C-4464-8DB9-CA2757EAA764?sync=true&webv3=true&sampling=true&connected=&shazamapiversion=v3&sharehub=true&hubv5minorversion=v5.1&hidelb=true&video=v3
music_recognizer: No match from Shazam
music_recognizer: No match from Shazam
music_recognizer: No match from Shazam
music_recognizer: Shazam attempt 1/3 hit an error page (rate limit?); retrying in 1.0s
music_recognizer: Shazam attempt 2/3 hit an error page (rate limit?); retrying in 2.0s
music_recognizer: Shazam attempt 1/3 hit an error page (rate limit?); retrying in 1.0s
music_recognizer: Audio bytes identification failed: Check args, URL is invalid
URL- https://amp.shazam.com/discovery/v5/en/GB/iphone/-/tag/099A134E-E3D9-4010-A301-6C1D81BCB492/1D1AAFDD-97F3-4134-B075-731545431D68?sync=true&webv3=true&sampling=true&connected=&shazamapiversion=v3&sharehub=true&hubv5minorversion=v5.1&hidelb=true&video=v3
music_recognizer: Shazam attempt 2/3 hit an error page (rate limit?); retrying in 2.0s
music_recognizer: No match from Shazam
music_recognizer: No match from Shazam
music_recognizer: No match from Shazam
music_recognizer: Shazam attempt 1/3 hit an error page (rate limit?); retrying in 1.0s
music_recognizer: Shazam attempt 2/3 hit an error page (rate limit?); retrying in 2.0s
music_recognizer: Shazam attempt 1/3 hit an error page (rate limit?); retrying in 1.0s
music_recognizer: Audio bytes identification failed: Check args, URL is invalid
URL- https://amp.shazam.com/discovery/v5/en/GB/iphone/-/tag/422E9208-8D7E-42B4-A5C0-5E2C9917618D/4F55E96A-1248-489A-B3A9-C3FE362446B8?sync=true&webv3=true&sampling=true&connected=&shazamapiversion=v3&sharehub=true&hubv5minorversion=v5.1&hidelb=true&video=v3
music_recognizer: No match from Shazam
music_recognizer: No match from Shazam
music_recognizer: No match from Shazam
music_recognizer: Shazam attempt 1/3 hit an error page (rate limit?); retrying in 1.0s
music_recognizer: Shazam attempt 2/3 hit an error page (rate limit?); retrying in 2.0s
music_recognizer: Shazam attempt 1/3 hit an error page (rate limit?); retrying in 1.0s
music_recognizer: Audio bytes identification failed: Check args, URL is invalid
URL- https://amp.shazam.com/discovery/v5/en/GB/iphone/-/tag/E0B4916B-27FB-41DF-AB2A-9631B21E347A/42EA9ED8-65D2-47E0-B606-351AB33D40F1?sync=true&webv3=true&sampling=true&connected=&shazamapiversion=v3&sharehub=true&hubv5minorversion=v5.1&hidelb=true&video=v3
music_recognizer: Shazam attempt 2/3 hit an error page (rate limit?); retrying in 2.0s
music_recognizer: No match from Shazam
music_recognizer: No match from Shazam
music_recognizer: No match from Shazam
music_recognizer: Shazam attempt 1/3 hit an error page (rate limit?); retrying in 1.0s
music_recognizer: Shazam attempt 2/3 hit an error page (rate limit?); retrying in 2.0s
music_recognizer: Shazam attempt 1/3 hit an error page (rate limit?); retrying in 1.0s
music_recognizer: Audio bytes identification failed: Check args, URL is invalid
URL- https://amp.shazam.com/discovery/v5/en/GB/iphone/-/tag/842DB670-CF91-40AE-87D2-FC4E5581D7A8/878E85A6-2BB1-474E-A7B9-1E4E7408A8C7?sync=true&webv3=true&sampling=true&connected=&shazamapiversion=v3&sharehub=true&hubv5minorversion=v5.1&hidelb=true&video=v3
music_recognizer: No match from Shazam
music_recognizer: No match from Shazam
music_recognizer: No match from Shazam
music_recognizer: Shazam attempt 1/3 hit an error page (rate limit?); retrying in 1.0s
music_recognizer: Shazam attempt 2/3 hit an error page (rate limit?); retrying in 2.0s
music_recognizer: Shazam attempt 1/3 hit an error page (rate limit?); retrying in 1.0s
music_recognizer: Audio bytes identification failed: Check args, URL is invalid
URL- https://amp.shazam.com/discovery/v5/en/GB/iphone/-/tag/62DB4965-BF42-4DB8-8512-FB333D55A87B/7D03E00B-0DC1-4A63-815F-AA302B9F44A2?sync=true&webv3=true&sampling=true&connected=&shazamapiversion=v3&sharehub=true&hubv5minorversion=v5.1&hidelb=true&video=v3
music_recognizer: Shazam attempt 2/3 hit an error page (rate limit?); retrying in 2.0s
music_recognizer: No match from Shazam
music_recognizer: No match from Shazam
music_recognizer: No match from Shazam
music_recognizer: Shazam attempt 1/3 hit an error page (rate limit?); retrying in 1.0s
music_recognizer: Shazam attempt 2/3 hit an error page (rate limit?); retrying in 2.0s
music_recognizer: Shazam attempt 1/3 hit an error page (rate limit?); retrying in 1.0s
music_recognizer: Audio bytes identification failed: Check args, URL is invalid
URL- https://amp.shazam.com/discovery/v5/en/GB/iphone/-/tag/E8B3C5DB-8D08-4121-A261-50B50810B404/AA02AC00-6DFA-4764-8B8C-867846A47B27?sync=true&webv3=true&sampling=true&connected=&shazamapiversion=v3&sharehub=true&hubv5minorversion=v5.1&hidelb=true&video=v3
music_recognizer: No match from Shazam
music_recognizer: No match from Shazam
music_recognizer: No match from Shazam
music_recognizer: Shazam attempt 1/3 hit an error page (rate limit?); retrying in 1.0s
music_recognizer: Shazam attempt 2/3 hit an error page (rate limit?); retrying in 2.0s
music_recognizer: Shazam attempt 1/3 hit an error page (rate limit?); retrying in 1.0s
music_recognizer: Audio bytes identification failed: Check args, URL is invalid
URL- https://amp.shazam.com/discovery/v5/en/GB/iphone/-/tag/09B23DDE-EB3D-49FE-958C-CA49E1854686/3D0C8C50-FB44-48EC-AE01-C242BEDEB8BF?sync=true&webv3=true&sampling=true&connected=&shazamapiversion=v3&sharehub=true&hubv5minorversion=v5.1&hidelb=true&video=v3
music_recognizer: Shazam attempt 2/3 hit an error page (rate limit?); retrying in 2.0s
music_recognizer: No match from Shazam
music_recognizer: No match from Shazam
music_recognizer: No match from Shazam
music_recognizer: Shazam attempt 1/3 hit an error page (rate limit?); retrying in 1.0s
music_recognizer: Shazam attempt 2/3 hit an error page (rate limit?); retrying in 2.0s
music_recognizer: Shazam attempt 1/3 hit an error page (rate limit?); retrying in 1.0s
music_recognizer: Audio bytes identification failed: Check args, URL is invalid
URL- https://amp.shazam.com/discovery/v5/en/GB/iphone/-/tag/342100ED-E1C2-4AED-8C3A-3123B013E0E7/5A2C1607-181A-4AAC-973F-C27685D0AE4A?sync=true&webv3=true&sampling=true&connected=&shazamapiversion=v3&sharehub=true&hubv5minorversion=v5.1&hidelb=true&video=v3
music_recognizer: No match from Shazam
music_recognizer: No match from Shazam
music_recognizer: No match from Shazam
music_recognizer: Shazam attempt 1/3 hit an error page (rate limit?); retrying in 1.0s
music_recognizer: Shazam attempt 2/3 hit an error page (rate limit?); retrying in 2.0s
music_recognizer: Shazam attempt 1/3 hit an error page (rate limit?); retrying in 1.0s
music_recognizer: Audio bytes identification failed: Check args, URL is invalid
URL- https://amp.shazam.com/discovery/v5/en/GB/iphone/-/tag/7711B5E9-352A-4023-8DFF-9F167C09D568/0AB7C212-9FB0-4FF6-A519-AE5DDF8BD86D?sync=true&webv3=true&sampling=true&connected=&shazamapiversion=v3&sharehub=true&hubv5minorversion=v5.1&hidelb=true&video=v3
music_recognizer: Shazam attempt 2/3 hit an error page (rate limit?); retrying in 2.0s
music_recognizer: No match from Shazam
music_recognizer: No match from Shazam
music_recognizer: No match from Shazam
music_recognizer: Shazam attempt 1/3 hit an error page (rate limit?); retrying in 1.0s
music_recognizer: Shazam attempt 2/3 hit an error page (rate limit?); retrying in 2.0s
music_recognizer: Shazam attempt 1/3 hit an error page (rate limit?); retrying in 1.0s
music_recognizer: Audio bytes identification failed: Check args, URL is invalid
URL- https://amp.shazam.com/discovery/v5/en/GB/iphone/-/tag/A07C0623-8066-4E94-B4C0-053D73B0BBA2/7AE36400-2469-4F15-A640-E61C4358A1F6?sync=true&webv3=true&sampling=true&connected=&shazamapiversion=v3&sharehub=true&hubv5minorversion=v5.1&hidelb=true&video=v3
music_recognizer: No match from Shazam
music_recognizer: No match from Shazam
music_recognizer: No match from Shazam
music_recognizer: Shazam attempt 1/3 hit an error page (rate limit?); retrying in 1.0s
music_recognizer: Shazam attempt 2/3 hit an error page (rate limit?); retrying in 2.0s
music_recognizer: Shazam attempt 1/3 hit an error page (rate limit?); retrying in 1.0s
music_recognizer: Audio bytes identification failed: Check args, URL is invalid
URL- https://amp.shazam.com/discovery/v5/en/GB/iphone/-/tag/B9360E31-402D-4C38-BEC9-CE9F3DAA48D6/E2918A97-2EA0-4F8A-866E-04B6AC5A5D96?sync=true&webv3=true&sampling=true&connected=&shazamapiversion=v3&sharehub=true&hubv5minorversion=v5.1&hidelb=true&video=v3
music_recognizer: Shazam attempt 2/3 hit an error page (rate limit?); retrying in 2.0s
music_recognizer: No match from Shazam
music_recognizer: No match from Shazam
music_recognizer: No match from Shazam
music_recognizer: Shazam attempt 1/3 hit an error page (rate limit?); retrying in 1.0s
music_recognizer: Shazam attempt 2/3 hit an error page (rate limit?); retrying in 2.0s
music_recognizer: Shazam attempt 1/3 hit an error page (rate limit?); retrying in 1.0s
music_recognizer: Audio bytes identification failed: Check args, URL is invalid
URL- https://amp.shazam.com/discovery/v5/en/GB/iphone/-/tag/6EB03305-B065-4BCE-8FF8-A8C773ECE107/47762558-8B47-4F03-8D71-DAC57E9BB8AA?sync=true&webv3=true&sampling=true&connected=&shazamapiversion=v3&sharehub=true&hubv5minorversion=v5.1&hidelb=true&video=v3
music_recognizer: No match from Shazam
music_recognizer: No match from Shazam
music_recognizer: No match from Shazam
music_recognizer: Shazam attempt 1/3 hit an error page (rate limit?); retrying in 1.0s
music_recognizer: Shazam attempt 2/3 hit an error page (rate limit?); retrying in 2.0s
music_recognizer: Shazam attempt 1/3 hit an error page (rate limit?); retrying in 1.0s
music_recognizer: Audio bytes identification failed: Check args, URL is invalid
URL- https://amp.shazam.com/discovery/v5/en/GB/iphone/-/tag/385BCB79-C201-486A-849D-B2D051BE4829/643A8254-302D-4CF2-8307-1100CB19C5B4?sync=true&webv3=true&sampling=true&connected=&shazamapiversion=v3&sharehub=true&hubv5minorversion=v5.1&hidelb=true&video=v3
music_recognizer: Shazam attempt 2/3 hit an error page (rate limit?); retrying in 2.0s
music_recognizer: No match from Shazam
music_recognizer: No match from Shazam
music_recognizer: No match from Shazam
music_recognizer: Shazam attempt 1/3 hit an error page (rate limit?); retrying in 1.0s
music_recognizer: Shazam attempt 2/3 hit an error page (rate limit?); retrying in 2.0s
music_recognizer: Shazam attempt 1/3 hit an error page (rate limit?); retrying in 1.0s
music_recognizer: Audio bytes identification failed: Check args, URL is invalid
URL- https://amp.shazam.com/discovery/v5/en/GB/iphone/-/tag/3450634F-2924-4537-A8EC-3DB1DBD32EA6/5D4FEAF5-016F-4414-BD90-C649D339028A?sync=true&webv3=true&sampling=true&connected=&shazamapiversion=v3&sharehub=true&hubv5minorversion=v5.1&hidelb=true&video=v3
music_recognizer: No match from Shazam
music_recognizer: No match from Shazam
music_recognizer: No match from Shazam
music_recognizer: Shazam attempt 1/3 hit an error page (rate limit?); retrying in 1.0s
music_recognizer: Shazam attempt 2/3 hit an error page (rate limit?); retrying in 2.0s
music_recognizer: Shazam attempt 1/3 hit an error page (rate limit?); retrying in 1.0s
music_recognizer: Audio bytes identification failed: Check args, URL is invalid
URL- https://amp.shazam.com/discovery/v5/en/GB/iphone/-/tag/F505B150-76B4-4D7C-9EFD-7024B5A126AD/432AF470-313E-4EFF-84FE-7BE604BC8079?sync=true&webv3=true&sampling=true&connected=&shazamapiversion=v3&sharehub=true&hubv5minorversion=v5.1&hidelb=true&video=v3
music_recognizer: Shazam attempt 2/3 hit an error page (rate limit?); retrying in 2.0s
music_recognizer: No match from Shazam
music_recognizer: No match from Shazam
music_recognizer: No match from Shazam
music_recognizer: Shazam attempt 1/3 hit an error page (rate limit?); retrying in 1.0s
music_recognizer: Shazam attempt 2/3 hit an error page (rate limit?); retrying in 2.0s
music_recognizer: Shazam attempt 1/3 hit an error page (rate limit?); retrying in 1.0s
music_recognizer: Audio bytes identification failed: Check args, URL is invalid
URL- https://amp.shazam.com/discovery/v5/en/GB/iphone/-/tag/A0908024-D207-424C-BA0D-0781FFD1C466/DBB474B7-D9E4-472B-BD95-92A63C072B1A?sync=true&webv3=true&sampling=true&connected=&shazamapiversion=v3&sharehub=true&hubv5minorversion=v5.1&hidelb=true&video=v3
music_recognizer: No match from Shazam
music_recognizer: No match from Shazam
music_recognizer: No match from Shazam
music_recognizer: Shazam attempt 1/3 hit an error page (rate limit?); retrying in 1.0s
music_recognizer: Shazam attempt 2/3 hit an error page (rate limit?); retrying in 2.0s
music_recognizer: Shazam attempt 1/3 hit an error page (rate limit?); retrying in 1.0s
music_recognizer: Audio bytes identification failed: Check args, URL is invalid
URL- https://amp.shazam.com/discovery/v5/en/GB/iphone/-/tag/951FB354-5234-4555-B67B-F8F977C39319/3B77AFBD-84AE-4EA1-9ABA-CCE3BAE711CD?sync=true&webv3=true&sampling=true&connected=&shazamapiversion=v3&sharehub=true&hubv5minorversion=v5.1&hidelb=true&video=v3
music_recognizer: Shazam attempt 2/3 hit an error page (rate limit?); retrying in 2.0s
music_recognizer: No match from Shazam
music_recognizer: Recognized: Subtronics — Afternoon Coffee (Slide) (feat. Ronzo)
music_recognizer: No match from Shazam
music_recognizer: Shazam attempt 1/3 hit an error page (rate limit?); retrying in 1.0s
music_recognizer: Shazam attempt 2/3 hit an error page (rate limit?); retrying in 2.0s
music_recognizer: Shazam attempt 1/3 hit an error page (rate limit?); retrying in 1.0s
music_recognizer: Audio bytes identification failed: Check args, URL is invalid
URL- https://amp.shazam.com/discovery/v5/en/GB/iphone/-/tag/9A219663-50A8-4191-AA97-F34436328C4A/0101A7A6-BE34-477A-832B-694A7B3BE775?sync=true&webv3=true&sampling=true&connected=&shazamapiversion=v3&sharehub=true&hubv5minorversion=v5.1&hidelb=true&video=v3
music_recognizer: No match from Shazam
music_recognizer: No match from Shazam
music_recognizer: No match from Shazam
music_recognizer: Shazam attempt 1/3 hit an error page (rate limit?); retrying in 1.0s
music_recognizer: Shazam attempt 2/3 hit an error page (rate limit?); retrying in 2.0s
music_recognizer: Shazam attempt 1/3 hit an error page (rate limit?); retrying in 1.0s
music_recognizer: Audio bytes identification failed: Check args, URL is invalid
URL- https://amp.shazam.com/discovery/v5/en/GB/iphone/-/tag/CD89F81B-7C81-4CD8-A333-7C3DC65FC82F/F27463BB-18EB-460E-AD48-B0ED0E721071?sync=true&webv3=true&sampling=true&connected=&shazamapiversion=v3&sharehub=true&hubv5minorversion=v5.1&hidelb=true&video=v3
music_recognizer: Shazam attempt 2/3 hit an error page (rate limit?); retrying in 2.0s
music_recognizer: No match from Shazam
music_recognizer: No match from Shazam
music_recognizer: No match from Shazam
music_recognizer: Shazam attempt 1/3 hit an error page (rate limit?); retrying in 1.0s
music_recognizer: Shazam attempt 2/3 hit an error page (rate limit?); retrying in 2.0s
music_recognizer: Shazam attempt 1/3 hit an error page (rate limit?); retrying in 1.0s
music_recognizer: Audio bytes identification failed: Check args, URL is invalid
URL- https://amp.shazam.com/discovery/v5/en/GB/iphone/-/tag/846E8BFC-6873-4F29-85A9-7D4B130B4770/35177478-3022-4484-BB96-7CDC2A8039EC?sync=true&webv3=true&sampling=true&connected=&shazamapiversion=v3&sharehub=true&hubv5minorversion=v5.1&hidelb=true&video=v3
music_recognizer: No match from Shazam
music_recognizer: No match from Shazam
music_recognizer: No match from Shazam
music_recognizer: Shazam attempt 1/3 hit an error page (rate limit?); retrying in 1.0s
music_recognizer: Shazam attempt 2/3 hit an error page (rate limit?); retrying in 2.0s
music_recognizer: Shazam attempt 1/3 hit an error page (rate limit?); retrying in 1.0s
music_recognizer: Audio bytes identification failed: Check args, URL is invalid
URL- https://amp.shazam.com/discovery/v5/en/GB/iphone/-/tag/74633068-63C2-4731-B58E-8B3A6BCABD83/74F68172-D8FE-41E6-A658-F8C1F07BBCF0?sync=true&webv3=true&sampling=true&connected=&shazamapiversion=v3&sharehub=true&hubv5minorversion=v5.1&hidelb=true&video=v3
music_recognizer: Shazam attempt 2/3 hit an error page (rate limit?); retrying in 2.0s
music_recognizer: No match from Shazam
music_recognizer: No match from Shazam
music_recognizer: No match from Shazam
music_recognizer: Shazam attempt 1/3 hit an error page (rate limit?); retrying in 1.0s
music_recognizer: Shazam attempt 2/3 hit an error page (rate limit?); retrying in 2.0s
music_recognizer: Shazam attempt 1/3 hit an error page (rate limit?); retrying in 1.0s
music_recognizer: Audio bytes identification failed: Check args, URL is invalid
URL- https://amp.shazam.com/discovery/v5/en/GB/iphone/-/tag/FB5B9E80-474C-45CB-8640-A2FB475799AC/BEBD06F5-80FB-40AF-88F7-2157EAC20486?sync=true&webv3=true&sampling=true&connected=&shazamapiversion=v3&sharehub=true&hubv5minorversion=v5.1&hidelb=true&video=v3
music_recognizer: No match from Shazam
music_recognizer: No match from Shazam
music_recognizer: No match from Shazam
music_recognizer: Shazam attempt 1/3 hit an error page (rate limit?); retrying in 1.0s
music_recognizer: Shazam attempt 2/3 hit an error page (rate limit?); retrying in 2.0s
music_recognizer: Shazam attempt 1/3 hit an error page (rate limit?); retrying in 1.0s
music_recognizer: Audio bytes identification failed: Check args, URL is invalid
URL- https://amp.shazam.com/discovery/v5/en/GB/iphone/-/tag/919DC75C-0830-47A5-8989-36DFF3A0A1B3/9EC6FBF0-7D9F-44F9-8C6B-2382CCDF2738?sync=true&webv3=true&sampling=true&connected=&shazamapiversion=v3&sharehub=true&hubv5minorversion=v5.1&hidelb=true&video=v3
music_recognizer: Shazam attempt 2/3 hit an error page (rate limit?); retrying in 2.0s
music_recognizer: No match from Shazam
music_recognizer: No match from Shazam
music_recognizer: No match from Shazam
music_recognizer: Shazam attempt 1/3 hit an error page (rate limit?); retrying in 1.0s
music_recognizer: Shazam attempt 2/3 hit an error page (rate limit?); retrying in 2.0s
music_recognizer: Shazam attempt 1/3 hit an error page (rate limit?); retrying in 1.0s
music_recognizer: Audio bytes identification failed: Check args, URL is invalid
URL- https://amp.shazam.com/discovery/v5/en/GB/iphone/-/tag/DAAFEF32-8B50-4A40-AE42-6D2AEBBC5B04/72EEA69F-F000-43D7-A200-A9753978D959?sync=true&webv3=true&sampling=true&connected=&shazamapiversion=v3&sharehub=true&hubv5minorversion=v5.1&hidelb=true&video=v3
music_recognizer: No match from Shazam
music_recognizer: No match from Shazam
music_recognizer: No match from Shazam
music_recognizer: Shazam attempt 1/3 hit an error page (rate limit?); retrying in 1.0s
music_recognizer: Shazam attempt 2/3 hit an error page (rate limit?); retrying in 2.0s
music_recognizer: Shazam attempt 1/3 hit an error page (rate limit?); retrying in 1.0s
music_recognizer: Audio bytes identification failed: Check args, URL is invalid
URL- https://amp.shazam.com/discovery/v5/en/GB/iphone/-/tag/6D158A6E-F8DE-494F-9F69-B6463F858CFD/ABD43C18-7528-4E18-B7E3-A47C4EF1308B?sync=true&webv3=true&sampling=true&connected=&shazamapiversion=v3&sharehub=true&hubv5minorversion=v5.1&hidelb=true&video=v3
music_recognizer: Shazam attempt 2/3 hit an error page (rate limit?); retrying in 2.0s
music_recognizer: No match from Shazam
music_recognizer: No match from Shazam
music_recognizer: No match from Shazam
music_recognizer: Shazam attempt 1/3 hit an error page (rate limit?); retrying in 1.0s
music_recognizer: Shazam attempt 2/3 hit an error page (rate limit?); retrying in 2.0s
music_recognizer: Shazam attempt 1/3 hit an error page (rate limit?); retrying in 1.0s
music_recognizer: Audio bytes identification failed: Check args, URL is invalid
URL- https://amp.shazam.com/discovery/v5/en/GB/iphone/-/tag/094B6ACD-18B0-4DD6-8038-573A240BD42B/12A3B64E-AD4D-4E8A-B1A8-8A69D300FE76?sync=true&webv3=true&sampling=true&connected=&shazamapiversion=v3&sharehub=true&hubv5minorversion=v5.1&hidelb=true&video=v3
music_recognizer: No match from Shazam
music_recognizer: No match from Shazam
music_recognizer: No match from Shazam
music_recognizer: Shazam attempt 1/3 hit an error page (rate limit?); retrying in 1.0s
music_recognizer: Shazam attempt 2/3 hit an error page (rate limit?); retrying in 2.0s
music_recognizer: Shazam attempt 1/3 hit an error page (rate limit?); retrying in 1.0s
music_recognizer: Audio bytes identification failed: Check args, URL is invalid
URL- https://amp.shazam.com/discovery/v5/en/GB/iphone/-/tag/4E5C45C0-1841-4E45-895D-1E4B0C5F8A4C/12268FDE-5458-4312-9666-00D74CE3F8E3?sync=true&webv3=true&sampling=true&connected=&shazamapiversion=v3&sharehub=true&hubv5minorversion=v5.1&hidelb=true&video=v3
music_recognizer: Shazam attempt 2/3 hit an error page (rate limit?); retrying in 2.0s
music_recognizer: No match from Shazam
music_recognizer: No match from Shazam
music_recognizer: No match from Shazam
music_recognizer: Shazam attempt 1/3 hit an error page (rate limit?); retrying in 1.0s
music_recognizer: Shazam attempt 2/3 hit an error page (rate limit?); retrying in 2.0s
music_recognizer: Shazam attempt 1/3 hit an error page (rate limit?); retrying in 1.0s
music_recognizer: Audio bytes identification failed: Check args, URL is invalid
URL- https://amp.shazam.com/discovery/v5/en/GB/iphone/-/tag/E2E54245-8A7B-4B76-BAF6-0E729CF4CCCE/5FC859D7-3E94-479F-A823-7C676B14A858?sync=true&webv3=true&sampling=true&connected=&shazamapiversion=v3&sharehub=true&hubv5minorversion=v5.1&hidelb=true&video=v3
music_recognizer: No match from Shazam
music_recognizer: No match from Shazam
music_recognizer: No match from Shazam
music_recognizer: Shazam attempt 1/3 hit an error page (rate limit?); retrying in 1.0s
music_recognizer: Shazam attempt 2/3 hit an error page (rate limit?); retrying in 2.0s
music_recognizer: Shazam attempt 1/3 hit an error page (rate limit?); retrying in 1.0s
music_recognizer: Audio bytes identification failed: Check args, URL is invalid
URL- https://amp.shazam.com/discovery/v5/en/GB/iphone/-/tag/E2929CD8-8510-41EE-A49B-B474CB2E451E/8F3612CD-F569-4FB9-B185-682BFE606DF1?sync=true&webv3=true&sampling=true&connected=&shazamapiversion=v3&sharehub=true&hubv5minorversion=v5.1&hidelb=true&video=v3
music_recognizer: Shazam attempt 2/3 hit an error page (rate limit?); retrying in 2.0s
music_recognizer: No match from Shazam
music_recognizer: No match from Shazam
music_recognizer: No match from Shazam
music_recognizer: Shazam attempt 1/3 hit an error page (rate limit?); retrying in 1.0s
music_recognizer: Shazam attempt 2/3 hit an error page (rate limit?); retrying in 2.0s
music_recognizer: Shazam attempt 1/3 hit an error page (rate limit?); retrying in 1.0s
music_recognizer: Audio bytes identification failed: Check args, URL is invalid
URL- https://amp.shazam.com/discovery/v5/en/GB/iphone/-/tag/DFB6F851-0A4E-4238-ABC6-FF4069D1F644/F7B775C4-FE0B-4B58-9627-531576860E54?sync=true&webv3=true&sampling=true&connected=&shazamapiversion=v3&sharehub=true&hubv5minorversion=v5.1&hidelb=true&video=v3
music_recognizer: No match from Shazam
music_recognizer: No match from Shazam
music_recognizer: No match from Shazam
music_recognizer: Shazam attempt 1/3 hit an error page (rate limit?); retrying in 1.0s
music_recognizer: Shazam attempt 2/3 hit an error page (rate limit?); retrying in 2.0s
music_recognizer: Shazam attempt 1/3 hit an error page (rate limit?); retrying in 1.0s
music_recognizer: Audio bytes identification failed: Check args, URL is invalid
URL- https://amp.shazam.com/discovery/v5/en/GB/iphone/-/tag/3BAF4511-FFA1-4FC3-989D-DE095040CDC0/710D211F-29F7-4A61-A067-8ECC0F50C710?sync=true&webv3=true&sampling=true&connected=&shazamapiversion=v3&sharehub=true&hubv5minorversion=v5.1&hidelb=true&video=v3
music_recognizer: Shazam attempt 2/3 hit an error page (rate limit?); retrying in 2.0s
music_recognizer: No match from Shazam
music_recognizer: No match from Shazam
music_recognizer: No match from Shazam
music_recognizer: Shazam attempt 1/3 hit an error page (rate limit?); retrying in 1.0s
music_recognizer: Shazam attempt 2/3 hit an error page (rate limit?); retrying in 2.0s
music_recognizer: Shazam attempt 1/3 hit an error page (rate limit?); retrying in 1.0s
music_recognizer: Audio bytes identification failed: Check args, URL is invalid
URL- https://amp.shazam.com/discovery/v5/en/GB/iphone/-/tag/F1C2C0E2-2706-4392-AD6A-86FC87EFC0F8/22CCD678-7396-403A-BBA8-18BE4F162522?sync=true&webv3=true&sampling=true&connected=&shazamapiversion=v3&sharehub=true&hubv5minorversion=v5.1&hidelb=true&video=v3
music_recognizer: No match from Shazam
music_recognizer: No match from Shazam
music_recognizer: No match from Shazam
music_recognizer: Shazam attempt 1/3 hit an error page (rate limit?); retrying in 1.0s
music_recognizer: Shazam attempt 2/3 hit an error page (rate limit?); retrying in 2.0s
music_recognizer: Shazam attempt 1/3 hit an error page (rate limit?); retrying in 1.0s
music_recognizer: Audio bytes identification failed: Check args, URL is invalid
URL- https://amp.shazam.com/discovery/v5/en/GB/iphone/-/tag/07B63E2A-86CB-451C-8E7C-B915649FC51D/FC99BBDC-42E8-4C32-8F49-A7FC72402848?sync=true&webv3=true&sampling=true&connected=&shazamapiversion=v3&sharehub=true&hubv5minorversion=v5.1&hidelb=true&video=v3
music_recognizer: Shazam attempt 2/3 hit an error page (rate limit?); retrying in 2.0s
music_recognizer: No match from Shazam
music_recognizer: No match from Shazam
music_recognizer: No match from Shazam
music_recognizer: Shazam attempt 1/3 hit an error page (rate limit?); retrying in 1.0s
music_recognizer: Shazam attempt 2/3 hit an error page (rate limit?); retrying in 2.0s
music_recognizer: Shazam attempt 1/3 hit an error page (rate limit?); retrying in 1.0s
music_recognizer: Audio bytes identification failed: Check args, URL is invalid
URL- https://amp.shazam.com/discovery/v5/en/GB/iphone/-/tag/3EFA6B2A-DBDF-4122-B2F7-D4AD90862406/09B172E2-024A-4BCA-A72F-CECCAA971619?sync=true&webv3=true&sampling=true&connected=&shazamapiversion=v3&sharehub=true&hubv5minorversion=v5.1&hidelb=true&video=v3
music_recognizer: No match from Shazam
music_recognizer: No match from Shazam
music_recognizer: No match from Shazam
music_recognizer: Shazam attempt 1/3 hit an error page (rate limit?); retrying in 1.0s
music_recognizer: Shazam attempt 2/3 hit an error page (rate limit?); retrying in 2.0s
music_recognizer: Shazam attempt 1/3 hit an error page (rate limit?); retrying in 1.0s
music_recognizer: Audio bytes identification failed: Check args, URL is invalid
URL- https://amp.shazam.com/discovery/v5/en/GB/iphone/-/tag/4FB2E1DD-C12D-4F07-85D8-FD96E1D3FC15/2044A7D6-1B89-4945-9D64-064B2466B528?sync=true&webv3=true&sampling=true&connected=&shazamapiversion=v3&sharehub=true&hubv5minorversion=v5.1&hidelb=true&video=v3
music_recognizer: Shazam attempt 2/3 hit an error page (rate limit?); retrying in 2.0s
music_recognizer: No match from Shazam
music_recognizer: No match from Shazam
music_recognizer: No match from Shazam
music_recognizer: Shazam attempt 1/3 hit an error page (rate limit?); retrying in 1.0s
music_recognizer: Shazam attempt 2/3 hit an error page (rate limit?); retrying in 2.0s
music_recognizer: Shazam attempt 1/3 hit an error page (rate limit?); retrying in 1.0s
music_recognizer: Audio bytes identification failed: Check args, URL is invalid
URL- https://amp.shazam.com/discovery/v5/en/GB/iphone/-/tag/C75C66E9-822F-4819-B44A-CFF783AD9657/2C6EFB78-5D10-4820-A4E0-8F641E1A15BE?sync=true&webv3=true&sampling=true&connected=&shazamapiversion=v3&sharehub=true&hubv5minorversion=v5.1&hidelb=true&video=v3
music_recognizer: No match from Shazam
music_recognizer: No match from Shazam
music_recognizer: No match from Shazam
music_recognizer: Shazam attempt 1/3 hit an error page (rate limit?); retrying in 1.0s
music_recognizer: Shazam attempt 2/3 hit an error page (rate limit?); retrying in 2.0s
music_recognizer: Shazam attempt 1/3 hit an error page (rate limit?); retrying in 1.0s
music_recognizer: Audio bytes identification failed: Check args, URL is invalid
URL- https://amp.shazam.com/discovery/v5/en/GB/iphone/-/tag/2D5AE136-D0D8-4211-B155-79F8CB347571/DE9DE35B-1EEA-4CDD-AE86-CD025F683AC9?sync=true&webv3=true&sampling=true&connected=&shazamapiversion=v3&sharehub=true&hubv5minorversion=v5.1&hidelb=true&video=v3
music_recognizer: Shazam attempt 2/3 hit an error page (rate limit?); retrying in 2.0s
music_recognizer: No match from Shazam
music_recognizer: No match from Shazam
music_recognizer: No match from Shazam
music_recognizer: Shazam attempt 1/3 hit an error page (rate limit?); retrying in 1.0s
music_recognizer: Shazam attempt 2/3 hit an error page (rate limit?); retrying in 2.0s
music_recognizer: Shazam attempt 1/3 hit an error page (rate limit?); retrying in 1.0s
music_recognizer: Audio bytes identification failed: Check args, URL is invalid
URL- https://amp.shazam.com/discovery/v5/en/GB/iphone/-/tag/DF7A738A-D6E5-4451-9B9B-B3EA82950A69/EC2307EF-6A12-41C2-913C-2FF1D3DAF0D8?sync=true&webv3=true&sampling=true&connected=&shazamapiversion=v3&sharehub=true&hubv5minorversion=v5.1&hidelb=true&video=v3
music_recognizer: No match from Shazam
music_recognizer: No match from Shazam
music_recognizer: Recognized: Subtronics — Hallucination Dub
music_recognizer: Shazam attempt 1/3 hit an error page (rate limit?); retrying in 1.0s
music_recognizer: Shazam attempt 2/3 hit an error page (rate limit?); retrying in 2.0s
music_recognizer: Audio bytes identification failed: Check args, URL is invalid
URL- https://amp.shazam.com/discovery/v5/en/GB/iphone/-/tag/27E2FF35-6548-4DF9-BADF-AB5C821B6420/5AA50186-B1EE-44C2-9AA7-7C0854B9EC12?sync=true&webv3=true&sampling=true&connected=&shazamapiversion=v3&sharehub=true&hubv5minorversion=v5.1&hidelb=true&video=v3
music_recognizer: Shazam attempt 1/3 hit an error page (rate limit?); retrying in 1.0s
music_recognizer: Shazam attempt 2/3 hit an error page (rate limit?); retrying in 2.0s
music_recognizer: No match from Shazam
music_recognizer: No match from Shazam
music_recognizer: No match from Shazam
music_recognizer: Shazam attempt 1/3 hit an error page (rate limit?); retrying in 1.0s
music_recognizer: Shazam attempt 1/3 hit an error page (rate limit?); retrying in 1.0s
music_recognizer: Shazam attempt 2/3 hit an error page (rate limit?); retrying in 2.0s
music_recognizer: Shazam attempt 2/3 hit an error page (rate limit?); retrying in 2.0s
music_recognizer: No match from Shazam
music_recognizer: No match from Shazam
music_recognizer: No match from Shazam
music_recognizer: Shazam attempt 1/3 hit an error page (rate limit?); retrying in 1.0s
music_recognizer: Shazam attempt 2/3 hit an error page (rate limit?); retrying in 2.0s
music_recognizer: Shazam attempt 1/3 hit an error page (rate limit?); retrying in 1.0s
music_recognizer: Audio bytes identification failed: Check args, URL is invalid
URL- https://amp.shazam.com/discovery/v5/en/GB/iphone/-/tag/E4990E2A-FC9C-4C38-98C6-DB6C21ADD631/FAAB45CD-51C8-45E8-ADC7-67A8D536F8D4?sync=true&webv3=true&sampling=true&connected=&shazamapiversion=v3&sharehub=true&hubv5minorversion=v5.1&hidelb=true&video=v3
music_recognizer: Shazam attempt 2/3 hit an error page (rate limit?); retrying in 2.0s
music_recognizer: No match from Shazam
music_recognizer: No match from Shazam
music_recognizer: No match from Shazam
music_recognizer: Shazam attempt 1/3 hit an error page (rate limit?); retrying in 1.0s
music_recognizer: Shazam attempt 1/3 hit an error page (rate limit?); retrying in 1.0s
music_recognizer: Shazam attempt 2/3 hit an error page (rate limit?); retrying in 2.0s
music_recognizer: Shazam attempt 2/3 hit an error page (rate limit?); retrying in 2.0s
music_recognizer: No match from Shazam
music_recognizer: No match from Shazam
music_recognizer: No match from Shazam
music_recognizer: Shazam attempt 1/3 hit an error page (rate limit?); retrying in 1.0s
music_recognizer: Shazam attempt 2/3 hit an error page (rate limit?); retrying in 2.0s
music_recognizer: Shazam attempt 1/3 hit an error page (rate limit?); retrying in 1.0s
music_recognizer: Audio bytes identification failed: Check args, URL is invalid
URL- https://amp.shazam.com/discovery/v5/en/GB/iphone/-/tag/AD7A350C-ECF6-42BF-B2CF-51F113A8DDB8/376BB80B-F366-42C5-B9D8-FF0968300B83?sync=true&webv3=true&sampling=true&connected=&shazamapiversion=v3&sharehub=true&hubv5minorversion=v5.1&hidelb=true&video=v3
music_recognizer: Shazam attempt 2/3 hit an error page (rate limit?); retrying in 2.0s
music_recognizer: No match from Shazam
music_recognizer: No match from Shazam
music_recognizer: No match from Shazam
music_recognizer: Shazam attempt 1/3 hit an error page (rate limit?); retrying in 1.0s
music_recognizer: Shazam attempt 1/3 hit an error page (rate limit?); retrying in 1.0s
music_recognizer: Shazam attempt 2/3 hit an error page (rate limit?); retrying in 2.0s
music_recognizer: Shazam attempt 2/3 hit an error page (rate limit?); retrying in 2.0s
music_recognizer: No match from Shazam
music_recognizer: No match from Shazam
music_recognizer: No match from Shazam
music_recognizer: Shazam attempt 1/3 hit an error page (rate limit?); retrying in 1.0s
music_recognizer: Shazam attempt 2/3 hit an error page (rate limit?); retrying in 2.0s
music_recognizer: Shazam attempt 1/3 hit an error page (rate limit?); retrying in 1.0s
music_recognizer: Audio bytes identification failed: Check args, URL is invalid
URL- https://amp.shazam.com/discovery/v5/en/GB/iphone/-/tag/0F3A2C76-864E-4D4F-A027-FA932CFB56C7/773669A7-44E9-40DA-B359-2AED94AAB789?sync=true&webv3=true&sampling=true&connected=&shazamapiversion=v3&sharehub=true&hubv5minorversion=v5.1&hidelb=true&video=v3
music_recognizer: Shazam attempt 2/3 hit an error page (rate limit?); retrying in 2.0s
music_recognizer: No match from Shazam
music_recognizer: No match from Shazam
music_recognizer: No match from Shazam
music_recognizer: Shazam attempt 1/3 hit an error page (rate limit?); retrying in 1.0s
music_recognizer: Shazam attempt 1/3 hit an error page (rate limit?); retrying in 1.0s
music_recognizer: Shazam attempt 2/3 hit an error page (rate limit?); retrying in 2.0s
music_recognizer: Shazam attempt 2/3 hit an error page (rate limit?); retrying in 2.0s
music_recognizer: No match from Shazam
music_recognizer: No match from Shazam
music_recognizer: Recognized: Alice Deejay — Better Off Alone (UK Short Cut)
music_recognizer: Shazam attempt 1/3 hit an error page (rate limit?); retrying in 1.0s
music_recognizer: Shazam attempt 2/3 hit an error page (rate limit?); retrying in 2.0s
music_recognizer: Audio bytes identification failed: Check args, URL is invalid
URL- https://amp.shazam.com/discovery/v5/en/GB/iphone/-/tag/BF11DF27-4716-4B0B-A682-9EDF880F5097/58B57D9C-6561-427F-BBD8-656C1B063EF1?sync=true&webv3=true&sampling=true&connected=&shazamapiversion=v3&sharehub=true&hubv5minorversion=v5.1&hidelb=true&video=v3
music_recognizer: Shazam attempt 1/3 hit an error page (rate limit?); retrying in 1.0s
music_recognizer: Shazam attempt 2/3 hit an error page (rate limit?); retrying in 2.0s
music_recognizer: No match from Shazam
music_recognizer: No match from Shazam
music_recognizer: No match from Shazam
music_recognizer: Shazam attempt 1/3 hit an error page (rate limit?); retrying in 1.0s
music_recognizer: Shazam attempt 2/3 hit an error page (rate limit?); retrying in 2.0s
music_recognizer: Shazam attempt 1/3 hit an error page (rate limit?); retrying in 1.0s
music_recognizer: Audio bytes identification failed: Check args, URL is invalid
URL- https://amp.shazam.com/discovery/v5/en/GB/iphone/-/tag/BE0B5B2E-416A-4DC3-B34D-202922B75516/26711640-46DE-4C93-9251-DF492A4B20DB?sync=true&webv3=true&sampling=true&connected=&shazamapiversion=v3&sharehub=true&hubv5minorversion=v5.1&hidelb=true&video=v3
music_recognizer: No match from Shazam
music_recognizer: No match from Shazam
music_recognizer: No match from Shazam
music_recognizer: Shazam attempt 1/3 hit an error page (rate limit?); retrying in 1.0s
music_recognizer: Shazam attempt 2/3 hit an error page (rate limit?); retrying in 2.0s
music_recognizer: Shazam attempt 1/3 hit an error page (rate limit?); retrying in 1.0s
music_recognizer: Audio bytes identification failed: Check args, URL is invalid
URL- https://amp.shazam.com/discovery/v5/en/GB/iphone/-/tag/AC2A150A-7698-4C34-B35E-DB8EBB879D79/80BFB383-7466-468E-9333-E9E6E180CB33?sync=true&webv3=true&sampling=true&connected=&shazamapiversion=v3&sharehub=true&hubv5minorversion=v5.1&hidelb=true&video=v3
music_recognizer: No match from Shazam
music_recognizer: No match from Shazam
music_recognizer: No match from Shazam
music_recognizer: Shazam attempt 1/3 hit an error page (rate limit?); retrying in 1.0s
music_recognizer: Shazam attempt 2/3 hit an error page (rate limit?); retrying in 2.0s
music_recognizer: Shazam attempt 1/3 hit an error page (rate limit?); retrying in 1.0s
music_recognizer: Audio bytes identification failed: Check args, URL is invalid
URL- https://amp.shazam.com/discovery/v5/en/GB/iphone/-/tag/E6F2C394-F5A0-4889-A735-4F5412061292/7B5D8DAA-A883-41C3-8091-1A55AD2E96F0?sync=true&webv3=true&sampling=true&connected=&shazamapiversion=v3&sharehub=true&hubv5minorversion=v5.1&hidelb=true&video=v3
music_recognizer: Shazam attempt 2/3 hit an error page (rate limit?); retrying in 2.0s
music_recognizer: No match from Shazam
music_recognizer: No match from Shazam
music_recognizer: No match from Shazam
music_recognizer: Shazam attempt 1/3 hit an error page (rate limit?); retrying in 1.0s
music_recognizer: Shazam attempt 2/3 hit an error page (rate limit?); retrying in 2.0s
music_recognizer: Shazam attempt 1/3 hit an error page (rate limit?); retrying in 1.0s
music_recognizer: Audio bytes identification failed: Check args, URL is invalid
URL- https://amp.shazam.com/discovery/v5/en/GB/iphone/-/tag/6461760E-5D8D-4C14-964E-0A57561FB4A6/4E9859E9-13BB-47F9-951B-A81252E803B9?sync=true&webv3=true&sampling=true&connected=&shazamapiversion=v3&sharehub=true&hubv5minorversion=v5.1&hidelb=true&video=v3
music_recognizer: No match from Shazam
music_recognizer: No match from Shazam
music_recognizer: No match from Shazam
music_recognizer: Shazam attempt 1/3 hit an error page (rate limit?); retrying in 1.0s
music_recognizer: Shazam attempt 2/3 hit an error page (rate limit?); retrying in 2.0s
music_recognizer: Shazam attempt 1/3 hit an error page (rate limit?); retrying in 1.0s
music_recognizer: Audio bytes identification failed: Check args, URL is invalid
URL- https://amp.shazam.com/discovery/v5/en/GB/iphone/-/tag/76DFA155-F39A-488B-B6FA-9B0B7A4D5FBF/06C5319A-8BDD-4FFA-99B8-E19915D4291D?sync=true&webv3=true&sampling=true&connected=&shazamapiversion=v3&sharehub=true&hubv5minorversion=v5.1&hidelb=true&video=v3
music_recognizer: Shazam attempt 2/3 hit an error page (rate limit?); retrying in 2.0s
music_recognizer: No match from Shazam
music_recognizer: No match from Shazam
music_recognizer: No match from Shazam
music_recognizer: Shazam attempt 1/3 hit an error page (rate limit?); retrying in 1.0s
music_recognizer: Shazam attempt 2/3 hit an error page (rate limit?); retrying in 2.0s
music_recognizer: Shazam attempt 1/3 hit an error page (rate limit?); retrying in 1.0s
music_recognizer: Audio bytes identification failed: Check args, URL is invalid
URL- https://amp.shazam.com/discovery/v5/en/GB/iphone/-/tag/3E0DC65B-4A56-4B66-964C-30CCD68CC08D/488C922B-64DD-4C8E-B2D1-3FC179A20E96?sync=true&webv3=true&sampling=true&connected=&shazamapiversion=v3&sharehub=true&hubv5minorversion=v5.1&hidelb=true&video=v3
music_recognizer: No match from Shazam
music_recognizer: No match from Shazam
music_recognizer: No match from Shazam
music_recognizer: Shazam attempt 1/3 hit an error page (rate limit?); retrying in 1.0s
music_recognizer: Shazam attempt 2/3 hit an error page (rate limit?); retrying in 2.0s
music_recognizer: Shazam attempt 1/3 hit an error page (rate limit?); retrying in 1.0s
music_recognizer: Audio bytes identification failed: Check args, URL is invalid
URL- https://amp.shazam.com/discovery/v5/en/GB/iphone/-/tag/C426D6D0-5E7A-46D4-B75B-E7370E8D433C/3B172271-E956-4C97-ADAA-F53A384118E3?sync=true&webv3=true&sampling=true&connected=&shazamapiversion=v3&sharehub=true&hubv5minorversion=v5.1&hidelb=true&video=v3
music_recognizer: Shazam attempt 2/3 hit an error page (rate limit?); retrying in 2.0s
music_recognizer: No match from Shazam
music_recognizer: No match from Shazam
music_recognizer: No match from Shazam
music_recognizer: Shazam attempt 1/3 hit an error page (rate limit?); retrying in 1.0s
music_recognizer: Shazam attempt 2/3 hit an error page (rate limit?); retrying in 2.0s
music_recognizer: Shazam attempt 1/3 hit an error page (rate limit?); retrying in 1.0s
music_recognizer: Audio bytes identification failed: Check args, URL is invalid
URL- https://amp.shazam.com/discovery/v5/en/GB/iphone/-/tag/AD86A073-7C27-45B2-A23B-1C1627501205/2B6DF1CC-C49D-4D56-B583-C407D6EB6B5F?sync=true&webv3=true&sampling=true&connected=&shazamapiversion=v3&sharehub=true&hubv5minorversion=v5.1&hidelb=true&video=v3
music_recognizer: No match from Shazam
music_recognizer: No match from Shazam
music_recognizer: No match from Shazam
music_recognizer: Shazam attempt 1/3 hit an error page (rate limit?); retrying in 1.0s
music_recognizer: Shazam attempt 2/3 hit an error page (rate limit?); retrying in 2.0s
music_recognizer: Shazam attempt 1/3 hit an error page (rate limit?); retrying in 1.0s
music_recognizer: Audio bytes identification failed: Check args, URL is invalid
URL- https://amp.shazam.com/discovery/v5/en/GB/iphone/-/tag/FA820DE7-00B4-4E4E-BEFD-0F2D65C0E824/333FB6CB-B26D-4E2E-890C-4079063108BE?sync=true&webv3=true&sampling=true&connected=&shazamapiversion=v3&sharehub=true&hubv5minorversion=v5.1&hidelb=true&video=v3
music_recognizer: Shazam attempt 2/3 hit an error page (rate limit?); retrying in 2.0s
music_recognizer: No match from Shazam
music_recognizer: No match from Shazam
music_recognizer: No match from Shazam
music_recognizer: Shazam attempt 1/3 hit an error page (rate limit?); retrying in 1.0s
music_recognizer: Shazam attempt 2/3 hit an error page (rate limit?); retrying in 2.0s
music_recognizer: Shazam attempt 1/3 hit an error page (rate limit?); retrying in 1.0s
music_recognizer: Audio bytes identification failed: Check args, URL is invalid
URL- https://amp.shazam.com/discovery/v5/en/GB/iphone/-/tag/AD54A654-81D8-48E1-A0B9-E1BA511C5254/5E5BD7FE-60E0-469D-BCAF-CCE2826F088C?sync=true&webv3=true&sampling=true&connected=&shazamapiversion=v3&sharehub=true&hubv5minorversion=v5.1&hidelb=true&video=v3
music_recognizer: No match from Shazam
music_recognizer: No match from Shazam
music_recognizer: No match from Shazam
music_recognizer: Shazam attempt 1/3 hit an error page (rate limit?); retrying in 1.0s
music_recognizer: Shazam attempt 2/3 hit an error page (rate limit?); retrying in 2.0s
music_recognizer: Shazam attempt 1/3 hit an error page (rate limit?); retrying in 1.0s
music_recognizer: Audio bytes identification failed: Check args, URL is invalid
URL- https://amp.shazam.com/discovery/v5/en/GB/iphone/-/tag/96C61D8D-FB66-41C1-B70B-B65A88DEB63F/A9E52D1D-2868-4ABE-8C05-707345001885?sync=true&webv3=true&sampling=true&connected=&shazamapiversion=v3&sharehub=true&hubv5minorversion=v5.1&hidelb=true&video=v3
music_recognizer: Shazam attempt 2/3 hit an error page (rate limit?); retrying in 2.0s
music_recognizer: No match from Shazam
music_recognizer: No match from Shazam
music_recognizer: Recognized: Excision & Subtronics — A.F.B.1.
music_recognizer: Shazam attempt 1/3 hit an error page (rate limit?); retrying in 1.0s
music_recognizer: Shazam attempt 2/3 hit an error page (rate limit?); retrying in 2.0s
music_recognizer: Audio bytes identification failed: Check args, URL is invalid
URL- https://amp.shazam.com/discovery/v5/en/GB/iphone/-/tag/86A497A6-39D3-426C-8AF7-6B876CEDA94E/C18495F1-6F77-4307-A600-E6ADDAD26906?sync=true&webv3=true&sampling=true&connected=&shazamapiversion=v3&sharehub=true&hubv5minorversion=v5.1&hidelb=true&video=v3
music_recognizer: Shazam attempt 1/3 hit an error page (rate limit?); retrying in 1.0s
music_recognizer: No match from Shazam
music_recognizer: No match from Shazam
music_recognizer: No match from Shazam
music_recognizer: Shazam attempt 1/3 hit an error page (rate limit?); retrying in 1.0s
music_recognizer: Shazam attempt 2/3 hit an error page (rate limit?); retrying in 2.0s
music_recognizer: Shazam attempt 1/3 hit an error page (rate limit?); retrying in 1.0s
music_recognizer: Audio bytes identification failed: Check args, URL is invalid
URL- https://amp.shazam.com/discovery/v5/en/GB/iphone/-/tag/52BD5068-34CB-4833-983B-94A00BC5B76D/673A5838-8E27-4861-83E2-66842ED544D4?sync=true&webv3=true&sampling=true&connected=&shazamapiversion=v3&sharehub=true&hubv5minorversion=v5.1&hidelb=true&video=v3
music_recognizer: No match from Shazam
music_recognizer: No match from Shazam
music_recognizer: No match from Shazam
music_recognizer: Shazam attempt 1/3 hit an error page (rate limit?); retrying in 1.0s
music_recognizer: Shazam attempt 1/3 hit an error page (rate limit?); retrying in 1.0s
music_recognizer: Shazam attempt 2/3 hit an error page (rate limit?); retrying in 2.0s
music_recognizer: Shazam attempt 2/3 hit an error page (rate limit?); retrying in 2.0s
music_recognizer: No match from Shazam
music_recognizer: No match from Shazam
music_recognizer: No match from Shazam
music_recognizer: Shazam attempt 1/3 hit an error page (rate limit?); retrying in 1.0s
music_recognizer: Shazam attempt 2/3 hit an error page (rate limit?); retrying in 2.0s
music_recognizer: Shazam attempt 1/3 hit an error page (rate limit?); retrying in 1.0s
music_recognizer: Audio bytes identification failed: Check args, URL is invalid
URL- https://amp.shazam.com/discovery/v5/en/GB/iphone/-/tag/60CC1E8C-5618-40ED-9D3B-998432DA3BE6/758B9442-7880-44BA-9424-51E7CA6AF84E?sync=true&webv3=true&sampling=true&connected=&shazamapiversion=v3&sharehub=true&hubv5minorversion=v5.1&hidelb=true&video=v3
music_recognizer: Shazam attempt 2/3 hit an error page (rate limit?); retrying in 2.0s
music_recognizer: No match from Shazam
music_recognizer: No match from Shazam
music_recognizer: No match from Shazam
music_recognizer: Shazam attempt 1/3 hit an error page (rate limit?); retrying in 1.0s
music_recognizer: Shazam attempt 1/3 hit an error page (rate limit?); retrying in 1.0s
music_recognizer: Shazam attempt 2/3 hit an error page (rate limit?); retrying in 2.0s
music_recognizer: Shazam attempt 2/3 hit an error page (rate limit?); retrying in 2.0s
music_recognizer: No match from Shazam
music_recognizer: No match from Shazam
music_recognizer: No match from Shazam
music_recognizer: Shazam attempt 1/3 hit an error page (rate limit?); retrying in 1.0s
music_recognizer: Shazam attempt 2/3 hit an error page (rate limit?); retrying in 2.0s
music_recognizer: Shazam attempt 1/3 hit an error page (rate limit?); retrying in 1.0s
music_recognizer: Audio bytes identification failed: Check args, URL is invalid
URL- https://amp.shazam.com/discovery/v5/en/GB/iphone/-/tag/12147C1C-F9EC-43C7-A0FD-D1800FA3665A/74C4C47A-2581-43DE-9964-08128BED5933?sync=true&webv3=true&sampling=true&connected=&shazamapiversion=v3&sharehub=true&hubv5minorversion=v5.1&hidelb=true&video=v3
music_recognizer: Shazam attempt 2/3 hit an error page (rate limit?); retrying in 2.0s
music_recognizer: No match from Shazam
music_recognizer: No match from Shazam
music_recognizer: No match from Shazam
music_recognizer: Shazam attempt 1/3 hit an error page (rate limit?); retrying in 1.0s
music_recognizer: Shazam attempt 1/3 hit an error page (rate limit?); retrying in 1.0s
music_recognizer: Shazam attempt 2/3 hit an error page (rate limit?); retrying in 2.0s
music_recognizer: Shazam attempt 2/3 hit an error page (rate limit?); retrying in 2.0s
music_recognizer: No match from Shazam
music_recognizer: No match from Shazam
music_recognizer: Recognized: John Summit — crystallized (feat. Inez) - Subtronics Remix
music_recognizer: Shazam attempt 1/3 hit an error page (rate limit?); retrying in 1.0s
music_recognizer: Shazam attempt 2/3 hit an error page (rate limit?); retrying in 2.0s
music_recognizer: Audio bytes identification failed: Check args, URL is invalid
URL- https://amp.shazam.com/discovery/v5/en/GB/iphone/-/tag/26AD0027-58A5-4DEE-AEB6-20DDF6B6ECB5/C22CA0E5-F6F0-4FDA-85A9-395B16F8B552?sync=true&webv3=true&sampling=true&connected=&shazamapiversion=v3&sharehub=true&hubv5minorversion=v5.1&hidelb=true&video=v3
music_recognizer: Shazam attempt 1/3 hit an error page (rate limit?); retrying in 1.0s
music_recognizer: Shazam attempt 2/3 hit an error page (rate limit?); retrying in 2.0s
music_recognizer: Recognized: John Summit — crystallized (feat. Inéz)
music_recognizer: No match from Shazam
music_recognizer: Recognized: John Summit — crystallized (feat. Inez) - Subtronics Remix
music_recognizer: Shazam attempt 1/3 hit an error page (rate limit?); retrying in 1.0s
music_recognizer: Shazam attempt 2/3 hit an error page (rate limit?); retrying in 2.0s
music_recognizer: Audio bytes identification failed: Check args, URL is invalid
URL- https://amp.shazam.com/discovery/v5/en/GB/iphone/-/tag/8EBEC16E-20CB-4D92-9F04-90A94EB88E52/743E009F-CFEE-48A7-8851-96E393ED0D0B?sync=true&webv3=true&sampling=true&connected=&shazamapiversion=v3&sharehub=true&hubv5minorversion=v5.1&hidelb=true&video=v3
music_recognizer: Shazam attempt 1/3 hit an error page (rate limit?); retrying in 1.0s
music_recognizer: No match from Shazam
music_recognizer: No match from Shazam
music_recognizer: No match from Shazam
music_recognizer: Shazam attempt 1/3 hit an error page (rate limit?); retrying in 1.0s
music_recognizer: Shazam attempt 2/3 hit an error page (rate limit?); retrying in 2.0s
music_recognizer: Shazam attempt 1/3 hit an error page (rate limit?); retrying in 1.0s
music_recognizer: Audio bytes identification failed: Check args, URL is invalid
URL- https://amp.shazam.com/discovery/v5/en/GB/iphone/-/tag/ADA6B046-5144-4F25-A452-AE3670501C69/D7C35850-7E08-4FF5-96D2-F5C307C240F9?sync=true&webv3=true&sampling=true&connected=&shazamapiversion=v3&sharehub=true&hubv5minorversion=v5.1&hidelb=true&video=v3
music_recognizer: No match from Shazam
music_recognizer: No match from Shazam
music_recognizer: Recognized: John Summit — crystallized (feat. Inez) - Subtronics Remix
music_recognizer: Shazam attempt 1/3 hit an error page (rate limit?); retrying in 1.0s
music_recognizer: Shazam attempt 2/3 hit an error page (rate limit?); retrying in 2.0s
music_recognizer: Audio bytes identification failed: Check args, URL is invalid
URL- https://amp.shazam.com/discovery/v5/en/GB/iphone/-/tag/FD5FCCD4-034A-4797-A9A1-3E4E3C56C7A0/AFE2FDA1-B2BA-4C67-BFD1-86D4A67800A4?sync=true&webv3=true&sampling=true&connected=&shazamapiversion=v3&sharehub=true&hubv5minorversion=v5.1&hidelb=true&video=v3
music_recognizer: Shazam attempt 1/3 hit an error page (rate limit?); retrying in 1.0s
music_recognizer: Shazam attempt 2/3 hit an error page (rate limit?); retrying in 2.0s
music_recognizer: No match from Shazam
music_recognizer: No match from Shazam
music_recognizer: No match from Shazam
music_recognizer: Shazam attempt 1/3 hit an error page (rate limit?); retrying in 1.0s
music_recognizer: Shazam attempt 1/3 hit an error page (rate limit?); retrying in 1.0s
music_recognizer: Shazam attempt 2/3 hit an error page (rate limit?); retrying in 2.0s
music_recognizer: Shazam attempt 2/3 hit an error page (rate limit?); retrying in 2.0s
music_recognizer: No match from Shazam
music_recognizer: Recognized: Subtronics & A Little Sound — Final Breath
music_recognizer: No match from Shazam
music_recognizer: Shazam attempt 1/3 hit an error page (rate limit?); retrying in 1.0s
music_recognizer: Shazam attempt 2/3 hit an error page (rate limit?); retrying in 2.0s
music_recognizer: Shazam attempt 1/3 hit an error page (rate limit?); retrying in 1.0s
music_recognizer: Audio bytes identification failed: Check args, URL is invalid
URL- https://amp.shazam.com/discovery/v5/en/GB/iphone/-/tag/5EFC2C56-5A72-4E24-AB94-F15B36E55FF0/0F9BB83D-CC8D-4F63-AEA2-B791FECE5653?sync=true&webv3=true&sampling=true&connected=&shazamapiversion=v3&sharehub=true&hubv5minorversion=v5.1&hidelb=true&video=v3
music_recognizer: Shazam attempt 2/3 hit an error page (rate limit?); retrying in 2.0s
music_recognizer: No match from Shazam
music_recognizer: Recognized: Subtronics & A Little Sound — Final Breath
music_recognizer: No match from Shazam
music_recognizer: Shazam attempt 1/3 hit an error page (rate limit?); retrying in 1.0s
music_recognizer: Shazam attempt 2/3 hit an error page (rate limit?); retrying in 2.0s
music_recognizer: Audio bytes identification failed: Check args, URL is invalid
URL- https://amp.shazam.com/discovery/v5/en/GB/iphone/-/tag/8F76AA46-2960-452B-8779-3E2085E5A589/3ECEF484-BA99-41D8-BE50-B6894E295A79?sync=true&webv3=true&sampling=true&connected=&shazamapiversion=v3&sharehub=true&hubv5minorversion=v5.1&hidelb=true&video=v3
music_recognizer: Shazam attempt 1/3 hit an error page (rate limit?); retrying in 1.0s
music_recognizer: No match from Shazam
music_recognizer: No match from Shazam
music_recognizer: No match from Shazam
music_recognizer: Shazam attempt 1/3 hit an error page (rate limit?); retrying in 1.0s
music_recognizer: Shazam attempt 2/3 hit an error page (rate limit?); retrying in 2.0s
music_recognizer: Shazam attempt 1/3 hit an error page (rate limit?); retrying in 1.0s
music_recognizer: Audio bytes identification failed: Check args, URL is invalid
URL- https://amp.shazam.com/discovery/v5/en/GB/iphone/-/tag/CF2CD64E-3E0D-4522-AC16-0332EE2C5CB0/5C0ACC32-7D43-4C2B-B8DF-0B3398F07513?sync=true&webv3=true&sampling=true&connected=&shazamapiversion=v3&sharehub=true&hubv5minorversion=v5.1&hidelb=true&video=v3
music_recognizer: No match from Shazam
music_recognizer: No match from Shazam
music_recognizer: No match from Shazam
music_recognizer: Shazam attempt 1/3 hit an error page (rate limit?); retrying in 1.0s
music_recognizer: Shazam attempt 2/3 hit an error page (rate limit?); retrying in 2.0s
music_recognizer: Shazam attempt 1/3 hit an error page (rate limit?); retrying in 1.0s
music_recognizer: Audio bytes identification failed: Check args, URL is invalid
URL- https://amp.shazam.com/discovery/v5/en/GB/iphone/-/tag/1952C840-3077-4FA2-85AF-A161E61AF1AB/A6FA317C-5C5F-4E6C-9CDB-A2100576607F?sync=true&webv3=true&sampling=true&connected=&shazamapiversion=v3&sharehub=true&hubv5minorversion=v5.1&hidelb=true&video=v3
music_recognizer: No match from Shazam
music_recognizer: No match from Shazam
music_recognizer: No match from Shazam
music_recognizer: Shazam attempt 1/3 hit an error page (rate limit?); retrying in 1.0s
music_recognizer: Shazam attempt 2/3 hit an error page (rate limit?); retrying in 2.0s
music_recognizer: Shazam attempt 1/3 hit an error page (rate limit?); retrying in 1.0s
music_recognizer: Audio bytes identification failed: Check args, URL is invalid
URL- https://amp.shazam.com/discovery/v5/en/GB/iphone/-/tag/7AC48324-6039-4973-B929-3DB9997BA9B7/04BACA45-384D-4DD2-9666-B2E8603F2EEE?sync=true&webv3=true&sampling=true&connected=&shazamapiversion=v3&sharehub=true&hubv5minorversion=v5.1&hidelb=true&video=v3
music_recognizer: Shazam attempt 2/3 hit an error page (rate limit?); retrying in 2.0s
music_recognizer: No match from Shazam
music_recognizer: No match from Shazam
music_recognizer: No match from Shazam
music_recognizer: Shazam attempt 1/3 hit an error page (rate limit?); retrying in 1.0s
music_recognizer: Shazam attempt 2/3 hit an error page (rate limit?); retrying in 2.0s
music_recognizer: Shazam attempt 1/3 hit an error page (rate limit?); retrying in 1.0s
music_recognizer: Audio bytes identification failed: Check args, URL is invalid
URL- https://amp.shazam.com/discovery/v5/en/GB/iphone/-/tag/79BA7EDE-541A-485D-A7CB-E4D13F638715/E7FA89A5-2243-4299-880B-768F27E804A1?sync=true&webv3=true&sampling=true&connected=&shazamapiversion=v3&sharehub=true&hubv5minorversion=v5.1&hidelb=true&video=v3
music_recognizer: No match from Shazam
music_recognizer: No match from Shazam
music_recognizer: No match from Shazam
music_recognizer: Shazam attempt 1/3 hit an error page (rate limit?); retrying in 1.0s
music_recognizer: Shazam attempt 2/3 hit an error page (rate limit?); retrying in 2.0s
music_recognizer: Shazam attempt 1/3 hit an error page (rate limit?); retrying in 1.0s
music_recognizer: Audio bytes identification failed: Check args, URL is invalid
URL- https://amp.shazam.com/discovery/v5/en/GB/iphone/-/tag/8845E04F-0042-4045-800D-B68EF2AE614C/711B3141-368A-4D6E-ACF8-7527A0FF8D4C?sync=true&webv3=true&sampling=true&connected=&shazamapiversion=v3&sharehub=true&hubv5minorversion=v5.1&hidelb=true&video=v3
music_recognizer: Shazam attempt 2/3 hit an error page (rate limit?); retrying in 2.0s
music_recognizer: No match from Shazam
music_recognizer: No match from Shazam
music_recognizer: No match from Shazam
music_recognizer: Shazam attempt 1/3 hit an error page (rate limit?); retrying in 1.0s
music_recognizer: Shazam attempt 2/3 hit an error page (rate limit?); retrying in 2.0s
music_recognizer: Shazam attempt 1/3 hit an error page (rate limit?); retrying in 1.0s
music_recognizer: Audio bytes identification failed: Check args, URL is invalid
URL- https://amp.shazam.com/discovery/v5/en/GB/iphone/-/tag/B2F8281C-F92D-4B59-905C-C9E8FD35743C/F1665D0E-371C-4B2C-B58F-C62E54504D02?sync=true&webv3=true&sampling=true&connected=&shazamapiversion=v3&sharehub=true&hubv5minorversion=v5.1&hidelb=true&video=v3
music_recognizer: No match from Shazam
music_recognizer: No match from Shazam
music_recognizer: No match from Shazam
music_recognizer: Shazam attempt 1/3 hit an error page (rate limit?); retrying in 1.0s
music_recognizer: Shazam attempt 2/3 hit an error page (rate limit?); retrying in 2.0s
music_recognizer: Shazam attempt 1/3 hit an error page (rate limit?); retrying in 1.0s
music_recognizer: Audio bytes identification failed: Check args, URL is invalid
URL- https://amp.shazam.com/discovery/v5/en/GB/iphone/-/tag/E79D3B68-8855-4A0D-81E9-0D84D962904D/E1E5B3A6-F4FE-4FA0-BC4B-6770ECF713DC?sync=true&webv3=true&sampling=true&connected=&shazamapiversion=v3&sharehub=true&hubv5minorversion=v5.1&hidelb=true&video=v3
music_recognizer: Shazam attempt 2/3 hit an error page (rate limit?); retrying in 2.0s
music_recognizer: No match from Shazam
music_recognizer: No match from Shazam
music_recognizer: No match from Shazam
music_recognizer: Shazam attempt 1/3 hit an error page (rate limit?); retrying in 1.0s
music_recognizer: Shazam attempt 2/3 hit an error page (rate limit?); retrying in 2.0s
music_recognizer: Shazam attempt 1/3 hit an error page (rate limit?); retrying in 1.0s
music_recognizer: Audio bytes identification failed: Check args, URL is invalid
URL- https://amp.shazam.com/discovery/v5/en/GB/iphone/-/tag/1E81285F-AE78-4E69-9B4D-99A7639C9971/F220491D-0402-49FC-B5B2-E317F89BE4EF?sync=true&webv3=true&sampling=true&connected=&shazamapiversion=v3&sharehub=true&hubv5minorversion=v5.1&hidelb=true&video=v3
music_recognizer: No match from Shazam
music_recognizer: No match from Shazam
music_recognizer: No match from Shazam
music_recognizer: Shazam attempt 1/3 hit an error page (rate limit?); retrying in 1.0s
music_recognizer: Shazam attempt 2/3 hit an error page (rate limit?); retrying in 2.0s
music_recognizer: Shazam attempt 1/3 hit an error page (rate limit?); retrying in 1.0s
music_recognizer: Audio bytes identification failed: Check args, URL is invalid
URL- https://amp.shazam.com/discovery/v5/en/GB/iphone/-/tag/88010621-985D-4FA8-AC16-9EAC99AF7E99/4932ED27-DF17-46EA-9BA1-60576358ACCA?sync=true&webv3=true&sampling=true&connected=&shazamapiversion=v3&sharehub=true&hubv5minorversion=v5.1&hidelb=true&video=v3
music_recognizer: Shazam attempt 2/3 hit an error page (rate limit?); retrying in 2.0s
music_recognizer: No match from Shazam
music_recognizer: No match from Shazam
music_recognizer: No match from Shazam
music_recognizer: Shazam attempt 1/3 hit an error page (rate limit?); retrying in 1.0s
music_recognizer: Shazam attempt 2/3 hit an error page (rate limit?); retrying in 2.0s
music_recognizer: Shazam attempt 1/3 hit an error page (rate limit?); retrying in 1.0s
music_recognizer: Audio bytes identification failed: Check args, URL is invalid
URL- https://amp.shazam.com/discovery/v5/en/GB/iphone/-/tag/50FC6677-0B91-4154-8814-03069666841B/BE4ED336-BF12-4F37-8AA3-15E4863DE777?sync=true&webv3=true&sampling=true&connected=&shazamapiversion=v3&sharehub=true&hubv5minorversion=v5.1&hidelb=true&video=v3
music_recognizer: No match from Shazam
music_recognizer: No match from Shazam
music_recognizer: No match from Shazam
music_recognizer: Shazam attempt 1/3 hit an error page (rate limit?); retrying in 1.0s
music_recognizer: Shazam attempt 2/3 hit an error page (rate limit?); retrying in 2.0s
music_recognizer: Shazam attempt 1/3 hit an error page (rate limit?); retrying in 1.0s
music_recognizer: Audio bytes identification failed: Check args, URL is invalid
URL- https://amp.shazam.com/discovery/v5/en/GB/iphone/-/tag/97FAB605-AF22-4C8D-A0E1-DBF8B9988C71/30529917-829A-4AA7-B35C-25512E84DD7C?sync=true&webv3=true&sampling=true&connected=&shazamapiversion=v3&sharehub=true&hubv5minorversion=v5.1&hidelb=true&video=v3
music_recognizer: Shazam attempt 2/3 hit an error page (rate limit?); retrying in 2.0s
music_recognizer: No match from Shazam
music_recognizer: No match from Shazam
music_recognizer: No match from Shazam
music_recognizer: Shazam attempt 1/3 hit an error page (rate limit?); retrying in 1.0s
music_recognizer: Shazam attempt 2/3 hit an error page (rate limit?); retrying in 2.0s
music_recognizer: Shazam attempt 1/3 hit an error page (rate limit?); retrying in 1.0s
music_recognizer: Audio bytes identification failed: Check args, URL is invalid
URL- https://amp.shazam.com/discovery/v5/en/GB/iphone/-/tag/A49BC660-B94B-4D24-80D9-5CB820CD829C/667F29DF-607C-4BF5-A751-9EB2111461F6?sync=true&webv3=true&sampling=true&connected=&shazamapiversion=v3&sharehub=true&hubv5minorversion=v5.1&hidelb=true&video=v3
music_recognizer: No match from Shazam
music_recognizer: No match from Shazam
music_recognizer: No match from Shazam
music_recognizer: Shazam attempt 1/3 hit an error page (rate limit?); retrying in 1.0s
music_recognizer: Shazam attempt 2/3 hit an error page (rate limit?); retrying in 2.0s
music_recognizer: Shazam attempt 1/3 hit an error page (rate limit?); retrying in 1.0s
music_recognizer: Audio bytes identification failed: Check args, URL is invalid
URL- https://amp.shazam.com/discovery/v5/en/GB/iphone/-/tag/3C0BA6EA-5DE3-42AE-9623-A81328A56909/D1A8D3EE-5CDB-4A15-A821-0E106591FA43?sync=true&webv3=true&sampling=true&connected=&shazamapiversion=v3&sharehub=true&hubv5minorversion=v5.1&hidelb=true&video=v3
music_recognizer: Shazam attempt 2/3 hit an error page (rate limit?); retrying in 2.0s
music_recognizer: No match from Shazam
music_recognizer: No match from Shazam
music_recognizer: No match from Shazam
music_recognizer: Shazam attempt 1/3 hit an error page (rate limit?); retrying in 1.0s
music_recognizer: Shazam attempt 2/3 hit an error page (rate limit?); retrying in 2.0s
music_recognizer: Shazam attempt 1/3 hit an error page (rate limit?); retrying in 1.0s
music_recognizer: Audio bytes identification failed: Check args, URL is invalid
URL- https://amp.shazam.com/discovery/v5/en/GB/iphone/-/tag/F9207A7A-B018-4A4A-B9A8-DD9FCCBE2658/5F4F17A7-E9D3-40B2-819C-0657E680E3B9?sync=true&webv3=true&sampling=true&connected=&shazamapiversion=v3&sharehub=true&hubv5minorversion=v5.1&hidelb=true&video=v3
music_recognizer: No match from Shazam
music_recognizer: No match from Shazam
music_recognizer: No match from Shazam
music_recognizer: Shazam attempt 1/3 hit an error page (rate limit?); retrying in 1.0s
music_recognizer: Shazam attempt 2/3 hit an error page (rate limit?); retrying in 2.0s
music_recognizer: Shazam attempt 1/3 hit an error page (rate limit?); retrying in 1.0s
music_recognizer: Audio bytes identification failed: Check args, URL is invalid
URL- https://amp.shazam.com/discovery/v5/en/GB/iphone/-/tag/89F527F5-C038-48C3-B38D-546400F8FC60/4DB1E90B-3DAE-4FD9-9DC6-08F3DE80A0E3?sync=true&webv3=true&sampling=true&connected=&shazamapiversion=v3&sharehub=true&hubv5minorversion=v5.1&hidelb=true&video=v3
music_recognizer: Shazam attempt 2/3 hit an error page (rate limit?); retrying in 2.0s
music_recognizer: No match from Shazam
music_recognizer: No match from Shazam
music_recognizer: No match from Shazam
music_recognizer: Shazam attempt 1/3 hit an error page (rate limit?); retrying in 1.0s
music_recognizer: Shazam attempt 2/3 hit an error page (rate limit?); retrying in 2.0s
music_recognizer: Shazam attempt 1/3 hit an error page (rate limit?); retrying in 1.0s
music_recognizer: Audio bytes identification failed: Check args, URL is invalid
URL- https://amp.shazam.com/discovery/v5/en/GB/iphone/-/tag/4920E8B2-740F-4645-B401-F0F54D01366B/D7040381-A08D-4EED-B620-C6571E4D435A?sync=true&webv3=true&sampling=true&connected=&shazamapiversion=v3&sharehub=true&hubv5minorversion=v5.1&hidelb=true&video=v3
music_recognizer: No match from Shazam
music_recognizer: No match from Shazam
music_recognizer: No match from Shazam
music_recognizer: Shazam attempt 1/3 hit an error page (rate limit?); retrying in 1.0s
music_recognizer: Shazam attempt 2/3 hit an error page (rate limit?); retrying in 2.0s
music_recognizer: Shazam attempt 1/3 hit an error page (rate limit?); retrying in 1.0s
music_recognizer: Audio bytes identification failed: Check args, URL is invalid
URL- https://amp.shazam.com/discovery/v5/en/GB/iphone/-/tag/1D6A7FD0-47A2-4785-A25A-250696AC4FE0/21502EF4-28AD-4DFA-8219-778947384414?sync=true&webv3=true&sampling=true&connected=&shazamapiversion=v3&sharehub=true&hubv5minorversion=v5.1&hidelb=true&video=v3
music_recognizer: Shazam attempt 2/3 hit an error page (rate limit?); retrying in 2.0s
music_recognizer: No match from Shazam
music_recognizer: No match from Shazam
music_recognizer: No match from Shazam
music_recognizer: Shazam attempt 1/3 hit an error page (rate limit?); retrying in 1.0s
music_recognizer: Shazam attempt 2/3 hit an error page (rate limit?); retrying in 2.0s
music_recognizer: Shazam attempt 1/3 hit an error page (rate limit?); retrying in 1.0s
music_recognizer: Audio bytes identification failed: Check args, URL is invalid
URL- https://amp.shazam.com/discovery/v5/en/GB/iphone/-/tag/4E71EB43-6978-40ED-B468-83BD5C3CE806/BC031A42-2400-4901-A99F-14365A5592AA?sync=true&webv3=true&sampling=true&connected=&shazamapiversion=v3&sharehub=true&hubv5minorversion=v5.1&hidelb=true&video=v3
music_recognizer: No match from Shazam
music_recognizer: No match from Shazam
music_recognizer: No match from Shazam
music_recognizer: Shazam attempt 1/3 hit an error page (rate limit?); retrying in 1.0s
music_recognizer: Shazam attempt 2/3 hit an error page (rate limit?); retrying in 2.0s
music_recognizer: Shazam attempt 1/3 hit an error page (rate limit?); retrying in 1.0s
music_recognizer: Audio bytes identification failed: Check args, URL is invalid
URL- https://amp.shazam.com/discovery/v5/en/GB/iphone/-/tag/E3C4DB16-A7FC-49A7-BC99-C6ED99D29F77/C5E3C359-B02B-4C90-A0D9-03DDA726C08C?sync=true&webv3=true&sampling=true&connected=&shazamapiversion=v3&sharehub=true&hubv5minorversion=v5.1&hidelb=true&video=v3
music_recognizer: Shazam attempt 2/3 hit an error page (rate limit?); retrying in 2.0s
music_recognizer: No match from Shazam
music_recognizer: No match from Shazam
music_recognizer: No match from Shazam
music_recognizer: Shazam attempt 1/3 hit an error page (rate limit?); retrying in 1.0s
music_recognizer: Shazam attempt 2/3 hit an error page (rate limit?); retrying in 2.0s
music_recognizer: Shazam attempt 1/3 hit an error page (rate limit?); retrying in 1.0s
music_recognizer: Audio bytes identification failed: Check args, URL is invalid
URL- https://amp.shazam.com/discovery/v5/en/GB/iphone/-/tag/9EF0CB13-9B07-4F3C-A4F1-91150F0BEF8E/3AD1A426-8843-455D-ACD2-4F285B0A7E13?sync=true&webv3=true&sampling=true&connected=&shazamapiversion=v3&sharehub=true&hubv5minorversion=v5.1&hidelb=true&video=v3
music_recognizer: No match from Shazam
music_recognizer: No match from Shazam
music_recognizer: No match from Shazam
music_recognizer: Shazam attempt 1/3 hit an error page (rate limit?); retrying in 1.0s
music_recognizer: Shazam attempt 2/3 hit an error page (rate limit?); retrying in 2.0s
music_recognizer: Shazam attempt 1/3 hit an error page (rate limit?); retrying in 1.0s
music_recognizer: Audio bytes identification failed: Check args, URL is invalid
URL- https://amp.shazam.com/discovery/v5/en/GB/iphone/-/tag/1109559A-6EEB-4BDE-B162-B11C46614C03/8B365FA7-CAAF-4F58-BD0F-EF9F4C425700?sync=true&webv3=true&sampling=true&connected=&shazamapiversion=v3&sharehub=true&hubv5minorversion=v5.1&hidelb=true&video=v3
music_recognizer: Shazam attempt 2/3 hit an error page (rate limit?); retrying in 2.0s
music_recognizer: No match from Shazam
music_recognizer: No match from Shazam
music_recognizer: No match from Shazam
music_recognizer: Shazam attempt 1/3 hit an error page (rate limit?); retrying in 1.0s
music_recognizer: Shazam attempt 2/3 hit an error page (rate limit?); retrying in 2.0s
music_recognizer: Shazam attempt 1/3 hit an error page (rate limit?); retrying in 1.0s
music_recognizer: Audio bytes identification failed: Check args, URL is invalid
URL- https://amp.shazam.com/discovery/v5/en/GB/iphone/-/tag/143CDA4F-4664-4AFD-9336-9865696E27F6/0A7E6473-0D66-4F4B-BEDF-7B764F2024CA?sync=true&webv3=true&sampling=true&connected=&shazamapiversion=v3&sharehub=true&hubv5minorversion=v5.1&hidelb=true&video=v3
music_recognizer: No match from Shazam
music_recognizer: No match from Shazam
music_recognizer: No match from Shazam
music_recognizer: Shazam attempt 1/3 hit an error page (rate limit?); retrying in 1.0s
music_recognizer: Shazam attempt 2/3 hit an error page (rate limit?); retrying in 2.0s
music_recognizer: Shazam attempt 1/3 hit an error page (rate limit?); retrying in 1.0s
music_recognizer: Audio bytes identification failed: Check args, URL is invalid
URL- https://amp.shazam.com/discovery/v5/en/GB/iphone/-/tag/462568F9-EF78-46F7-8FC6-38B68FB0F9C7/7443297A-1372-41E6-BC29-7AE9BF2D4E3E?sync=true&webv3=true&sampling=true&connected=&shazamapiversion=v3&sharehub=true&hubv5minorversion=v5.1&hidelb=true&video=v3
music_recognizer: Shazam attempt 2/3 hit an error page (rate limit?); retrying in 2.0s
music_recognizer: No match from Shazam
music_recognizer: No match from Shazam
music_recognizer: No match from Shazam
music_recognizer: Shazam attempt 1/3 hit an error page (rate limit?); retrying in 1.0s
music_recognizer: Shazam attempt 2/3 hit an error page (rate limit?); retrying in 2.0s
music_recognizer: Shazam attempt 1/3 hit an error page (rate limit?); retrying in 1.0s
music_recognizer: Audio bytes identification failed: Check args, URL is invalid
URL- https://amp.shazam.com/discovery/v5/en/GB/iphone/-/tag/80C624D1-7468-4C65-9B61-5F5B3C64EA70/18375FF2-3F80-4494-978E-DE911475EA50?sync=true&webv3=true&sampling=true&connected=&shazamapiversion=v3&sharehub=true&hubv5minorversion=v5.1&hidelb=true&video=v3
music_recognizer: No match from Shazam
music_recognizer: No match from Shazam
music_recognizer: No match from Shazam
music_recognizer: Shazam attempt 1/3 hit an error page (rate limit?); retrying in 1.0s
music_recognizer: Shazam attempt 2/3 hit an error page (rate limit?); retrying in 2.0s
music_recognizer: Shazam attempt 1/3 hit an error page (rate limit?); retrying in 1.0s
music_recognizer: Audio bytes identification failed: Check args, URL is invalid
URL- https://amp.shazam.com/discovery/v5/en/GB/iphone/-/tag/6ADA3F2E-54D0-4A12-9CF8-729C0C049D18/EBF4503F-B931-4AA9-8020-3F4997837E5B?sync=true&webv3=true&sampling=true&connected=&shazamapiversion=v3&sharehub=true&hubv5minorversion=v5.1&hidelb=true&video=v3
music_recognizer: Shazam attempt 2/3 hit an error page (rate limit?); retrying in 2.0s
music_recognizer: No match from Shazam
music_recognizer: No match from Shazam
music_recognizer: No match from Shazam
music_recognizer: Shazam attempt 1/3 hit an error page (rate limit?); retrying in 1.0s
music_recognizer: Shazam attempt 2/3 hit an error page (rate limit?); retrying in 2.0s
music_recognizer: Shazam attempt 1/3 hit an error page (rate limit?); retrying in 1.0s
music_recognizer: Audio bytes identification failed: Check args, URL is invalid
URL- https://amp.shazam.com/discovery/v5/en/GB/iphone/-/tag/97347FFD-E63C-41A9-91EF-E7E54F085EA0/9C72DB13-0110-4B42-829F-0D8E36B6E14B?sync=true&webv3=true&sampling=true&connected=&shazamapiversion=v3&sharehub=true&hubv5minorversion=v5.1&hidelb=true&video=v3
music_recognizer: No match from Shazam
music_recognizer: No match from Shazam
music_recognizer: No match from Shazam
music_recognizer: Shazam attempt 1/3 hit an error page (rate limit?); retrying in 1.0s
music_recognizer: Shazam attempt 2/3 hit an error page (rate limit?); retrying in 2.0s
music_recognizer: Shazam attempt 1/3 hit an error page (rate limit?); retrying in 1.0s
music_recognizer: Audio bytes identification failed: Check args, URL is invalid
URL- https://amp.shazam.com/discovery/v5/en/GB/iphone/-/tag/6EB111E3-9538-4C80-8904-EBF763DE1218/5004AC57-9EE4-43FD-B811-F51279B6C095?sync=true&webv3=true&sampling=true&connected=&shazamapiversion=v3&sharehub=true&hubv5minorversion=v5.1&hidelb=true&video=v3
music_recognizer: Shazam attempt 2/3 hit an error page (rate limit?); retrying in 2.0s
music_recognizer: No match from Shazam
music_recognizer: No match from Shazam
music_recognizer: No match from Shazam
music_recognizer: Shazam attempt 1/3 hit an error page (rate limit?); retrying in 1.0s
music_recognizer: Shazam attempt 2/3 hit an error page (rate limit?); retrying in 2.0s
music_recognizer: Shazam attempt 1/3 hit an error page (rate limit?); retrying in 1.0s
music_recognizer: Audio bytes identification failed: Check args, URL is invalid
URL- https://amp.shazam.com/discovery/v5/en/GB/iphone/-/tag/6906BD6F-B07A-43E7-8391-7DA444F5BB60/0A80DE1E-CB9B-4F46-A80F-60D27CF16BD8?sync=true&webv3=true&sampling=true&connected=&shazamapiversion=v3&sharehub=true&hubv5minorversion=v5.1&hidelb=true&video=v3
music_recognizer: No match from Shazam
music_recognizer: No match from Shazam
music_recognizer: No match from Shazam
music_recognizer: Shazam attempt 1/3 hit an error page (rate limit?); retrying in 1.0s
music_recognizer: Shazam attempt 2/3 hit an error page (rate limit?); retrying in 2.0s
music_recognizer: Shazam attempt 1/3 hit an error page (rate limit?); retrying in 1.0s
music_recognizer: Audio bytes identification failed: Check args, URL is invalid
URL- https://amp.shazam.com/discovery/v5/en/GB/iphone/-/tag/F071F172-9A82-47D1-BACE-DA2956950F66/4590A3A4-B4E5-4735-8DE7-6B53B1B47E00?sync=true&webv3=true&sampling=true&connected=&shazamapiversion=v3&sharehub=true&hubv5minorversion=v5.1&hidelb=true&video=v3
music_recognizer: Shazam attempt 2/3 hit an error page (rate limit?); retrying in 2.0s
music_recognizer: Recognized: Doechii — Nissan Altima (Devault Remix)
music_recognizer: No match from Shazam
music_recognizer: Recognized: Doechii — Nissan Altima (Devault Remix)
music_recognizer: Shazam attempt 1/3 hit an error page (rate limit?); retrying in 1.0s
music_recognizer: Shazam attempt 2/3 hit an error page (rate limit?); retrying in 2.0s
music_recognizer: Audio bytes identification failed: Check args, URL is invalid
URL- https://amp.shazam.com/discovery/v5/en/GB/iphone/-/tag/D15A3ABF-34D3-4D09-B393-A3E1BC102CCB/F8BEEF9A-D9BB-44F6-85F1-215D9119D5E9?sync=true&webv3=true&sampling=true&connected=&shazamapiversion=v3&sharehub=true&hubv5minorversion=v5.1&hidelb=true&video=v3
music_recognizer: Shazam attempt 1/3 hit an error page (rate limit?); retrying in 1.0s
music_recognizer: No match from Shazam
music_recognizer: No match from Shazam
music_recognizer: No match from Shazam
music_recognizer: Shazam attempt 1/3 hit an error page (rate limit?); retrying in 1.0s
music_recognizer: Shazam attempt 1/3 hit an error page (rate limit?); retrying in 1.0s
music_recognizer: Shazam attempt 2/3 hit an error page (rate limit?); retrying in 2.0s
music_recognizer: Shazam attempt 2/3 hit an error page (rate limit?); retrying in 2.0s
music_recognizer: No match from Shazam
music_recognizer: No match from Shazam
music_recognizer: No match from Shazam
music_recognizer: Shazam attempt 1/3 hit an error page (rate limit?); retrying in 1.0s
music_recognizer: Shazam attempt 2/3 hit an error page (rate limit?); retrying in 2.0s
music_recognizer: Shazam attempt 1/3 hit an error page (rate limit?); retrying in 1.0s
music_recognizer: Audio bytes identification failed: Check args, URL is invalid
URL- https://amp.shazam.com/discovery/v5/en/GB/iphone/-/tag/6379EBE2-860A-4ADA-BDFA-DC7509FBA869/D0DF9714-64DC-4D52-A523-6DA5A70D3014?sync=true&webv3=true&sampling=true&connected=&shazamapiversion=v3&sharehub=true&hubv5minorversion=v5.1&hidelb=true&video=v3
music_recognizer: Shazam attempt 2/3 hit an error page (rate limit?); retrying in 2.0s
music_recognizer: No match from Shazam
music_recognizer: No match from Shazam
music_recognizer: No match from Shazam
music_recognizer: Shazam attempt 1/3 hit an error page (rate limit?); retrying in 1.0s
music_recognizer: Shazam attempt 1/3 hit an error page (rate limit?); retrying in 1.0s
music_recognizer: Shazam attempt 2/3 hit an error page (rate limit?); retrying in 2.0s
music_recognizer: Shazam attempt 2/3 hit an error page (rate limit?); retrying in 2.0s
music_recognizer: No match from Shazam
music_recognizer: No match from Shazam
music_recognizer: No match from Shazam
music_recognizer: Shazam attempt 1/3 hit an error page (rate limit?); retrying in 1.0s
music_recognizer: Shazam attempt 2/3 hit an error page (rate limit?); retrying in 2.0s
music_recognizer: Shazam attempt 1/3 hit an error page (rate limit?); retrying in 1.0s
music_recognizer: Audio bytes identification failed: Check args, URL is invalid
URL- https://amp.shazam.com/discovery/v5/en/GB/iphone/-/tag/3EBA82E5-699B-41F0-9E92-6900288E9937/DDFFF054-F098-4FD6-81B0-9624190DD574?sync=true&webv3=true&sampling=true&connected=&shazamapiversion=v3&sharehub=true&hubv5minorversion=v5.1&hidelb=true&video=v3
music_recognizer: Shazam attempt 2/3 hit an error page (rate limit?); retrying in 2.0s
music_recognizer: No match from Shazam
music_recognizer: No match from Shazam
music_recognizer: No match from Shazam
music_recognizer: Shazam attempt 1/3 hit an error page (rate limit?); retrying in 1.0s
music_recognizer: Shazam attempt 1/3 hit an error page (rate limit?); retrying in 1.0s
music_recognizer: Shazam attempt 2/3 hit an error page (rate limit?); retrying in 2.0s
music_recognizer: Shazam attempt 2/3 hit an error page (rate limit?); retrying in 2.0s
music_recognizer: No match from Shazam
music_recognizer: No match from Shazam
music_recognizer: No match from Shazam
music_recognizer: Shazam attempt 1/3 hit an error page (rate limit?); retrying in 1.0s
music_recognizer: Shazam attempt 2/3 hit an error page (rate limit?); retrying in 2.0s
music_recognizer: Shazam attempt 1/3 hit an error page (rate limit?); retrying in 1.0s
music_recognizer: Audio bytes identification failed: Check args, URL is invalid
URL- https://amp.shazam.com/discovery/v5/en/GB/iphone/-/tag/EC8DF86A-6F3D-45F9-AE4F-5364592E05BB/0EFCE706-3D73-4126-BEC6-483293EBBC1E?sync=true&webv3=true&sampling=true&connected=&shazamapiversion=v3&sharehub=true&hubv5minorversion=v5.1&hidelb=true&video=v3
music_recognizer: Shazam attempt 2/3 hit an error page (rate limit?); retrying in 2.0s
music_recognizer: No match from Shazam
music_recognizer: No match from Shazam
music_recognizer: No match from Shazam
music_recognizer: Shazam attempt 1/3 hit an error page (rate limit?); retrying in 1.0s
music_recognizer: Shazam attempt 1/3 hit an error page (rate limit?); retrying in 1.0s
music_recognizer: Shazam attempt 2/3 hit an error page (rate limit?); retrying in 2.0s
music_recognizer: Shazam attempt 2/3 hit an error page (rate limit?); retrying in 2.0s
music_recognizer: No match from Shazam
music_recognizer: No match from Shazam
music_recognizer: No match from Shazam
music_recognizer: Shazam attempt 1/3 hit an error page (rate limit?); retrying in 1.0s
music_recognizer: Shazam attempt 2/3 hit an error page (rate limit?); retrying in 2.0s
music_recognizer: Shazam attempt 1/3 hit an error page (rate limit?); retrying in 1.0s
music_recognizer: Audio bytes identification failed: Check args, URL is invalid
URL- https://amp.shazam.com/discovery/v5/en/GB/iphone/-/tag/D9054D43-7C47-41D1-B94B-1A1131657609/72495AAF-6EAA-42C4-BB67-0DA91418FF79?sync=true&webv3=true&sampling=true&connected=&shazamapiversion=v3&sharehub=true&hubv5minorversion=v5.1&hidelb=true&video=v3
music_recognizer: Shazam attempt 2/3 hit an error page (rate limit?); retrying in 2.0s
music_recognizer: No match from Shazam
music_recognizer: No match from Shazam
music_recognizer: No match from Shazam
music_recognizer: Shazam attempt 1/3 hit an error page (rate limit?); retrying in 1.0s
music_recognizer: Shazam attempt 1/3 hit an error page (rate limit?); retrying in 1.0s
music_recognizer: Shazam attempt 2/3 hit an error page (rate limit?); retrying in 2.0s
music_recognizer: Shazam attempt 2/3 hit an error page (rate limit?); retrying in 2.0s
music_recognizer: No match from Shazam
music_recognizer: No match from Shazam
music_recognizer: No match from Shazam
music_recognizer: Shazam attempt 1/3 hit an error page (rate limit?); retrying in 1.0s
music_recognizer: Shazam attempt 2/3 hit an error page (rate limit?); retrying in 2.0s
music_recognizer: Shazam attempt 1/3 hit an error page (rate limit?); retrying in 1.0s
music_recognizer: Audio bytes identification failed: Check args, URL is invalid
URL- https://amp.shazam.com/discovery/v5/en/GB/iphone/-/tag/E3447553-38B1-486D-BEFC-A0715E2BCE7B/0D306E50-9394-4155-B312-39E385403D6B?sync=true&webv3=true&sampling=true&connected=&shazamapiversion=v3&sharehub=true&hubv5minorversion=v5.1&hidelb=true&video=v3
music_recognizer: Shazam attempt 2/3 hit an error page (rate limit?); retrying in 2.0s
music_recognizer: No match from Shazam
music_recognizer: No match from Shazam
music_recognizer: No match from Shazam
music_recognizer: Shazam attempt 1/3 hit an error page (rate limit?); retrying in 1.0s
music_recognizer: Shazam attempt 1/3 hit an error page (rate limit?); retrying in 1.0s
music_recognizer: Shazam attempt 2/3 hit an error page (rate limit?); retrying in 2.0s
music_recognizer: Shazam attempt 2/3 hit an error page (rate limit?); retrying in 2.0s
music_recognizer: No match from Shazam
music_recognizer: No match from Shazam
music_recognizer: No match from Shazam
music_recognizer: Shazam attempt 1/3 hit an error page (rate limit?); retrying in 1.0s
music_recognizer: Shazam attempt 2/3 hit an error page (rate limit?); retrying in 2.0s
music_recognizer: Shazam attempt 1/3 hit an error page (rate limit?); retrying in 1.0s
music_recognizer: Audio bytes identification failed: Check args, URL is invalid
URL- https://amp.shazam.com/discovery/v5/en/GB/iphone/-/tag/8AB3EEF6-2187-46FB-AAFC-93F786AFF69B/690D0C83-8FBD-4324-90C2-E256E5AA346B?sync=true&webv3=true&sampling=true&connected=&shazamapiversion=v3&sharehub=true&hubv5minorversion=v5.1&hidelb=true&video=v3
music_recognizer: Shazam attempt 2/3 hit an error page (rate limit?); retrying in 2.0s
music_recognizer: No match from Shazam
music_recognizer: No match from Shazam
music_recognizer: No match from Shazam
music_recognizer: Shazam attempt 1/3 hit an error page (rate limit?); retrying in 1.0s
music_recognizer: Shazam attempt 1/3 hit an error page (rate limit?); retrying in 1.0s
music_recognizer: Shazam attempt 2/3 hit an error page (rate limit?); retrying in 2.0s
music_recognizer: Shazam attempt 2/3 hit an error page (rate limit?); retrying in 2.0s
music_recognizer: No match from Shazam
music_recognizer: No match from Shazam
music_recognizer: No match from Shazam
music_recognizer: Shazam attempt 1/3 hit an error page (rate limit?); retrying in 1.0s
music_recognizer: Shazam attempt 2/3 hit an error page (rate limit?); retrying in 2.0s
music_recognizer: Shazam attempt 1/3 hit an error page (rate limit?); retrying in 1.0s
music_recognizer: Audio bytes identification failed: Check args, URL is invalid
URL- https://amp.shazam.com/discovery/v5/en/GB/iphone/-/tag/1259E5C8-37A4-45EE-AD65-F54D7A16FAF4/E57AE597-B532-4ED0-A69A-319D0B960335?sync=true&webv3=true&sampling=true&connected=&shazamapiversion=v3&sharehub=true&hubv5minorversion=v5.1&hidelb=true&video=v3
music_recognizer: Shazam attempt 2/3 hit an error page (rate limit?); retrying in 2.0s
music_recognizer: No match from Shazam
music_recognizer: Recognized: Kid Cudi — Day 'n' Nite (Crookers Remix)
music_recognizer: No match from Shazam
music_recognizer: Shazam attempt 1/3 hit an error page (rate limit?); retrying in 1.0s
music_recognizer: Shazam attempt 2/3 hit an error page (rate limit?); retrying in 2.0s
music_recognizer: Audio bytes identification failed: Check args, URL is invalid
URL- https://amp.shazam.com/discovery/v5/en/GB/iphone/-/tag/85AD65FD-994F-49D5-9384-45881D27C420/20306E8A-DD65-456A-B7D2-FE5C9955E512?sync=true&webv3=true&sampling=true&connected=&shazamapiversion=v3&sharehub=true&hubv5minorversion=v5.1&hidelb=true&video=v3
music_recognizer: Shazam attempt 1/3 hit an error page (rate limit?); retrying in 1.0s
music_recognizer: No match from Shazam
music_recognizer: No match from Shazam
music_recognizer: No match from Shazam
music_recognizer: Shazam attempt 1/3 hit an error page (rate limit?); retrying in 1.0s
music_recognizer: Shazam attempt 2/3 hit an error page (rate limit?); retrying in 2.0s
music_recognizer: Shazam attempt 1/3 hit an error page (rate limit?); retrying in 1.0s
music_recognizer: Audio bytes identification failed: Check args, URL is invalid
URL- https://amp.shazam.com/discovery/v5/en/GB/iphone/-/tag/7A7B2218-1A0A-4FC2-A015-F69E4A7D6643/6144266E-BB64-45A0-A89E-6D4601430C55?sync=true&webv3=true&sampling=true&connected=&shazamapiversion=v3&sharehub=true&hubv5minorversion=v5.1&hidelb=true&video=v3
music_recognizer: No match from Shazam
music_recognizer: No match from Shazam
music_recognizer: No match from Shazam
music_recognizer: Shazam attempt 1/3 hit an error page (rate limit?); retrying in 1.0s
music_recognizer: Shazam attempt 2/3 hit an error page (rate limit?); retrying in 2.0s
music_recognizer: Shazam attempt 1/3 hit an error page (rate limit?); retrying in 1.0s
music_recognizer: Audio bytes identification failed: Check args, URL is invalid
URL- https://amp.shazam.com/discovery/v5/en/GB/iphone/-/tag/D20B6656-802B-4544-BC55-D37B936EEF76/F78F489F-C39A-4F6B-BCF8-0A3F10AF06F1?sync=true&webv3=true&sampling=true&connected=&shazamapiversion=v3&sharehub=true&hubv5minorversion=v5.1&hidelb=true&video=v3
music_recognizer: No match from Shazam
music_recognizer: No match from Shazam
music_recognizer: No match from Shazam
music_recognizer: Shazam attempt 1/3 hit an error page (rate limit?); retrying in 1.0s
music_recognizer: Shazam attempt 2/3 hit an error page (rate limit?); retrying in 2.0s
music_recognizer: Shazam attempt 1/3 hit an error page (rate limit?); retrying in 1.0s
music_recognizer: Audio bytes identification failed: Check args, URL is invalid
URL- https://amp.shazam.com/discovery/v5/en/GB/iphone/-/tag/F1BA536D-897C-4F8B-AB6E-714E41389961/A5A7127A-F1B7-46E1-8055-ACF4E6AAE185?sync=true&webv3=true&sampling=true&connected=&shazamapiversion=v3&sharehub=true&hubv5minorversion=v5.1&hidelb=true&video=v3
music_recognizer: Shazam attempt 2/3 hit an error page (rate limit?); retrying in 2.0s
music_recognizer: No match from Shazam
music_recognizer: No match from Shazam
music_recognizer: No match from Shazam
music_recognizer: Shazam attempt 1/3 hit an error page (rate limit?); retrying in 1.0s
music_recognizer: Shazam attempt 2/3 hit an error page (rate limit?); retrying in 2.0s
music_recognizer: Shazam attempt 1/3 hit an error page (rate limit?); retrying in 1.0s
music_recognizer: Audio bytes identification failed: Check args, URL is invalid
URL- https://amp.shazam.com/discovery/v5/en/GB/iphone/-/tag/363615EB-697F-4D42-91A4-5774E71C5B43/0A5D2EC6-1538-4185-BE5F-4DC0AEC9AE82?sync=true&webv3=true&sampling=true&connected=&shazamapiversion=v3&sharehub=true&hubv5minorversion=v5.1&hidelb=true&video=v3
music_recognizer: No match from Shazam
music_recognizer: No match from Shazam
music_recognizer: No match from Shazam
music_recognizer: Shazam attempt 1/3 hit an error page (rate limit?); retrying in 1.0s
music_recognizer: Shazam attempt 2/3 hit an error page (rate limit?); retrying in 2.0s
music_recognizer: Shazam attempt 1/3 hit an error page (rate limit?); retrying in 1.0s
music_recognizer: Audio bytes identification failed: Check args, URL is invalid
URL- https://amp.shazam.com/discovery/v5/en/GB/iphone/-/tag/6DD964BA-CF64-4865-9F6A-F010BE46117C/39E762C8-549A-440B-A1BF-EA7A8202B305?sync=true&webv3=true&sampling=true&connected=&shazamapiversion=v3&sharehub=true&hubv5minorversion=v5.1&hidelb=true&video=v3
music_recognizer: Shazam attempt 2/3 hit an error page (rate limit?); retrying in 2.0s
music_recognizer: No match from Shazam
music_recognizer: No match from Shazam
music_recognizer: No match from Shazam
music_recognizer: Shazam attempt 1/3 hit an error page (rate limit?); retrying in 1.0s
music_recognizer: Shazam attempt 2/3 hit an error page (rate limit?); retrying in 2.0s
music_recognizer: Shazam attempt 1/3 hit an error page (rate limit?); retrying in 1.0s
music_recognizer: Audio bytes identification failed: Check args, URL is invalid
URL- https://amp.shazam.com/discovery/v5/en/GB/iphone/-/tag/B8D3227D-704C-44D3-993C-E85BA9896450/A0633E83-B1F2-4C47-9117-A8D1FF8276E6?sync=true&webv3=true&sampling=true&connected=&shazamapiversion=v3&sharehub=true&hubv5minorversion=v5.1&hidelb=true&video=v3
music_recognizer: No match from Shazam
music_recognizer: No match from Shazam
music_recognizer: No match from Shazam
music_recognizer: Shazam attempt 1/3 hit an error page (rate limit?); retrying in 1.0s
music_recognizer: Shazam attempt 2/3 hit an error page (rate limit?); retrying in 2.0s
music_recognizer: Shazam attempt 1/3 hit an error page (rate limit?); retrying in 1.0s
music_recognizer: Audio bytes identification failed: Check args, URL is invalid
URL- https://amp.shazam.com/discovery/v5/en/GB/iphone/-/tag/B3E331D2-099A-44B3-A532-66F20EA5308A/10E2CF1B-C683-442F-A356-6F9FDDCD57BB?sync=true&webv3=true&sampling=true&connected=&shazamapiversion=v3&sharehub=true&hubv5minorversion=v5.1&hidelb=true&video=v3
music_recognizer: Shazam attempt 2/3 hit an error page (rate limit?); retrying in 2.0s
music_recognizer: No match from Shazam
music_recognizer: No match from Shazam
music_recognizer: No match from Shazam
music_recognizer: Shazam attempt 1/3 hit an error page (rate limit?); retrying in 1.0s
music_recognizer: Shazam attempt 2/3 hit an error page (rate limit?); retrying in 2.0s
music_recognizer: Shazam attempt 1/3 hit an error page (rate limit?); retrying in 1.0s
music_recognizer: Audio bytes identification failed: Check args, URL is invalid
URL- https://amp.shazam.com/discovery/v5/en/GB/iphone/-/tag/7634801B-0882-4B41-B0CA-A503562B6F0F/9E32A65C-98FC-4576-82FA-FB129BD18D57?sync=true&webv3=true&sampling=true&connected=&shazamapiversion=v3&sharehub=true&hubv5minorversion=v5.1&hidelb=true&video=v3
music_recognizer: No match from Shazam
music_recognizer: No match from Shazam
music_recognizer: No match from Shazam
music_recognizer: Shazam attempt 1/3 hit an error page (rate limit?); retrying in 1.0s
music_recognizer: Shazam attempt 2/3 hit an error page (rate limit?); retrying in 2.0s
music_recognizer: Shazam attempt 1/3 hit an error page (rate limit?); retrying in 1.0s
music_recognizer: Audio bytes identification failed: Check args, URL is invalid
URL- https://amp.shazam.com/discovery/v5/en/GB/iphone/-/tag/DF4D0F7D-0E5E-4902-AA92-B4F539344C3D/1C437A36-FE4B-48B6-A6BC-4E4F8C3B9AED?sync=true&webv3=true&sampling=true&connected=&shazamapiversion=v3&sharehub=true&hubv5minorversion=v5.1&hidelb=true&video=v3
music_recognizer: Shazam attempt 2/3 hit an error page (rate limit?); retrying in 2.0s
music_recognizer: No match from Shazam
music_recognizer: No match from Shazam
music_recognizer: No match from Shazam
music_recognizer: Shazam attempt 1/3 hit an error page (rate limit?); retrying in 1.0s
music_recognizer: Shazam attempt 2/3 hit an error page (rate limit?); retrying in 2.0s
music_recognizer: Shazam attempt 1/3 hit an error page (rate limit?); retrying in 1.0s
music_recognizer: Audio bytes identification failed: Check args, URL is invalid
URL- https://amp.shazam.com/discovery/v5/en/GB/iphone/-/tag/A9F8603F-4DD8-46D6-AADD-6CF77549B8F1/20668E95-FAEC-47C7-8457-D49FD704F7F5?sync=true&webv3=true&sampling=true&connected=&shazamapiversion=v3&sharehub=true&hubv5minorversion=v5.1&hidelb=true&video=v3
music_recognizer: No match from Shazam
music_recognizer: No match from Shazam
music_recognizer: No match from Shazam
music_recognizer: Shazam attempt 1/3 hit an error page (rate limit?); retrying in 1.0s
music_recognizer: Shazam attempt 2/3 hit an error page (rate limit?); retrying in 2.0s
music_recognizer: Shazam attempt 1/3 hit an error page (rate limit?); retrying in 1.0s
music_recognizer: Audio bytes identification failed: Check args, URL is invalid
URL- https://amp.shazam.com/discovery/v5/en/GB/iphone/-/tag/1298784D-8EC6-422B-AB6B-B3570475BC48/3874E4E9-F1EE-49F4-8215-F58AA302CAA0?sync=true&webv3=true&sampling=true&connected=&shazamapiversion=v3&sharehub=true&hubv5minorversion=v5.1&hidelb=true&video=v3
music_recognizer: Shazam attempt 2/3 hit an error page (rate limit?); retrying in 2.0s
music_recognizer: No match from Shazam
music_recognizer: No match from Shazam
music_recognizer: No match from Shazam
music_recognizer: Shazam attempt 1/3 hit an error page (rate limit?); retrying in 1.0s
music_recognizer: Shazam attempt 2/3 hit an error page (rate limit?); retrying in 2.0s
music_recognizer: Shazam attempt 1/3 hit an error page (rate limit?); retrying in 1.0s
music_recognizer: Audio bytes identification failed: Check args, URL is invalid
URL- https://amp.shazam.com/discovery/v5/en/GB/iphone/-/tag/588DA737-D8AE-4655-A1B9-FD8FB952DFE7/EAC7B09A-1D80-4647-BF83-4F7D63AB59E6?sync=true&webv3=true&sampling=true&connected=&shazamapiversion=v3&sharehub=true&hubv5minorversion=v5.1&hidelb=true&video=v3
music_recognizer: No match from Shazam
music_recognizer: No match from Shazam
music_recognizer: No match from Shazam
music_recognizer: Shazam attempt 1/3 hit an error page (rate limit?); retrying in 1.0s
music_recognizer: Shazam attempt 2/3 hit an error page (rate limit?); retrying in 2.0s
music_recognizer: Shazam attempt 1/3 hit an error page (rate limit?); retrying in 1.0s
music_recognizer: Audio bytes identification failed: Check args, URL is invalid
URL- https://amp.shazam.com/discovery/v5/en/GB/iphone/-/tag/EFD0A912-054B-4D8B-871E-AA4CE35DCB34/AAB49287-9C81-4F1A-8CF2-CB0304EA7875?sync=true&webv3=true&sampling=true&connected=&shazamapiversion=v3&sharehub=true&hubv5minorversion=v5.1&hidelb=true&video=v3
music_recognizer: Shazam attempt 2/3 hit an error page (rate limit?); retrying in 2.0s
music_recognizer: No match from Shazam
music_recognizer: No match from Shazam
music_recognizer: No match from Shazam
music_recognizer: Shazam attempt 1/3 hit an error page (rate limit?); retrying in 1.0s
music_recognizer: Shazam attempt 2/3 hit an error page (rate limit?); retrying in 2.0s
music_recognizer: Shazam attempt 1/3 hit an error page (rate limit?); retrying in 1.0s
music_recognizer: Audio bytes identification failed: Check args, URL is invalid
URL- https://amp.shazam.com/discovery/v5/en/GB/iphone/-/tag/290997A6-6AE9-43A8-B6B0-225F6C679BE0/30EF9B66-1C39-4B07-9A10-B1FA991BC2A2?sync=true&webv3=true&sampling=true&connected=&shazamapiversion=v3&sharehub=true&hubv5minorversion=v5.1&hidelb=true&video=v3
music_recognizer: No match from Shazam
music_recognizer: No match from Shazam
music_recognizer: No match from Shazam
music_recognizer: Shazam attempt 1/3 hit an error page (rate limit?); retrying in 1.0s
music_recognizer: Shazam attempt 2/3 hit an error page (rate limit?); retrying in 2.0s
music_recognizer: Shazam attempt 1/3 hit an error page (rate limit?); retrying in 1.0s
music_recognizer: Audio bytes identification failed: Check args, URL is invalid
URL- https://amp.shazam.com/discovery/v5/en/GB/iphone/-/tag/5D96E28F-A7C3-4A1F-97A4-609E0D59A3AF/74868D59-AFCC-4522-99E5-DC5843F3C45E?sync=true&webv3=true&sampling=true&connected=&shazamapiversion=v3&sharehub=true&hubv5minorversion=v5.1&hidelb=true&video=v3
music_recognizer: Shazam attempt 2/3 hit an error page (rate limit?); retrying in 2.0s
music_recognizer: No match from Shazam
music_recognizer: No match from Shazam
music_recognizer: No match from Shazam
music_recognizer: Shazam attempt 1/3 hit an error page (rate limit?); retrying in 1.0s
music_recognizer: Shazam attempt 2/3 hit an error page (rate limit?); retrying in 2.0s
music_recognizer: Shazam attempt 1/3 hit an error page (rate limit?); retrying in 1.0s
music_recognizer: Audio bytes identification failed: Check args, URL is invalid
URL- https://amp.shazam.com/discovery/v5/en/GB/iphone/-/tag/AD5A14BF-4144-42CF-A080-99C0BD65D956/2827AB76-D259-4692-83DA-7C9DCE882167?sync=true&webv3=true&sampling=true&connected=&shazamapiversion=v3&sharehub=true&hubv5minorversion=v5.1&hidelb=true&video=v3
music_recognizer: No match from Shazam
music_recognizer: No match from Shazam
music_recognizer: No match from Shazam
music_recognizer: Shazam attempt 1/3 hit an error page (rate limit?); retrying in 1.0s
music_recognizer: Shazam attempt 2/3 hit an error page (rate limit?); retrying in 2.0s
music_recognizer: Audio bytes identification failed: Check args, URL is invalid
URL- https://amp.shazam.com/discovery/v5/en/GB/iphone/-/tag/B4B8C38E-C66E-493F-9BF4-E332B8E9D37F/217AAD97-AAC8-4F30-BE02-781CD46E00A0?sync=true&webv3=true&sampling=true&connected=&shazamapiversion=v3&sharehub=true&hubv5minorversion=v5.1&hidelb=true&video=v3
music_recognizer: Audio bytes identification failed: 
music_recognizer: Shazam attempt 1/3 hit an error page (rate limit?); retrying in 1.0s
music_recognizer: No match from Shazam
music_recognizer: No match from Shazam
music_recognizer: No match from Shazam
music_recognizer: Shazam attempt 1/3 hit an error page (rate limit?); retrying in 1.0s
music_recognizer: Shazam attempt 2/3 hit an error page (rate limit?); retrying in 2.0s
music_recognizer: Shazam attempt 1/3 hit an error page (rate limit?); retrying in 1.0s
music_recognizer: Audio bytes identification failed: Check args, URL is invalid
URL- https://amp.shazam.com/discovery/v5/en/GB/iphone/-/tag/950A2E5C-68A9-4B96-87F3-580487BB042E/8B9F1E33-761C-4A0D-832C-0FA9ACEE71B6?sync=true&webv3=true&sampling=true&connected=&shazamapiversion=v3&sharehub=true&hubv5minorversion=v5.1&hidelb=true&video=v3
music_recognizer: No match from Shazam
music_recognizer: No match from Shazam
music_recognizer: No match from Shazam
music_recognizer: Shazam attempt 1/3 hit an error page (rate limit?); retrying in 1.0s
music_recognizer: Shazam attempt 2/3 hit an error page (rate limit?); retrying in 2.0s
music_recognizer: Shazam attempt 1/3 hit an error page (rate limit?); retrying in 1.0s
music_recognizer: Audio bytes identification failed: Check args, URL is invalid
URL- https://amp.shazam.com/discovery/v5/en/GB/iphone/-/tag/F5D873FE-26B7-488D-8DC5-4343B0B53ABE/E8DC0C9F-F56F-43AF-A898-5B38EE97DF47?sync=true&webv3=true&sampling=true&connected=&shazamapiversion=v3&sharehub=true&hubv5minorversion=v5.1&hidelb=true&video=v3
music_recognizer: No match from Shazam
music_recognizer: No match from Shazam
music_recognizer: No match from Shazam
music_recognizer: Shazam attempt 1/3 hit an error page (rate limit?); retrying in 1.0s
music_recognizer: Shazam attempt 2/3 hit an error page (rate limit?); retrying in 2.0s
music_recognizer: Shazam attempt 1/3 hit an error page (rate limit?); retrying in 1.0s
music_recognizer: Audio bytes identification failed: Check args, URL is invalid
URL- https://amp.shazam.com/discovery/v5/en/GB/iphone/-/tag/DEB99D3B-D112-42ED-91F0-E64ED86F3C2A/1BFE1841-C30B-4ADE-A6F1-CF5EE58696EA?sync=true&webv3=true&sampling=true&connected=&shazamapiversion=v3&sharehub=true&hubv5minorversion=v5.1&hidelb=true&video=v3
music_recognizer: Shazam attempt 2/3 hit an error page (rate limit?); retrying in 2.0s
music_recognizer: No match from Shazam
music_recognizer: No match from Shazam
music_recognizer: No match from Shazam
music_recognizer: Shazam attempt 1/3 hit an error page (rate limit?); retrying in 1.0s
music_recognizer: Shazam attempt 2/3 hit an error page (rate limit?); retrying in 2.0s
music_recognizer: Shazam attempt 1/3 hit an error page (rate limit?); retrying in 1.0s
music_recognizer: Audio bytes identification failed: Check args, URL is invalid
URL- https://amp.shazam.com/discovery/v5/en/GB/iphone/-/tag/74778413-478E-4A5D-93AB-9247D72FD126/CC80FB8E-CFBE-4227-8D35-9C6082CB13A9?sync=true&webv3=true&sampling=true&connected=&shazamapiversion=v3&sharehub=true&hubv5minorversion=v5.1&hidelb=true&video=v3
music_recognizer: No match from Shazam
music_recognizer: No match from Shazam
music_recognizer: No match from Shazam
music_recognizer: Shazam attempt 1/3 hit an error page (rate limit?); retrying in 1.0s
music_recognizer: Shazam attempt 2/3 hit an error page (rate limit?); retrying in 2.0s
music_recognizer: Shazam attempt 1/3 hit an error page (rate limit?); retrying in 1.0s
music_recognizer: Audio bytes identification failed: Check args, URL is invalid
URL- https://amp.shazam.com/discovery/v5/en/GB/iphone/-/tag/CA466DE7-5F29-4D58-A4BD-DC6E20116748/5218C596-1BF6-4217-8569-85E9A62F74D3?sync=true&webv3=true&sampling=true&connected=&shazamapiversion=v3&sharehub=true&hubv5minorversion=v5.1&hidelb=true&video=v3
music_recognizer: Shazam attempt 2/3 hit an error page (rate limit?); retrying in 2.0s
music_recognizer: No match from Shazam
music_recognizer: No match from Shazam
music_recognizer: No match from Shazam
music_recognizer: Shazam attempt 1/3 hit an error page (rate limit?); retrying in 1.0s
music_recognizer: Shazam attempt 2/3 hit an error page (rate limit?); retrying in 2.0s
music_recognizer: Shazam attempt 1/3 hit an error page (rate limit?); retrying in 1.0s
music_recognizer: Audio bytes identification failed: Check args, URL is invalid
URL- https://amp.shazam.com/discovery/v5/en/GB/iphone/-/tag/8DAA10B5-49CC-4C47-9F97-4FD85C04F5F2/FB319E68-3AB8-484E-A7B1-CABFF1857BDB?sync=true&webv3=true&sampling=true&connected=&shazamapiversion=v3&sharehub=true&hubv5minorversion=v5.1&hidelb=true&video=v3
music_recognizer: No match from Shazam
music_recognizer: No match from Shazam
music_recognizer: No match from Shazam
music_recognizer: Shazam attempt 1/3 hit an error page (rate limit?); retrying in 1.0s
music_recognizer: Shazam attempt 2/3 hit an error page (rate limit?); retrying in 2.0s
music_recognizer: Shazam attempt 1/3 hit an error page (rate limit?); retrying in 1.0s
music_recognizer: Audio bytes identification failed: Check args, URL is invalid
URL- https://amp.shazam.com/discovery/v5/en/GB/iphone/-/tag/3BA0BE53-C74B-4195-AA46-489442EE7A7D/2554BFAC-4F94-4AE0-B17C-FDA6A3ED9C98?sync=true&webv3=true&sampling=true&connected=&shazamapiversion=v3&sharehub=true&hubv5minorversion=v5.1&hidelb=true&video=v3
music_recognizer: Shazam attempt 2/3 hit an error page (rate limit?); retrying in 2.0s
music_recognizer: No match from Shazam
music_recognizer: No match from Shazam
music_recognizer: No match from Shazam
music_recognizer: Shazam attempt 1/3 hit an error page (rate limit?); retrying in 1.0s
music_recognizer: Shazam attempt 2/3 hit an error page (rate limit?); retrying in 2.0s
music_recognizer: Shazam attempt 1/3 hit an error page (rate limit?); retrying in 1.0s
music_recognizer: Audio bytes identification failed: Check args, URL is invalid
URL- https://amp.shazam.com/discovery/v5/en/GB/iphone/-/tag/EB721D3F-D9DC-4641-8C26-2B60D30CA964/D3758BDA-AF04-4285-9071-66E1197481CB?sync=true&webv3=true&sampling=true&connected=&shazamapiversion=v3&sharehub=true&hubv5minorversion=v5.1&hidelb=true&video=v3
music_recognizer: No match from Shazam
music_recognizer: No match from Shazam
music_recognizer: No match from Shazam
music_recognizer: Shazam attempt 1/3 hit an error page (rate limit?); retrying in 1.0s
music_recognizer: Shazam attempt 2/3 hit an error page (rate limit?); retrying in 2.0s
music_recognizer: Shazam attempt 1/3 hit an error page (rate limit?); retrying in 1.0s
music_recognizer: Audio bytes identification failed: Check args, URL is invalid
URL- https://amp.shazam.com/discovery/v5/en/GB/iphone/-/tag/49C1C9D9-77CB-4B21-89A0-2CC44138C0FF/77E135B0-4E94-4F6E-A5B2-61C092EC8043?sync=true&webv3=true&sampling=true&connected=&shazamapiversion=v3&sharehub=true&hubv5minorversion=v5.1&hidelb=true&video=v3
music_recognizer: Shazam attempt 2/3 hit an error page (rate limit?); retrying in 2.0s
music_recognizer: No match from Shazam
music_recognizer: No match from Shazam
music_recognizer: No match from Shazam
music_recognizer: Shazam attempt 1/3 hit an error page (rate limit?); retrying in 1.0s
music_recognizer: Shazam attempt 2/3 hit an error page (rate limit?); retrying in 2.0s
music_recognizer: Shazam attempt 1/3 hit an error page (rate limit?); retrying in 1.0s
music_recognizer: Audio bytes identification failed: Check args, URL is invalid
URL- https://amp.shazam.com/discovery/v5/en/GB/iphone/-/tag/D1F847BC-5961-4942-9E88-CA9B72BA15CA/925E1593-CDCF-49FD-9459-48A304222E1A?sync=true&webv3=true&sampling=true&connected=&shazamapiversion=v3&sharehub=true&hubv5minorversion=v5.1&hidelb=true&video=v3
music_recognizer: No match from Shazam
music_recognizer: No match from Shazam
music_recognizer: No match from Shazam
music_recognizer: Shazam attempt 1/3 hit an error page (rate limit?); retrying in 1.0s
music_recognizer: Shazam attempt 2/3 hit an error page (rate limit?); retrying in 2.0s
music_recognizer: Shazam attempt 1/3 hit an error page (rate limit?); retrying in 1.0s
music_recognizer: Audio bytes identification failed: Check args, URL is invalid
URL- https://amp.shazam.com/discovery/v5/en/GB/iphone/-/tag/A98E6751-2FEE-4331-A767-1FB1168240BF/3642F137-689C-43C5-AEED-068B51AAEBF1?sync=true&webv3=true&sampling=true&connected=&shazamapiversion=v3&sharehub=true&hubv5minorversion=v5.1&hidelb=true&video=v3
music_recognizer: Shazam attempt 2/3 hit an error page (rate limit?); retrying in 2.0s
music_recognizer: No match from Shazam
music_recognizer: No match from Shazam
music_recognizer: No match from Shazam
music_recognizer: Shazam attempt 1/3 hit an error page (rate limit?); retrying in 1.0s
music_recognizer: Shazam attempt 2/3 hit an error page (rate limit?); retrying in 2.0s
music_recognizer: Shazam attempt 1/3 hit an error page (rate limit?); retrying in 1.0s
music_recognizer: Audio bytes identification failed: Check args, URL is invalid
URL- https://amp.shazam.com/discovery/v5/en/GB/iphone/-/tag/94F7315D-5764-4251-AF27-DB7C2C2805F0/DE0956C5-0D28-4326-BBD9-3C678EB0A1D3?sync=true&webv3=true&sampling=true&connected=&shazamapiversion=v3&sharehub=true&hubv5minorversion=v5.1&hidelb=true&video=v3
music_recognizer: No match from Shazam
music_recognizer: No match from Shazam
music_recognizer: No match from Shazam
music_recognizer: Shazam attempt 1/3 hit an error page (rate limit?); retrying in 1.0s
music_recognizer: Shazam attempt 2/3 hit an error page (rate limit?); retrying in 2.0s
music_recognizer: Shazam attempt 1/3 hit an error page (rate limit?); retrying in 1.0s
music_recognizer: Audio bytes identification failed: Check args, URL is invalid
URL- https://amp.shazam.com/discovery/v5/en/GB/iphone/-/tag/DA7F5963-E2C1-4FAD-8439-5D9CF47FE8D7/E63398AF-620B-4AB5-91EB-6BA57DD7AFD1?sync=true&webv3=true&sampling=true&connected=&shazamapiversion=v3&sharehub=true&hubv5minorversion=v5.1&hidelb=true&video=v3
music_recognizer: Shazam attempt 2/3 hit an error page (rate limit?); retrying in 2.0s
music_recognizer: No match from Shazam
music_recognizer: No match from Shazam
music_recognizer: No match from Shazam
music_recognizer: Shazam attempt 1/3 hit an error page (rate limit?); retrying in 1.0s
music_recognizer: Shazam attempt 2/3 hit an error page (rate limit?); retrying in 2.0s
music_recognizer: Shazam attempt 1/3 hit an error page (rate limit?); retrying in 1.0s
music_recognizer: Audio bytes identification failed: Check args, URL is invalid
URL- https://amp.shazam.com/discovery/v5/en/GB/iphone/-/tag/C5DBB9E6-246A-4C54-A1FF-4999D0E95273/9D52CBAE-C598-4F3B-907A-D5D9F7374660?sync=true&webv3=true&sampling=true&connected=&shazamapiversion=v3&sharehub=true&hubv5minorversion=v5.1&hidelb=true&video=v3
music_recognizer: No match from Shazam
music_recognizer: No match from Shazam
music_recognizer: No match from Shazam
music_recognizer: Shazam attempt 1/3 hit an error page (rate limit?); retrying in 1.0s
music_recognizer: Shazam attempt 2/3 hit an error page (rate limit?); retrying in 2.0s
music_recognizer: Shazam attempt 1/3 hit an error page (rate limit?); retrying in 1.0s
music_recognizer: Audio bytes identification failed: Check args, URL is invalid
URL- https://amp.shazam.com/discovery/v5/en/GB/iphone/-/tag/369BA957-4081-4A9E-B865-3ED57EC9A942/F44316BE-11B9-4E10-9990-543D7B9E1B74?sync=true&webv3=true&sampling=true&connected=&shazamapiversion=v3&sharehub=true&hubv5minorversion=v5.1&hidelb=true&video=v3
music_recognizer: Shazam attempt 2/3 hit an error page (rate limit?); retrying in 2.0s
music_recognizer: No match from Shazam
music_recognizer: No match from Shazam
music_recognizer: No match from Shazam
music_recognizer: Shazam attempt 1/3 hit an error page (rate limit?); retrying in 1.0s
music_recognizer: Shazam attempt 2/3 hit an error page (rate limit?); retrying in 2.0s
music_recognizer: Shazam attempt 1/3 hit an error page (rate limit?); retrying in 1.0s
music_recognizer: Audio bytes identification failed: Check args, URL is invalid
URL- https://amp.shazam.com/discovery/v5/en/GB/iphone/-/tag/4B606EE3-731C-4050-82E9-28A8185C7EF0/DEA14E8E-66C4-4D4A-965C-92DDEC347541?sync=true&webv3=true&sampling=true&connected=&shazamapiversion=v3&sharehub=true&hubv5minorversion=v5.1&hidelb=true&video=v3
music_recognizer: No match from Shazam
music_recognizer: No match from Shazam
music_recognizer: No match from Shazam
music_recognizer: Shazam attempt 1/3 hit an error page (rate limit?); retrying in 1.0s
music_recognizer: Shazam attempt 2/3 hit an error page (rate limit?); retrying in 2.0s
music_recognizer: Shazam attempt 1/3 hit an error page (rate limit?); retrying in 1.0s
music_recognizer: Audio bytes identification failed: Check args, URL is invalid
URL- https://amp.shazam.com/discovery/v5/en/GB/iphone/-/tag/698AD48A-40F1-4C98-A21F-1E956E2C1D5B/D29DACB3-185B-4637-A47E-D99952BCB093?sync=true&webv3=true&sampling=true&connected=&shazamapiversion=v3&sharehub=true&hubv5minorversion=v5.1&hidelb=true&video=v3
music_recognizer: Shazam attempt 2/3 hit an error page (rate limit?); retrying in 2.0s
music_recognizer: No match from Shazam
music_recognizer: No match from Shazam
music_recognizer: No match from Shazam
music_recognizer: Shazam attempt 1/3 hit an error page (rate limit?); retrying in 1.0s
music_recognizer: Shazam attempt 2/3 hit an error page (rate limit?); retrying in 2.0s
music_recognizer: Shazam attempt 1/3 hit an error page (rate limit?); retrying in 1.0s
music_recognizer: Audio bytes identification failed: Check args, URL is invalid
URL- https://amp.shazam.com/discovery/v5/en/GB/iphone/-/tag/77909A62-707C-41D4-9F30-9AAEBEA90AA9/F690D849-5659-4942-B196-1E20C70E111B?sync=true&webv3=true&sampling=true&connected=&shazamapiversion=v3&sharehub=true&hubv5minorversion=v5.1&hidelb=true&video=v3
music_recognizer: No match from Shazam
music_recognizer: No match from Shazam
music_recognizer: No match from Shazam
music_recognizer: Shazam attempt 1/3 hit an error page (rate limit?); retrying in 1.0s
music_recognizer: Shazam attempt 2/3 hit an error page (rate limit?); retrying in 2.0s
music_recognizer: Shazam attempt 1/3 hit an error page (rate limit?); retrying in 1.0s
music_recognizer: Audio bytes identification failed: Check args, URL is invalid
URL- https://amp.shazam.com/discovery/v5/en/GB/iphone/-/tag/FCADF611-2912-43A4-8333-0870F835EDCC/9258B0FE-4BB9-4CD0-925C-78FCD0B85046?sync=true&webv3=true&sampling=true&connected=&shazamapiversion=v3&sharehub=true&hubv5minorversion=v5.1&hidelb=true&video=v3
music_recognizer: Shazam attempt 2/3 hit an error page (rate limit?); retrying in 2.0s
music_recognizer: No match from Shazam
music_recognizer: No match from Shazam
music_recognizer: No match from Shazam
music_recognizer: Shazam attempt 1/3 hit an error page (rate limit?); retrying in 1.0s
music_recognizer: Shazam attempt 2/3 hit an error page (rate limit?); retrying in 2.0s
music_recognizer: Shazam attempt 1/3 hit an error page (rate limit?); retrying in 1.0s
music_recognizer: Audio bytes identification failed: Check args, URL is invalid
URL- https://amp.shazam.com/discovery/v5/en/GB/iphone/-/tag/8D6FB433-89C4-4BB7-BAC1-03869E30EE9B/35C034DE-E2FA-4236-8070-DBD04FB4EB84?sync=true&webv3=true&sampling=true&connected=&shazamapiversion=v3&sharehub=true&hubv5minorversion=v5.1&hidelb=true&video=v3
music_recognizer: No match from Shazam
music_recognizer: No match from Shazam
music_recognizer: No match from Shazam
music_recognizer: Shazam attempt 1/3 hit an error page (rate limit?); retrying in 1.0s
music_recognizer: Shazam attempt 2/3 hit an error page (rate limit?); retrying in 2.0s
music_recognizer: Shazam attempt 1/3 hit an error page (rate limit?); retrying in 1.0s
music_recognizer: Audio bytes identification failed: Check args, URL is invalid
URL- https://amp.shazam.com/discovery/v5/en/GB/iphone/-/tag/DC34E6A1-17EE-45F6-98B7-A005DFF571FD/05E7B127-34E6-48BE-B6FA-5BA2F72EDAB4?sync=true&webv3=true&sampling=true&connected=&shazamapiversion=v3&sharehub=true&hubv5minorversion=v5.1&hidelb=true&video=v3
music_recognizer: Shazam attempt 2/3 hit an error page (rate limit?); retrying in 2.0s
music_recognizer: No match from Shazam
music_recognizer: No match from Shazam
music_recognizer: No match from Shazam
music_recognizer: Shazam attempt 1/3 hit an error page (rate limit?); retrying in 1.0s
music_recognizer: Shazam attempt 2/3 hit an error page (rate limit?); retrying in 2.0s
music_recognizer: Shazam attempt 1/3 hit an error page (rate limit?); retrying in 1.0s
music_recognizer: Audio bytes identification failed: Check args, URL is invalid
URL- https://amp.shazam.com/discovery/v5/en/GB/iphone/-/tag/68034509-2191-4B7B-961D-588934B97247/9A7B7F44-3E7F-4E00-83C7-8FFFB64928A4?sync=true&webv3=true&sampling=true&connected=&shazamapiversion=v3&sharehub=true&hubv5minorversion=v5.1&hidelb=true&video=v3
music_recognizer: No match from Shazam
music_recognizer: No match from Shazam
music_recognizer: No match from Shazam
music_recognizer: Shazam attempt 1/3 hit an error page (rate limit?); retrying in 1.0s
music_recognizer: Shazam attempt 2/3 hit an error page (rate limit?); retrying in 2.0s
music_recognizer: Shazam attempt 1/3 hit an error page (rate limit?); retrying in 1.0s
music_recognizer: Audio bytes identification failed: Check args, URL is invalid
URL- https://amp.shazam.com/discovery/v5/en/GB/iphone/-/tag/3F2F2D62-0430-4673-8595-FBF40ED74E8D/C266102F-0CAE-463E-8658-294053ED8811?sync=true&webv3=true&sampling=true&connected=&shazamapiversion=v3&sharehub=true&hubv5minorversion=v5.1&hidelb=true&video=v3
music_recognizer: Shazam attempt 2/3 hit an error page (rate limit?); retrying in 2.0s
music_recognizer: No match from Shazam
music_recognizer: No match from Shazam
music_recognizer: No match from Shazam
music_recognizer: Shazam attempt 1/3 hit an error page (rate limit?); retrying in 1.0s
music_recognizer: Shazam attempt 2/3 hit an error page (rate limit?); retrying in 2.0s
music_recognizer: Shazam attempt 1/3 hit an error page (rate limit?); retrying in 1.0s
music_recognizer: Audio bytes identification failed: Check args, URL is invalid
URL- https://amp.shazam.com/discovery/v5/en/GB/iphone/-/tag/88F969F3-ADA6-4C1A-9BD5-ECE9DE51E2DB/30FC7CE9-0282-4B7B-A5F7-17828ED011F9?sync=true&webv3=true&sampling=true&connected=&shazamapiversion=v3&sharehub=true&hubv5minorversion=v5.1&hidelb=true&video=v3
music_recognizer: No match from Shazam
music_recognizer: No match from Shazam
music_recognizer: No match from Shazam
music_recognizer: Shazam attempt 1/3 hit an error page (rate limit?); retrying in 1.0s
music_recognizer: Shazam attempt 2/3 hit an error page (rate limit?); retrying in 2.0s
music_recognizer: Shazam attempt 1/3 hit an error page (rate limit?); retrying in 1.0s
music_recognizer: Audio bytes identification failed: Check args, URL is invalid
URL- https://amp.shazam.com/discovery/v5/en/GB/iphone/-/tag/2B518729-1264-4A5B-B66B-63693EB573D3/94EE6908-1211-4672-B7F2-7512169B6D47?sync=true&webv3=true&sampling=true&connected=&shazamapiversion=v3&sharehub=true&hubv5minorversion=v5.1&hidelb=true&video=v3
music_recognizer: Shazam attempt 2/3 hit an error page (rate limit?); retrying in 2.0s
music_recognizer: No match from Shazam
music_recognizer: No match from Shazam
music_recognizer: No match from Shazam
music_recognizer: Shazam attempt 1/3 hit an error page (rate limit?); retrying in 1.0s
music_recognizer: Shazam attempt 2/3 hit an error page (rate limit?); retrying in 2.0s
music_recognizer: Shazam attempt 1/3 hit an error page (rate limit?); retrying in 1.0s
music_recognizer: Audio bytes identification failed: Check args, URL is invalid
URL- https://amp.shazam.com/discovery/v5/en/GB/iphone/-/tag/0005F3E5-1E79-4187-828B-59E57998A39E/CDE13DA4-20F7-4EE8-B149-92167CDA42A9?sync=true&webv3=true&sampling=true&connected=&shazamapiversion=v3&sharehub=true&hubv5minorversion=v5.1&hidelb=true&video=v3
music_recognizer: No match from Shazam
music_recognizer: No match from Shazam
music_recognizer: No match from Shazam
music_recognizer: Shazam attempt 1/3 hit an error page (rate limit?); retrying in 1.0s
music_recognizer: Shazam attempt 2/3 hit an error page (rate limit?); retrying in 2.0s
music_recognizer: Shazam attempt 1/3 hit an error page (rate limit?); retrying in 1.0s
music_recognizer: Audio bytes identification failed: Check args, URL is invalid
URL- https://amp.shazam.com/discovery/v5/en/GB/iphone/-/tag/EEC0DFC1-A04A-425B-B42E-1D335EB752A0/D2AC3757-10B2-464B-A06A-A528C0582A08?sync=true&webv3=true&sampling=true&connected=&shazamapiversion=v3&sharehub=true&hubv5minorversion=v5.1&hidelb=true&video=v3
music_recognizer: Shazam attempt 2/3 hit an error page (rate limit?); retrying in 2.0s
music_recognizer: No match from Shazam
music_recognizer: No match from Shazam
music_recognizer: No match from Shazam
music_recognizer: Shazam attempt 1/3 hit an error page (rate limit?); retrying in 1.0s
music_recognizer: Shazam attempt 2/3 hit an error page (rate limit?); retrying in 2.0s
music_recognizer: Shazam attempt 1/3 hit an error page (rate limit?); retrying in 1.0s
music_recognizer: Audio bytes identification failed: Check args, URL is invalid
URL- https://amp.shazam.com/discovery/v5/en/GB/iphone/-/tag/92F34BC2-414F-4DC1-BDEC-3C13658C3F0F/B7099CAB-2FBC-4A03-BD32-A731AD0959CC?sync=true&webv3=true&sampling=true&connected=&shazamapiversion=v3&sharehub=true&hubv5minorversion=v5.1&hidelb=true&video=v3
music_recognizer: No match from Shazam
music_recognizer: No match from Shazam
music_recognizer: No match from Shazam
music_recognizer: Shazam attempt 1/3 hit an error page (rate limit?); retrying in 1.0s
music_recognizer: Shazam attempt 2/3 hit an error page (rate limit?); retrying in 2.0s
music_recognizer: Shazam attempt 1/3 hit an error page (rate limit?); retrying in 1.0s
music_recognizer: Audio bytes identification failed: Check args, URL is invalid
URL- https://amp.shazam.com/discovery/v5/en/GB/iphone/-/tag/1712E223-74C0-42B1-9568-31467B6084A7/39C34A7E-05EF-4043-9BFD-42F5AEC24A85?sync=true&webv3=true&sampling=true&connected=&shazamapiversion=v3&sharehub=true&hubv5minorversion=v5.1&hidelb=true&video=v3
music_recognizer: Shazam attempt 2/3 hit an error page (rate limit?); retrying in 2.0s
music_recognizer: No match from Shazam
music_recognizer: No match from Shazam
music_recognizer: No match from Shazam
music_recognizer: Shazam attempt 1/3 hit an error page (rate limit?); retrying in 1.0s
music_recognizer: Shazam attempt 2/3 hit an error page (rate limit?); retrying in 2.0s
music_recognizer: Shazam attempt 1/3 hit an error page (rate limit?); retrying in 1.0s
music_recognizer: Audio bytes identification failed: Check args, URL is invalid
URL- https://amp.shazam.com/discovery/v5/en/GB/iphone/-/tag/1581778C-66DB-4FF2-83E0-59044739AF7B/AFE33349-1AD7-440D-A6AC-84E055F11485?sync=true&webv3=true&sampling=true&connected=&shazamapiversion=v3&sharehub=true&hubv5minorversion=v5.1&hidelb=true&video=v3
music_recognizer: No match from Shazam
music_recognizer: No match from Shazam
music_recognizer: No match from Shazam
music_recognizer: Shazam attempt 1/3 hit an error page (rate limit?); retrying in 1.0s
music_recognizer: Shazam attempt 2/3 hit an error page (rate limit?); retrying in 2.0s
music_recognizer: Shazam attempt 1/3 hit an error page (rate limit?); retrying in 1.0s
music_recognizer: Audio bytes identification failed: Check args, URL is invalid
URL- https://amp.shazam.com/discovery/v5/en/GB/iphone/-/tag/20BE7090-C27F-4692-83CF-EEDC3F1C9A6E/29FC9DDA-507D-48DA-8056-C63DCF6AB89F?sync=true&webv3=true&sampling=true&connected=&shazamapiversion=v3&sharehub=true&hubv5minorversion=v5.1&hidelb=true&video=v3
music_recognizer: Shazam attempt 2/3 hit an error page (rate limit?); retrying in 2.0s
music_recognizer: No match from Shazam
music_recognizer: No match from Shazam
music_recognizer: Recognized: Whethan — Swag Surfin'
music_recognizer: Shazam attempt 1/3 hit an error page (rate limit?); retrying in 1.0s
music_recognizer: Shazam attempt 2/3 hit an error page (rate limit?); retrying in 2.0s
music_recognizer: Audio bytes identification failed: Check args, URL is invalid
URL- https://amp.shazam.com/discovery/v5/en/GB/iphone/-/tag/1E2389BA-B3D8-4310-8F3E-F801DA7E674E/A11D977C-BCDB-4243-BE8C-857E04850A7E?sync=true&webv3=true&sampling=true&connected=&shazamapiversion=v3&sharehub=true&hubv5minorversion=v5.1&hidelb=true&video=v3
music_recognizer: Shazam attempt 1/3 hit an error page (rate limit?); retrying in 1.0s
music_recognizer: No match from Shazam
music_recognizer: No match from Shazam
music_recognizer: No match from Shazam
music_recognizer: Shazam attempt 1/3 hit an error page (rate limit?); retrying in 1.0s
music_recognizer: Shazam attempt 1/3 hit an error page (rate limit?); retrying in 1.0s
music_recognizer: Shazam attempt 2/3 hit an error page (rate limit?); retrying in 2.0s
music_recognizer: Shazam attempt 2/3 hit an error page (rate limit?); retrying in 2.0s
music_recognizer: No match from Shazam
music_recognizer: No match from Shazam
music_recognizer: No match from Shazam
music_recognizer: Shazam attempt 1/3 hit an error page (rate limit?); retrying in 1.0s
music_recognizer: Shazam attempt 2/3 hit an error page (rate limit?); retrying in 2.0s
music_recognizer: Shazam attempt 1/3 hit an error page (rate limit?); retrying in 1.0s
music_recognizer: Audio bytes identification failed: Check args, URL is invalid
URL- https://amp.shazam.com/discovery/v5/en/GB/iphone/-/tag/451D3A04-7F2B-4A59-A310-E06ED15D08DF/E6665938-E058-4CE3-AC88-33A66F28D8E2?sync=true&webv3=true&sampling=true&connected=&shazamapiversion=v3&sharehub=true&hubv5minorversion=v5.1&hidelb=true&video=v3
music_recognizer: Shazam attempt 2/3 hit an error page (rate limit?); retrying in 2.0s
music_recognizer: No match from Shazam
music_recognizer: No match from Shazam
music_recognizer: No match from Shazam
music_recognizer: Shazam attempt 1/3 hit an error page (rate limit?); retrying in 1.0s
music_recognizer: Shazam attempt 1/3 hit an error page (rate limit?); retrying in 1.0s
music_recognizer: Shazam attempt 2/3 hit an error page (rate limit?); retrying in 2.0s
music_recognizer: Shazam attempt 2/3 hit an error page (rate limit?); retrying in 2.0s
music_recognizer: No match from Shazam
music_recognizer: No match from Shazam
music_recognizer: No match from Shazam
music_recognizer: Shazam attempt 1/3 hit an error page (rate limit?); retrying in 1.0s
music_recognizer: Shazam attempt 2/3 hit an error page (rate limit?); retrying in 2.0s
music_recognizer: Shazam attempt 1/3 hit an error page (rate limit?); retrying in 1.0s
music_recognizer: Audio bytes identification failed: Check args, URL is invalid
URL- https://amp.shazam.com/discovery/v5/en/GB/iphone/-/tag/0C0DFD7E-6D9B-4AC9-B0BD-3167CFBD7A74/3EAD1541-7699-42AF-AA5C-CC3A89F3E506?sync=true&webv3=true&sampling=true&connected=&shazamapiversion=v3&sharehub=true&hubv5minorversion=v5.1&hidelb=true&video=v3
music_recognizer: Shazam attempt 2/3 hit an error page (rate limit?); retrying in 2.0s
music_recognizer: No match from Shazam
music_recognizer: No match from Shazam
music_recognizer: No match from Shazam
music_recognizer: Shazam attempt 1/3 hit an error page (rate limit?); retrying in 1.0s
music_recognizer: Shazam attempt 1/3 hit an error page (rate limit?); retrying in 1.0s
music_recognizer: Shazam attempt 2/3 hit an error page (rate limit?); retrying in 2.0s
music_recognizer: Shazam attempt 2/3 hit an error page (rate limit?); retrying in 2.0s
music_recognizer: No match from Shazam
music_recognizer: No match from Shazam
music_recognizer: No match from Shazam
music_recognizer: Shazam attempt 1/3 hit an error page (rate limit?); retrying in 1.0s
music_recognizer: Shazam attempt 2/3 hit an error page (rate limit?); retrying in 2.0s
music_recognizer: Shazam attempt 1/3 hit an error page (rate limit?); retrying in 1.0s
music_recognizer: Audio bytes identification failed: Check args, URL is invalid
URL- https://amp.shazam.com/discovery/v5/en/GB/iphone/-/tag/7FD8D00D-A800-4E8C-B5CB-F858BB68BDA5/72210D23-0365-4EF6-95AA-947CD994FCDC?sync=true&webv3=true&sampling=true&connected=&shazamapiversion=v3&sharehub=true&hubv5minorversion=v5.1&hidelb=true&video=v3
music_recognizer: Shazam attempt 2/3 hit an error page (rate limit?); retrying in 2.0s
music_recognizer: No match from Shazam
music_recognizer: No match from Shazam
music_recognizer: No match from Shazam
music_recognizer: Shazam attempt 1/3 hit an error page (rate limit?); retrying in 1.0s
music_recognizer: Shazam attempt 1/3 hit an error page (rate limit?); retrying in 1.0s
music_recognizer: Shazam attempt 2/3 hit an error page (rate limit?); retrying in 2.0s
music_recognizer: Shazam attempt 2/3 hit an error page (rate limit?); retrying in 2.0s
music_recognizer: No match from Shazam
music_recognizer: No match from Shazam
music_recognizer: No match from Shazam
music_recognizer: Shazam attempt 1/3 hit an error page (rate limit?); retrying in 1.0s
music_recognizer: Shazam attempt 2/3 hit an error page (rate limit?); retrying in 2.0s
music_recognizer: Shazam attempt 1/3 hit an error page (rate limit?); retrying in 1.0s
music_recognizer: Audio bytes identification failed: Check args, URL is invalid
URL- https://amp.shazam.com/discovery/v5/en/GB/iphone/-/tag/1E07F498-CC30-4A5E-8156-79D8A8F80ED2/79841432-361C-4EC2-B802-DE53A83E68C7?sync=true&webv3=true&sampling=true&connected=&shazamapiversion=v3&sharehub=true&hubv5minorversion=v5.1&hidelb=true&video=v3
music_recognizer: Shazam attempt 2/3 hit an error page (rate limit?); retrying in 2.0s
music_recognizer: No match from Shazam
music_recognizer: No match from Shazam
music_recognizer: No match from Shazam
music_recognizer: Shazam attempt 1/3 hit an error page (rate limit?); retrying in 1.0s
music_recognizer: Shazam attempt 1/3 hit an error page (rate limit?); retrying in 1.0s
music_recognizer: Shazam attempt 2/3 hit an error page (rate limit?); retrying in 2.0s
music_recognizer: Shazam attempt 2/3 hit an error page (rate limit?); retrying in 2.0s
music_recognizer: No match from Shazam
music_recognizer: No match from Shazam
music_recognizer: No match from Shazam
music_recognizer: Shazam attempt 1/3 hit an error page (rate limit?); retrying in 1.0s
music_recognizer: Shazam attempt 2/3 hit an error page (rate limit?); retrying in 2.0s
music_recognizer: Shazam attempt 1/3 hit an error page (rate limit?); retrying in 1.0s
music_recognizer: Audio bytes identification failed: Check args, URL is invalid
URL- https://amp.shazam.com/discovery/v5/en/GB/iphone/-/tag/AAC4E1D9-F305-4518-8D89-B834BA42E4BA/7224E75A-0BEF-4411-8612-18767FBD5974?sync=true&webv3=true&sampling=true&connected=&shazamapiversion=v3&sharehub=true&hubv5minorversion=v5.1&hidelb=true&video=v3
music_recognizer: Shazam attempt 2/3 hit an error page (rate limit?); retrying in 2.0s
music_recognizer: No match from Shazam
music_recognizer: No match from Shazam
music_recognizer: No match from Shazam
music_recognizer: Shazam attempt 1/3 hit an error page (rate limit?); retrying in 1.0s
music_recognizer: Shazam attempt 1/3 hit an error page (rate limit?); retrying in 1.0s
music_recognizer: Shazam attempt 2/3 hit an error page (rate limit?); retrying in 2.0s
music_recognizer: Shazam attempt 2/3 hit an error page (rate limit?); retrying in 2.0s
music_recognizer: No match from Shazam
music_recognizer: No match from Shazam
music_recognizer: No match from Shazam
music_recognizer: Shazam attempt 1/3 hit an error page (rate limit?); retrying in 1.0s
music_recognizer: Shazam attempt 2/3 hit an error page (rate limit?); retrying in 2.0s
music_recognizer: Shazam attempt 1/3 hit an error page (rate limit?); retrying in 1.0s
music_recognizer: Audio bytes identification failed: Check args, URL is invalid
URL- https://amp.shazam.com/discovery/v5/en/GB/iphone/-/tag/D238B28D-F3FB-4FCD-9D44-599DE43CA202/305A8FA8-15E2-40F3-B9CC-5B7F73CB98BE?sync=true&webv3=true&sampling=true&connected=&shazamapiversion=v3&sharehub=true&hubv5minorversion=v5.1&hidelb=true&video=v3
music_recognizer: Shazam attempt 2/3 hit an error page (rate limit?); retrying in 2.0s
music_recognizer: No match from Shazam
music_recognizer: No match from Shazam
music_recognizer: No match from Shazam
music_recognizer: Shazam attempt 1/3 hit an error page (rate limit?); retrying in 1.0s
music_recognizer: Shazam attempt 1/3 hit an error page (rate limit?); retrying in 1.0s
music_recognizer: Shazam attempt 2/3 hit an error page (rate limit?); retrying in 2.0s
music_recognizer: Shazam attempt 2/3 hit an error page (rate limit?); retrying in 2.0s
music_recognizer: No match from Shazam
music_recognizer: No match from Shazam
music_recognizer: No match from Shazam
music_recognizer: Shazam attempt 1/3 hit an error page (rate limit?); retrying in 1.0s
music_recognizer: Shazam attempt 2/3 hit an error page (rate limit?); retrying in 2.0s
music_recognizer: Shazam attempt 1/3 hit an error page (rate limit?); retrying in 1.0s
music_recognizer: Audio bytes identification failed: Check args, URL is invalid
URL- https://amp.shazam.com/discovery/v5/en/GB/iphone/-/tag/B061EC31-F4A9-42D3-93B6-7EE5286D5DFF/A5DE96B3-67A3-41C4-82BF-923C2B035A9F?sync=true&webv3=true&sampling=true&connected=&shazamapiversion=v3&sharehub=true&hubv5minorversion=v5.1&hidelb=true&video=v3
music_recognizer: Shazam attempt 2/3 hit an error page (rate limit?); retrying in 2.0s
music_recognizer: No match from Shazam
music_recognizer: No match from Shazam
music_recognizer: No match from Shazam
music_recognizer: Shazam attempt 1/3 hit an error page (rate limit?); retrying in 1.0s
music_recognizer: Shazam attempt 1/3 hit an error page (rate limit?); retrying in 1.0s
music_recognizer: Shazam attempt 2/3 hit an error page (rate limit?); retrying in 2.0s
music_recognizer: Shazam attempt 2/3 hit an error page (rate limit?); retrying in 2.0s
music_recognizer: No match from Shazam
music_recognizer: No match from Shazam
music_recognizer: No match from Shazam
music_recognizer: Shazam attempt 1/3 hit an error page (rate limit?); retrying in 1.0s
music_recognizer: Shazam attempt 2/3 hit an error page (rate limit?); retrying in 2.0s
music_recognizer: Shazam attempt 1/3 hit an error page (rate limit?); retrying in 1.0s
music_recognizer: Audio bytes identification failed: Check args, URL is invalid
URL- https://amp.shazam.com/discovery/v5/en/GB/iphone/-/tag/3E180845-2532-4465-987A-73484D252634/1E1A32C0-A531-4FE9-B591-A7B76EE5C19E?sync=true&webv3=true&sampling=true&connected=&shazamapiversion=v3&sharehub=true&hubv5minorversion=v5.1&hidelb=true&video=v3
music_recognizer: Shazam attempt 2/3 hit an error page (rate limit?); retrying in 2.0s
music_recognizer: No match from Shazam
music_recognizer: No match from Shazam
music_recognizer: No match from Shazam
music_recognizer: Shazam attempt 1/3 hit an error page (rate limit?); retrying in 1.0s
music_recognizer: Shazam attempt 1/3 hit an error page (rate limit?); retrying in 1.0s
music_recognizer: Shazam attempt 2/3 hit an error page (rate limit?); retrying in 2.0s
music_recognizer: Shazam attempt 2/3 hit an error page (rate limit?); retrying in 2.0s
music_recognizer: No match from Shazam
music_recognizer: No match from Shazam
music_recognizer: No match from Shazam
music_recognizer: Shazam attempt 1/3 hit an error page (rate limit?); retrying in 1.0s
music_recognizer: Shazam attempt 2/3 hit an error page (rate limit?); retrying in 2.0s
music_recognizer: Shazam attempt 1/3 hit an error page (rate limit?); retrying in 1.0s
music_recognizer: Audio bytes identification failed: Check args, URL is invalid
URL- https://amp.shazam.com/discovery/v5/en/GB/iphone/-/tag/744D4BCD-141A-4163-95CB-46608C6554AA/38C62DBD-283C-4E98-B474-D867DEECD644?sync=true&webv3=true&sampling=true&connected=&shazamapiversion=v3&sharehub=true&hubv5minorversion=v5.1&hidelb=true&video=v3
music_recognizer: Shazam attempt 2/3 hit an error page (rate limit?); retrying in 2.0s
music_recognizer: No match from Shazam
music_recognizer: No match from Shazam
music_recognizer: No match from Shazam
music_recognizer: Shazam attempt 1/3 hit an error page (rate limit?); retrying in 1.0s
music_recognizer: Shazam attempt 1/3 hit an error page (rate limit?); retrying in 1.0s
music_recognizer: Shazam attempt 2/3 hit an error page (rate limit?); retrying in 2.0s
music_recognizer: Shazam attempt 2/3 hit an error page (rate limit?); retrying in 2.0s
music_recognizer: No match from Shazam
music_recognizer: No match from Shazam
music_recognizer: No match from Shazam
music_recognizer: Shazam attempt 1/3 hit an error page (rate limit?); retrying in 1.0s
music_recognizer: Shazam attempt 2/3 hit an error page (rate limit?); retrying in 2.0s
music_recognizer: Shazam attempt 1/3 hit an error page (rate limit?); retrying in 1.0s
music_recognizer: Audio bytes identification failed: Check args, URL is invalid
URL- https://amp.shazam.com/discovery/v5/en/GB/iphone/-/tag/12B5D010-0E69-4067-830D-CD3EE995B9D5/7D50592E-242B-4227-9EB0-E17C1E4F2A74?sync=true&webv3=true&sampling=true&connected=&shazamapiversion=v3&sharehub=true&hubv5minorversion=v5.1&hidelb=true&video=v3
music_recognizer: Shazam attempt 2/3 hit an error page (rate limit?); retrying in 2.0s
music_recognizer: No match from Shazam
music_recognizer: No match from Shazam
music_recognizer: No match from Shazam
music_recognizer: Shazam attempt 1/3 hit an error page (rate limit?); retrying in 1.0s
music_recognizer: Shazam attempt 1/3 hit an error page (rate limit?); retrying in 1.0s
music_recognizer: Shazam attempt 2/3 hit an error page (rate limit?); retrying in 2.0s
music_recognizer: Shazam attempt 2/3 hit an error page (rate limit?); retrying in 2.0s
music_recognizer: No match from Shazam
music_recognizer: No match from Shazam
music_recognizer: No match from Shazam
music_recognizer: Shazam attempt 1/3 hit an error page (rate limit?); retrying in 1.0s
music_recognizer: Shazam attempt 2/3 hit an error page (rate limit?); retrying in 2.0s
music_recognizer: Shazam attempt 1/3 hit an error page (rate limit?); retrying in 1.0s
music_recognizer: Audio bytes identification failed: Check args, URL is invalid
URL- https://amp.shazam.com/discovery/v5/en/GB/iphone/-/tag/497DD9DC-B2F9-496F-8225-0019F5AF9B9C/BF73CD9D-DF3A-46BE-8526-040A94122048?sync=true&webv3=true&sampling=true&connected=&shazamapiversion=v3&sharehub=true&hubv5minorversion=v5.1&hidelb=true&video=v3
music_recognizer: Shazam attempt 2/3 hit an error page (rate limit?); retrying in 2.0s
music_recognizer: No match from Shazam
music_recognizer: No match from Shazam
music_recognizer: No match from Shazam
music_recognizer: Shazam attempt 1/3 hit an error page (rate limit?); retrying in 1.0s
music_recognizer: Shazam attempt 1/3 hit an error page (rate limit?); retrying in 1.0s
music_recognizer: Shazam attempt 2/3 hit an error page (rate limit?); retrying in 2.0s
music_recognizer: Shazam attempt 2/3 hit an error page (rate limit?); retrying in 2.0s
music_recognizer: No match from Shazam
music_recognizer: No match from Shazam
music_recognizer: No match from Shazam
music_recognizer: Shazam attempt 1/3 hit an error page (rate limit?); retrying in 1.0s
music_recognizer: Shazam attempt 2/3 hit an error page (rate limit?); retrying in 2.0s
music_recognizer: Shazam attempt 1/3 hit an error page (rate limit?); retrying in 1.0s
music_recognizer: Audio bytes identification failed: Check args, URL is invalid
URL- https://amp.shazam.com/discovery/v5/en/GB/iphone/-/tag/FA9B3766-DC7C-4F8B-BE86-56E2254C674A/4EC36FE2-41C8-4B51-9876-351ADD7BEAED?sync=true&webv3=true&sampling=true&connected=&shazamapiversion=v3&sharehub=true&hubv5minorversion=v5.1&hidelb=true&video=v3
music_recognizer: Shazam attempt 2/3 hit an error page (rate limit?); retrying in 2.0s
music_recognizer: No match from Shazam
music_recognizer: No match from Shazam
music_recognizer: No match from Shazam
music_recognizer: Shazam attempt 1/3 hit an error page (rate limit?); retrying in 1.0s
music_recognizer: Shazam attempt 1/3 hit an error page (rate limit?); retrying in 1.0s
music_recognizer: Shazam attempt 2/3 hit an error page (rate limit?); retrying in 2.0s
music_recognizer: Shazam attempt 2/3 hit an error page (rate limit?); retrying in 2.0s
music_recognizer: No match from Shazam
music_recognizer: No match from Shazam
music_recognizer: No match from Shazam
music_recognizer: Shazam attempt 1/3 hit an error page (rate limit?); retrying in 1.0s
music_recognizer: Shazam attempt 2/3 hit an error page (rate limit?); retrying in 2.0s
music_recognizer: Shazam attempt 1/3 hit an error page (rate limit?); retrying in 1.0s
music_recognizer: Audio bytes identification failed: Check args, URL is invalid
URL- https://amp.shazam.com/discovery/v5/en/GB/iphone/-/tag/472F910D-8EB4-45B1-BE17-9ECA3443538E/DEAD8109-9FC3-4D3F-869A-2DA73481C716?sync=true&webv3=true&sampling=true&connected=&shazamapiversion=v3&sharehub=true&hubv5minorversion=v5.1&hidelb=true&video=v3
music_recognizer: Shazam attempt 2/3 hit an error page (rate limit?); retrying in 2.0s
music_recognizer: No match from Shazam
music_recognizer: No match from Shazam
music_recognizer: No match from Shazam
music_recognizer: Shazam attempt 1/3 hit an error page (rate limit?); retrying in 1.0s
music_recognizer: Shazam attempt 1/3 hit an error page (rate limit?); retrying in 1.0s
music_recognizer: Shazam attempt 2/3 hit an error page (rate limit?); retrying in 2.0s
music_recognizer: Shazam attempt 2/3 hit an error page (rate limit?); retrying in 2.0s
music_recognizer: No match from Shazam
music_recognizer: No match from Shazam
music_recognizer: No match from Shazam
music_recognizer: Shazam attempt 1/3 hit an error page (rate limit?); retrying in 1.0s
music_recognizer: Shazam attempt 2/3 hit an error page (rate limit?); retrying in 2.0s
music_recognizer: Shazam attempt 1/3 hit an error page (rate limit?); retrying in 1.0s
music_recognizer: Audio bytes identification failed: Check args, URL is invalid
URL- https://amp.shazam.com/discovery/v5/en/GB/iphone/-/tag/EE5AF1FA-E5E3-453C-8F23-A9D8686210C9/F3C05636-B991-43BD-877A-92B4F881FFDB?sync=true&webv3=true&sampling=true&connected=&shazamapiversion=v3&sharehub=true&hubv5minorversion=v5.1&hidelb=true&video=v3
music_recognizer: Shazam attempt 2/3 hit an error page (rate limit?); retrying in 2.0s
music_recognizer: No match from Shazam
music_recognizer: No match from Shazam
music_recognizer: No match from Shazam
music_recognizer: Shazam attempt 1/3 hit an error page (rate limit?); retrying in 1.0s
music_recognizer: Shazam attempt 1/3 hit an error page (rate limit?); retrying in 1.0s
music_recognizer: Shazam attempt 2/3 hit an error page (rate limit?); retrying in 2.0s
music_recognizer: Shazam attempt 2/3 hit an error page (rate limit?); retrying in 2.0s
music_recognizer: No match from Shazam
music_recognizer: No match from Shazam
music_recognizer: No match from Shazam
music_recognizer: Shazam attempt 1/3 hit an error page (rate limit?); retrying in 1.0s
music_recognizer: Shazam attempt 2/3 hit an error page (rate limit?); retrying in 2.0s
music_recognizer: Shazam attempt 1/3 hit an error page (rate limit?); retrying in 1.0s
music_recognizer: Audio bytes identification failed: Check args, URL is invalid
URL- https://amp.shazam.com/discovery/v5/en/GB/iphone/-/tag/3BF31E1F-C0C8-4561-88D0-E74590782BD0/91C4C859-26B5-4DF5-AEAA-D05A600C2B8E?sync=true&webv3=true&sampling=true&connected=&shazamapiversion=v3&sharehub=true&hubv5minorversion=v5.1&hidelb=true&video=v3
music_recognizer: Shazam attempt 2/3 hit an error page (rate limit?); retrying in 2.0s
music_recognizer: No match from Shazam
music_recognizer: No match from Shazam
music_recognizer: No match from Shazam
music_recognizer: Shazam attempt 1/3 hit an error page (rate limit?); retrying in 1.0s
music_recognizer: Shazam attempt 1/3 hit an error page (rate limit?); retrying in 1.0s
music_recognizer: Shazam attempt 2/3 hit an error page (rate limit?); retrying in 2.0s
music_recognizer: Shazam attempt 2/3 hit an error page (rate limit?); retrying in 2.0s
music_recognizer: No match from Shazam
music_recognizer: No match from Shazam
music_recognizer: No match from Shazam
music_recognizer: Shazam attempt 1/3 hit an error page (rate limit?); retrying in 1.0s
music_recognizer: Shazam attempt 2/3 hit an error page (rate limit?); retrying in 2.0s
music_recognizer: Shazam attempt 1/3 hit an error page (rate limit?); retrying in 1.0s
music_recognizer: Audio bytes identification failed: Check args, URL is invalid
URL- https://amp.shazam.com/discovery/v5/en/GB/iphone/-/tag/293C15D0-0140-4D80-ACA7-DC284B4BBEC9/34AD7A97-12A1-4687-A8DB-11FC3D5427B4?sync=true&webv3=true&sampling=true&connected=&shazamapiversion=v3&sharehub=true&hubv5minorversion=v5.1&hidelb=true&video=v3
music_recognizer: Shazam attempt 2/3 hit an error page (rate limit?); retrying in 2.0s
music_recognizer: No match from Shazam
music_recognizer: No match from Shazam
music_recognizer: No match from Shazam
music_recognizer: Shazam attempt 1/3 hit an error page (rate limit?); retrying in 1.0s
music_recognizer: Shazam attempt 1/3 hit an error page (rate limit?); retrying in 1.0s
music_recognizer: Shazam attempt 2/3 hit an error page (rate limit?); retrying in 2.0s
music_recognizer: Shazam attempt 2/3 hit an error page (rate limit?); retrying in 2.0s
music_recognizer: No match from Shazam
music_recognizer: No match from Shazam
music_recognizer: No match from Shazam
music_recognizer: Shazam attempt 1/3 hit an error page (rate limit?); retrying in 1.0s
music_recognizer: Shazam attempt 2/3 hit an error page (rate limit?); retrying in 2.0s
music_recognizer: Shazam attempt 1/3 hit an error page (rate limit?); retrying in 1.0s
music_recognizer: Audio bytes identification failed: Check args, URL is invalid
URL- https://amp.shazam.com/discovery/v5/en/GB/iphone/-/tag/E1CEAE1A-4E97-4934-911E-43EDCD874D1A/DBC49B84-D72D-48DA-9795-6968D8D5B232?sync=true&webv3=true&sampling=true&connected=&shazamapiversion=v3&sharehub=true&hubv5minorversion=v5.1&hidelb=true&video=v3
music_recognizer: Shazam attempt 2/3 hit an error page (rate limit?); retrying in 2.0s
music_recognizer: Recognized: DUSK — TEKK CLUB (feat. alone)
music_recognizer: No match from Shazam
music_recognizer: No match from Shazam
music_recognizer: Shazam attempt 1/3 hit an error page (rate limit?); retrying in 1.0s
music_recognizer: Shazam attempt 1/3 hit an error page (rate limit?); retrying in 1.0s
music_recognizer: Shazam attempt 2/3 hit an error page (rate limit?); retrying in 2.0s
music_recognizer: Shazam attempt 2/3 hit an error page (rate limit?); retrying in 2.0s
music_recognizer: No match from Shazam
music_recognizer: No match from Shazam
music_recognizer: No match from Shazam
music_recognizer: Shazam attempt 1/3 hit an error page (rate limit?); retrying in 1.0s
music_recognizer: Shazam attempt 2/3 hit an error page (rate limit?); retrying in 2.0s
music_recognizer: Shazam attempt 1/3 hit an error page (rate limit?); retrying in 1.0s
music_recognizer: Audio bytes identification failed: Check args, URL is invalid
URL- https://amp.shazam.com/discovery/v5/en/GB/iphone/-/tag/E9BF247D-060A-4A6E-AA11-3FD1DE4EDBF2/E7652078-BCF6-4657-9F9A-B1EEA512AC97?sync=true&webv3=true&sampling=true&connected=&shazamapiversion=v3&sharehub=true&hubv5minorversion=v5.1&hidelb=true&video=v3
music_recognizer: Shazam attempt 2/3 hit an error page (rate limit?); retrying in 2.0s
music_recognizer: No match from Shazam
music_recognizer: No match from Shazam
music_recognizer: No match from Shazam
music_recognizer: Shazam attempt 1/3 hit an error page (rate limit?); retrying in 1.0s
music_recognizer: Shazam attempt 1/3 hit an error page (rate limit?); retrying in 1.0s
music_recognizer: Shazam attempt 2/3 hit an error page (rate limit?); retrying in 2.0s
music_recognizer: Shazam attempt 2/3 hit an error page (rate limit?); retrying in 2.0s
music_recognizer: No match from Shazam
music_recognizer: No match from Shazam
music_recognizer: Recognized: Whethan & Oliver Tree — When I'm Down
music_recognizer: Shazam attempt 1/3 hit an error page (rate limit?); retrying in 1.0s
music_recognizer: Shazam attempt 2/3 hit an error page (rate limit?); retrying in 2.0s
music_recognizer: Audio bytes identification failed: Check args, URL is invalid
URL- https://amp.shazam.com/discovery/v5/en/GB/iphone/-/tag/ED4191B9-4FB0-49B5-BA4B-03D0E71D6B17/FC85E089-77D5-4CEF-9652-E132E11E8E3D?sync=true&webv3=true&sampling=true&connected=&shazamapiversion=v3&sharehub=true&hubv5minorversion=v5.1&hidelb=true&video=v3
music_recognizer: Shazam attempt 1/3 hit an error page (rate limit?); retrying in 1.0s
music_recognizer: Shazam attempt 2/3 hit an error page (rate limit?); retrying in 2.0s
music_recognizer: No match from Shazam
music_recognizer: No match from Shazam
music_recognizer: No match from Shazam
music_recognizer: Shazam attempt 1/3 hit an error page (rate limit?); retrying in 1.0s
music_recognizer: Shazam attempt 2/3 hit an error page (rate limit?); retrying in 2.0s
music_recognizer: Audio bytes identification failed: Check args, URL is invalid
URL- https://amp.shazam.com/discovery/v5/en/GB/iphone/-/tag/E127481B-7CFA-44A9-9574-38C2F2B34D73/851A0F62-6C2C-4BAD-87A0-9CA3FF43DAA4?sync=true&webv3=true&sampling=true&connected=&shazamapiversion=v3&sharehub=true&hubv5minorversion=v5.1&hidelb=true&video=v3
music_recognizer: Shazam attempt 1/3 hit an error page (rate limit?); retrying in 1.0s
music_recognizer: No match from Shazam
music_recognizer: No match from Shazam
music_recognizer: No match from Shazam
music_recognizer: Shazam attempt 1/3 hit an error page (rate limit?); retrying in 1.0s
music_recognizer: Shazam attempt 1/3 hit an error page (rate limit?); retrying in 1.0s
music_recognizer: Shazam attempt 2/3 hit an error page (rate limit?); retrying in 2.0s
music_recognizer: Shazam attempt 2/3 hit an error page (rate limit?); retrying in 2.0s
music_recognizer: No match from Shazam
music_recognizer: No match from Shazam
music_recognizer: No match from Shazam
music_recognizer: Shazam attempt 1/3 hit an error page (rate limit?); retrying in 1.0s
music_recognizer: Shazam attempt 2/3 hit an error page (rate limit?); retrying in 2.0s
music_recognizer: Shazam attempt 1/3 hit an error page (rate limit?); retrying in 1.0s
music_recognizer: Audio bytes identification failed: Check args, URL is invalid
URL- https://amp.shazam.com/discovery/v5/en/GB/iphone/-/tag/585A7687-99F6-4767-AC20-F9FBD944B429/B2D113F4-BB75-4AEA-A04C-66B24622399C?sync=true&webv3=true&sampling=true&connected=&shazamapiversion=v3&sharehub=true&hubv5minorversion=v5.1&hidelb=true&video=v3
music_recognizer: Shazam attempt 2/3 hit an error page (rate limit?); retrying in 2.0s
music_recognizer: No match from Shazam
music_recognizer: No match from Shazam
music_recognizer: No match from Shazam
music_recognizer: Shazam attempt 1/3 hit an error page (rate limit?); retrying in 1.0s
music_recognizer: Shazam attempt 1/3 hit an error page (rate limit?); retrying in 1.0s
music_recognizer: Shazam attempt 2/3 hit an error page (rate limit?); retrying in 2.0s
music_recognizer: Shazam attempt 2/3 hit an error page (rate limit?); retrying in 2.0s
music_recognizer: No match from Shazam
music_recognizer: Recognized: Kid Cudi — Day 'n' Nite (Crookers Remix)
music_recognizer: No match from Shazam
music_recognizer: Shazam attempt 1/3 hit an error page (rate limit?); retrying in 1.0s
music_recognizer: Shazam attempt 2/3 hit an error page (rate limit?); retrying in 2.0s
music_recognizer: Shazam attempt 1/3 hit an error page (rate limit?); retrying in 1.0s
music_recognizer: Audio bytes identification failed: Check args, URL is invalid
URL- https://amp.shazam.com/discovery/v5/en/GB/iphone/-/tag/434A9C4B-C37A-4CEB-B601-0DD9E5C38A67/B4D46695-4989-415D-B5A3-D51C6B18A1A3?sync=true&webv3=true&sampling=true&connected=&shazamapiversion=v3&sharehub=true&hubv5minorversion=v5.1&hidelb=true&video=v3
music_recognizer: Shazam attempt 2/3 hit an error page (rate limit?); retrying in 2.0s
music_recognizer: No match from Shazam
music_recognizer: No match from Shazam
music_recognizer: No match from Shazam
music_recognizer: Shazam attempt 1/3 hit an error page (rate limit?); retrying in 1.0s
music_recognizer: Shazam attempt 1/3 hit an error page (rate limit?); retrying in 1.0s
music_recognizer: Shazam attempt 2/3 hit an error page (rate limit?); retrying in 2.0s
music_recognizer: Shazam attempt 2/3 hit an error page (rate limit?); retrying in 2.0s
music_recognizer: No match from Shazam
music_recognizer: Recognized: ScHoolboy Q — Collard Greens (feat. Kendrick Lamar)
music_recognizer: No match from Shazam
music_recognizer: Shazam attempt 1/3 hit an error page (rate limit?); retrying in 1.0s
music_recognizer: Shazam attempt 2/3 hit an error page (rate limit?); retrying in 2.0s
music_recognizer: Shazam attempt 1/3 hit an error page (rate limit?); retrying in 1.0s
music_recognizer: Audio bytes identification failed: Check args, URL is invalid
URL- https://amp.shazam.com/discovery/v5/en/GB/iphone/-/tag/6E53B5BA-7E46-4D52-B324-B7F7EB31C94D/CBBACA73-DEC3-4E0D-9605-4AC95E03F53B?sync=true&webv3=true&sampling=true&connected=&shazamapiversion=v3&sharehub=true&hubv5minorversion=v5.1&hidelb=true&video=v3
music_recognizer: Shazam attempt 2/3 hit an error page (rate limit?); retrying in 2.0s
music_recognizer: No match from Shazam
music_recognizer: No match from Shazam
music_recognizer: No match from Shazam
music_recognizer: Shazam attempt 1/3 hit an error page (rate limit?); retrying in 1.0s
music_recognizer: Shazam attempt 1/3 hit an error page (rate limit?); retrying in 1.0s
music_recognizer: Shazam attempt 2/3 hit an error page (rate limit?); retrying in 2.0s
music_recognizer: Shazam attempt 2/3 hit an error page (rate limit?); retrying in 2.0s
music_recognizer: No match from Shazam
music_recognizer: No match from Shazam
music_recognizer: No match from Shazam
music_recognizer: Shazam attempt 1/3 hit an error page (rate limit?); retrying in 1.0s
music_recognizer: Shazam attempt 2/3 hit an error page (rate limit?); retrying in 2.0s
music_recognizer: Shazam attempt 1/3 hit an error page (rate limit?); retrying in 1.0s
music_recognizer: Audio bytes identification failed: Check args, URL is invalid
URL- https://amp.shazam.com/discovery/v5/en/GB/iphone/-/tag/15802E67-C70F-4D7E-BE70-292CD9A0BF6E/BC2786D1-0C19-4EB4-A879-F1A1E98C193B?sync=true&webv3=true&sampling=true&connected=&shazamapiversion=v3&sharehub=true&hubv5minorversion=v5.1&hidelb=true&video=v3
music_recognizer: Shazam attempt 2/3 hit an error page (rate limit?); retrying in 2.0s
music_recognizer: No match from Shazam
music_recognizer: No match from Shazam
music_recognizer: No match from Shazam
music_recognizer: Shazam attempt 1/3 hit an error page (rate limit?); retrying in 1.0s
music_recognizer: Shazam attempt 1/3 hit an error page (rate limit?); retrying in 1.0s
music_recognizer: Shazam attempt 2/3 hit an error page (rate limit?); retrying in 2.0s
music_recognizer: Shazam attempt 2/3 hit an error page (rate limit?); retrying in 2.0s
music_recognizer: No match from Shazam
music_recognizer: No match from Shazam
music_recognizer: No match from Shazam
music_recognizer: Shazam attempt 1/3 hit an error page (rate limit?); retrying in 1.0s
music_recognizer: Shazam attempt 2/3 hit an error page (rate limit?); retrying in 2.0s
music_recognizer: Shazam attempt 1/3 hit an error page (rate limit?); retrying in 1.0s
music_recognizer: Audio bytes identification failed: Check args, URL is invalid
URL- https://amp.shazam.com/discovery/v5/en/GB/iphone/-/tag/D870CDF4-EF85-4832-B103-8FB40023FB92/1A8F2448-CDA2-46CC-AB4C-61F8F3FF29BC?sync=true&webv3=true&sampling=true&connected=&shazamapiversion=v3&sharehub=true&hubv5minorversion=v5.1&hidelb=true&video=v3
music_recognizer: Shazam attempt 2/3 hit an error page (rate limit?); retrying in 2.0s
music_recognizer: No match from Shazam
music_recognizer: No match from Shazam
music_recognizer: No match from Shazam
music_recognizer: Shazam attempt 1/3 hit an error page (rate limit?); retrying in 1.0s
music_recognizer: Shazam attempt 1/3 hit an error page (rate limit?); retrying in 1.0s
music_recognizer: Shazam attempt 2/3 hit an error page (rate limit?); retrying in 2.0s
music_recognizer: Shazam attempt 2/3 hit an error page (rate limit?); retrying in 2.0s
music_recognizer: No match from Shazam
music_recognizer: No match from Shazam
music_recognizer: No match from Shazam
music_recognizer: Shazam attempt 1/3 hit an error page (rate limit?); retrying in 1.0s
music_recognizer: Shazam attempt 2/3 hit an error page (rate limit?); retrying in 2.0s
music_recognizer: Shazam attempt 1/3 hit an error page (rate limit?); retrying in 1.0s
music_recognizer: Audio bytes identification failed: Check args, URL is invalid
URL- https://amp.shazam.com/discovery/v5/en/GB/iphone/-/tag/703FE20B-1BDD-421C-9CD5-2A352CA4CAA5/EEF309C1-41C7-44B8-8ABE-AE364997725C?sync=true&webv3=true&sampling=true&connected=&shazamapiversion=v3&sharehub=true&hubv5minorversion=v5.1&hidelb=true&video=v3
music_recognizer: Shazam attempt 2/3 hit an error page (rate limit?); retrying in 2.0s
music_recognizer: No match from Shazam
music_recognizer: No match from Shazam
music_recognizer: No match from Shazam
music_recognizer: Shazam attempt 1/3 hit an error page (rate limit?); retrying in 1.0s
music_recognizer: Shazam attempt 1/3 hit an error page (rate limit?); retrying in 1.0s
music_recognizer: Shazam attempt 2/3 hit an error page (rate limit?); retrying in 2.0s
music_recognizer: Shazam attempt 2/3 hit an error page (rate limit?); retrying in 2.0s
music_recognizer: No match from Shazam
music_recognizer: No match from Shazam
music_recognizer: No match from Shazam
music_recognizer: Shazam attempt 1/3 hit an error page (rate limit?); retrying in 1.0s
music_recognizer: Shazam attempt 2/3 hit an error page (rate limit?); retrying in 2.0s
music_recognizer: Shazam attempt 1/3 hit an error page (rate limit?); retrying in 1.0s
music_recognizer: Audio bytes identification failed: Check args, URL is invalid
URL- https://amp.shazam.com/discovery/v5/en/GB/iphone/-/tag/9B22CCE4-50C6-47C5-A292-4556A5C3248E/21F8CF5C-1E99-4B2A-A5C1-4ADF45638C3F?sync=true&webv3=true&sampling=true&connected=&shazamapiversion=v3&sharehub=true&hubv5minorversion=v5.1&hidelb=true&video=v3
music_recognizer: Shazam attempt 2/3 hit an error page (rate limit?); retrying in 2.0s
music_recognizer: No match from Shazam
music_recognizer: No match from Shazam
music_recognizer: No match from Shazam
music_recognizer: Shazam attempt 1/3 hit an error page (rate limit?); retrying in 1.0s
music_recognizer: Shazam attempt 1/3 hit an error page (rate limit?); retrying in 1.0s
music_recognizer: Shazam attempt 2/3 hit an error page (rate limit?); retrying in 2.0s
music_recognizer: Shazam attempt 2/3 hit an error page (rate limit?); retrying in 2.0s
music_recognizer: No match from Shazam
music_recognizer: No match from Shazam
music_recognizer: No match from Shazam
music_recognizer: Shazam attempt 1/3 hit an error page (rate limit?); retrying in 1.0s
music_recognizer: Shazam attempt 2/3 hit an error page (rate limit?); retrying in 2.0s
music_recognizer: Shazam attempt 1/3 hit an error page (rate limit?); retrying in 1.0s
music_recognizer: Audio bytes identification failed: Check args, URL is invalid
URL- https://amp.shazam.com/discovery/v5/en/GB/iphone/-/tag/51648FD6-D83D-4652-8649-2E1F1DC87495/A8359976-735C-4CDA-B4F9-D8161DAA16BB?sync=true&webv3=true&sampling=true&connected=&shazamapiversion=v3&sharehub=true&hubv5minorversion=v5.1&hidelb=true&video=v3
music_recognizer: Shazam attempt 2/3 hit an error page (rate limit?); retrying in 2.0s
music_recognizer: No match from Shazam
music_recognizer: No match from Shazam
music_recognizer: No match from Shazam
music_recognizer: Shazam attempt 1/3 hit an error page (rate limit?); retrying in 1.0s
music_recognizer: Shazam attempt 1/3 hit an error page (rate limit?); retrying in 1.0s
music_recognizer: Shazam attempt 2/3 hit an error page (rate limit?); retrying in 2.0s
music_recognizer: Shazam attempt 2/3 hit an error page (rate limit?); retrying in 2.0s
music_recognizer: No match from Shazam
music_recognizer: No match from Shazam
music_recognizer: No match from Shazam
music_recognizer: Shazam attempt 1/3 hit an error page (rate limit?); retrying in 1.0s
music_recognizer: Shazam attempt 2/3 hit an error page (rate limit?); retrying in 2.0s
music_recognizer: Shazam attempt 1/3 hit an error page (rate limit?); retrying in 1.0s
music_recognizer: Audio bytes identification failed: Check args, URL is invalid
URL- https://amp.shazam.com/discovery/v5/en/GB/iphone/-/tag/73D6941A-941D-42EA-9FCA-6CBF9F7144CC/0884A44F-268C-4AD4-A2E9-E18CD5EDD8CD?sync=true&webv3=true&sampling=true&connected=&shazamapiversion=v3&sharehub=true&hubv5minorversion=v5.1&hidelb=true&video=v3
music_recognizer: Shazam attempt 2/3 hit an error page (rate limit?); retrying in 2.0s
music_recognizer: No match from Shazam
music_recognizer: No match from Shazam
music_recognizer: No match from Shazam
music_recognizer: Shazam attempt 1/3 hit an error page (rate limit?); retrying in 1.0s
music_recognizer: Shazam attempt 1/3 hit an error page (rate limit?); retrying in 1.0s
music_recognizer: Shazam attempt 2/3 hit an error page (rate limit?); retrying in 2.0s
music_recognizer: Shazam attempt 2/3 hit an error page (rate limit?); retrying in 2.0s
music_recognizer: No match from Shazam
music_recognizer: No match from Shazam
music_recognizer: No match from Shazam
music_recognizer: Shazam attempt 1/3 hit an error page (rate limit?); retrying in 1.0s
music_recognizer: Shazam attempt 2/3 hit an error page (rate limit?); retrying in 2.0s
music_recognizer: Shazam attempt 1/3 hit an error page (rate limit?); retrying in 1.0s
music_recognizer: Audio bytes identification failed: Check args, URL is invalid
URL- https://amp.shazam.com/discovery/v5/en/GB/iphone/-/tag/E02D3004-C26F-40A9-A936-1DC91CEB5A0C/6C79A387-0E98-462C-AEB6-CC3F8A6DD2BC?sync=true&webv3=true&sampling=true&connected=&shazamapiversion=v3&sharehub=true&hubv5minorversion=v5.1&hidelb=true&video=v3
music_recognizer: Shazam attempt 2/3 hit an error page (rate limit?); retrying in 2.0s
music_recognizer: No match from Shazam
music_recognizer: No match from Shazam
music_recognizer: No match from Shazam
music_recognizer: Shazam attempt 1/3 hit an error page (rate limit?); retrying in 1.0s
music_recognizer: Shazam attempt 1/3 hit an error page (rate limit?); retrying in 1.0s
music_recognizer: Shazam attempt 2/3 hit an error page (rate limit?); retrying in 2.0s
music_recognizer: Shazam attempt 2/3 hit an error page (rate limit?); retrying in 2.0s
music_recognizer: No match from Shazam
music_recognizer: No match from Shazam
light_gui: Executed schedule: 08:00 -> on
light_gui: Executed schedule: 08:00 -> on
light_gui: Executed schedule: 08:00 -> on
light_gui: Executed schedule: 08:00 -> on
light_gui: Executed schedule: 08:00 -> on
light_gui: Executed schedule: 08:00 -> on
light_gui: Executed schedule: 08:00 -> on
light_gui: Executed schedule: 08:00 -> on
light_gui: Executed schedule: 08:00 -> on
lightss.fleet: get_state from controller 'left' failed: Could not reach light controller at http://10.27.27.110/json/state: <urlopen error [Errno 113] No route to host>
lightss fleet: get_state from controller 'left' failed: Could not reach light controller at http://10.27.27.110/json/state: <urlopen error [Errno 113] No route to host>
lightss.fleet: post_state to controller 'left' failed: Could not reach light controller at http://10.27.27.110/json/state: <urlopen error timed out>
lightss fleet: post_state to controller 'left' failed: Could not reach light controller at http://10.27.27.110/json/state: <urlopen error timed out>
lightss.fleet: get_state from controller 'right' failed: Could not reach light controller at http://10.27.27.112/json/state: <urlopen error timed out>
lightss fleet: get_state from controller 'right' failed: Could not reach light controller at http://10.27.27.112/json/state: <urlopen error timed out>
lightss.fleet: post_state to controller 'right' failed: Could not reach light controller at http://10.27.27.112/json/state: <urlopen error timed out>
lightss fleet: post_state to controller 'right' failed: Could not reach light controller at http://10.27.27.112/json/state: <urlopen error timed out>
lightss.fleet: get_state from controller 'left' failed: Could not reach light controller at http://10.27.27.110/json/state: <urlopen error timed out>
lightss fleet: get_state from controller 'left' failed: Could not reach light controller at http://10.27.27.110/json/state: <urlopen error timed out>
lightss.fleet: post_state to controller 'left' failed: Could not reach light controller at http://10.27.27.110/json/state: <urlopen error timed out>
lightss fleet: post_state to controller 'left' failed: Could not reach light controller at http://10.27.27.110/json/state: <urlopen error timed out>
lightss.fleet: get_state from controller 'right' failed: Could not reach light controller at http://10.27.27.112/json/state: <urlopen error timed out>
lightss fleet: get_state from controller 'right' failed: Could not reach light controller at http://10.27.27.112/json/state: <urlopen error timed out>
lightss.fleet: post_state to controller 'right' failed: Could not reach light controller at http://10.27.27.112/json/state: <urlopen error timed out>
lightss fleet: post_state to controller 'right' failed: Could not reach light controller at http://10.27.27.112/json/state: <urlopen error timed out>
lightss.fleet: get_state from controller 'left' failed: Could not reach light controller at http://10.27.27.110/json/state: <urlopen error timed out>
lightss fleet: get_state from controller 'left' failed: Could not reach light controller at http://10.27.27.110/json/state: <urlopen error timed out>
lightss.fleet: get_state from controller 'right' failed: Could not reach light controller at http://10.27.27.112/json/state: <urlopen error timed out>
lightss fleet: get_state from controller 'right' failed: Could not reach light controller at http://10.27.27.112/json/state: <urlopen error timed out>
lightss.fleet: post_state to controller 'left' failed: Could not reach light controller at http://10.27.27.110/json/state: <urlopen error timed out>
lightss fleet: post_state to controller 'left' failed: Could not reach light controller at http://10.27.27.110/json/state: <urlopen error timed out>
lightss.fleet: post_state to controller 'right' failed: Could not reach light controller at http://10.27.27.112/json/state: <urlopen error timed out>
lightss fleet: post_state to controller 'right' failed: Could not reach light controller at http://10.27.27.112/json/state: <urlopen error timed out>
lightss.fleet: get_state from controller 'left' failed: Could not reach light controller at http://10.27.27.110/json/state: <urlopen error timed out>
lightss fleet: get_state from controller 'left' failed: Could not reach light controller at http://10.27.27.110/json/state: <urlopen error timed out>
lightss.fleet: get_state from controller 'right' failed: Could not reach light controller at http://10.27.27.112/json/state: <urlopen error timed out>
lightss fleet: get_state from controller 'right' failed: Could not reach light controller at http://10.27.27.112/json/state: <urlopen error timed out>
lightss.fleet: post_state to controller 'left' failed: Could not reach light controller at http://10.27.27.110/json/state: <urlopen error timed out>
lightss fleet: post_state to controller 'left' failed: Could not reach light controller at http://10.27.27.110/json/state: <urlopen error timed out>
lightss.fleet: post_state to controller 'right' failed: Could not reach light controller at http://10.27.27.112/json/state: <urlopen error timed out>
lightss fleet: post_state to controller 'right' failed: Could not reach light controller at http://10.27.27.112/json/state: <urlopen error timed out>
lightss.fleet: get_state from controller 'left' failed: Could not reach light controller at http://10.27.27.110/json/state: <urlopen error timed out>
lightss fleet: get_state from controller 'left' failed: Could not reach light controller at http://10.27.27.110/json/state: <urlopen error timed out>
lightss.fleet: get_state from controller 'right' failed: Could not reach light controller at http://10.27.27.112/json/state: <urlopen error timed out>
lightss fleet: get_state from controller 'right' failed: Could not reach light controller at http://10.27.27.112/json/state: <urlopen error timed out>
lightss.fleet: post_state to controller 'left' failed: Could not reach light controller at http://10.27.27.110/json/state: <urlopen error timed out>
lightss fleet: post_state to controller 'left' failed: Could not reach light controller at http://10.27.27.110/json/state: <urlopen error timed out>
lightss.fleet: get_state from controller 'left' failed: Could not reach light controller at http://10.27.27.110/json/state: <urlopen error timed out>
lightss fleet: get_state from controller 'left' failed: Could not reach light controller at http://10.27.27.110/json/state: <urlopen error timed out>
lightss.fleet: post_state to controller 'right' failed: Could not reach light controller at http://10.27.27.112/json/state: <urlopen error timed out>
lightss fleet: post_state to controller 'right' failed: Could not reach light controller at http://10.27.27.112/json/state: <urlopen error timed out>
lightss.fleet: post_state to controller 'left' failed: Could not reach light controller at http://10.27.27.110/json/state: <urlopen error timed out>
lightss fleet: post_state to controller 'left' failed: Could not reach light controller at http://10.27.27.110/json/state: <urlopen error timed out>
lightss.fleet: get_state from controller 'right' failed: Could not reach light controller at http://10.27.27.112/json/state: <urlopen error timed out>
lightss fleet: get_state from controller 'right' failed: Could not reach light controller at http://10.27.27.112/json/state: <urlopen error timed out>
lightss.fleet: get_state from controller 'left' failed: Could not reach light controller at http://10.27.27.110/json/state: <urlopen error timed out>
lightss fleet: get_state from controller 'left' failed: Could not reach light controller at http://10.27.27.110/json/state: <urlopen error timed out>
lightss.fleet: post_state to controller 'right' failed: Could not reach light controller at http://10.27.27.112/json/state: <urlopen error timed out>
lightss fleet: post_state to controller 'right' failed: Could not reach light controller at http://10.27.27.112/json/state: <urlopen error timed out>
lightss.fleet: get_state from controller 'right' failed: Could not reach light controller at http://10.27.27.112/json/state: <urlopen error timed out>
lightss fleet: get_state from controller 'right' failed: Could not reach light controller at http://10.27.27.112/json/state: <urlopen error timed out>
lightss.fleet: post_state to controller 'left' failed: Could not reach light controller at http://10.27.27.110/json/state: <urlopen error timed out>
lightss fleet: post_state to controller 'left' failed: Could not reach light controller at http://10.27.27.110/json/state: <urlopen error timed out>
lightss.fleet: post_state to controller 'right' failed: Could not reach light controller at http://10.27.27.112/json/state: <urlopen error timed out>
lightss fleet: post_state to controller 'right' failed: Could not reach light controller at http://10.27.27.112/json/state: <urlopen error timed out>
lightss.fleet: get_state from controller 'left' failed: Could not reach light controller at http://10.27.27.110/json/state: <urlopen error timed out>
lightss fleet: get_state from controller 'left' failed: Could not reach light controller at http://10.27.27.110/json/state: <urlopen error timed out>
lightss.fleet: post_state to controller 'left' failed: Could not reach light controller at http://10.27.27.110/json/state: <urlopen error timed out>
lightss fleet: post_state to controller 'left' failed: Could not reach light controller at http://10.27.27.110/json/state: <urlopen error timed out>
lightss.fleet: get_state from controller 'right' failed: Could not reach light controller at http://10.27.27.112/json/state: <urlopen error timed out>
lightss fleet: get_state from controller 'right' failed: Could not reach light controller at http://10.27.27.112/json/state: <urlopen error timed out>
lightss.fleet: post_state to controller 'right' failed: Could not reach light controller at http://10.27.27.112/json/state: <urlopen error timed out>
lightss fleet: post_state to controller 'right' failed: Could not reach light controller at http://10.27.27.112/json/state: <urlopen error timed out>
lightss.fleet: get_state from controller 'left' failed: Could not reach light controller at http://10.27.27.110/json/state: <urlopen error timed out>
lightss fleet: get_state from controller 'left' failed: Could not reach light controller at http://10.27.27.110/json/state: <urlopen error timed out>
lightss.fleet: get_state from controller 'right' failed: Could not reach light controller at http://10.27.27.112/json/state: <urlopen error timed out>
lightss fleet: get_state from controller 'right' failed: Could not reach light controller at http://10.27.27.112/json/state: <urlopen error timed out>
lightss.fleet: post_state to controller 'left' failed: Could not reach light controller at http://10.27.27.110/json/state: <urlopen error timed out>
lightss fleet: post_state to controller 'left' failed: Could not reach light controller at http://10.27.27.110/json/state: <urlopen error timed out>
lightss.fleet: post_state to controller 'right' failed: Could not reach light controller at http://10.27.27.112/json/state: <urlopen error timed out>
lightss fleet: post_state to controller 'right' failed: Could not reach light controller at http://10.27.27.112/json/state: <urlopen error timed out>
lightss.fleet: get_state from controller 'left' failed: Could not reach light controller at http://10.27.27.110/json/state: <urlopen error timed out>
lightss fleet: get_state from controller 'left' failed: Could not reach light controller at http://10.27.27.110/json/state: <urlopen error timed out>
lightss.fleet: get_state from controller 'right' failed: Could not reach light controller at http://10.27.27.112/json/state: <urlopen error timed out>
lightss fleet: get_state from controller 'right' failed: Could not reach light controller at http://10.27.27.112/json/state: <urlopen error timed out>
lightss.fleet: post_state to controller 'left' failed: Could not reach light controller at http://10.27.27.110/json/state: <urlopen error timed out>
lightss fleet: post_state to controller 'left' failed: Could not reach light controller at http://10.27.27.110/json/state: <urlopen error timed out>
lightss.fleet: get_state from controller 'left' failed: Could not reach light controller at http://10.27.27.110/json/state: <urlopen error timed out>
lightss fleet: get_state from controller 'left' failed: Could not reach light controller at http://10.27.27.110/json/state: <urlopen error timed out>
lightss.fleet: post_state to controller 'right' failed: Could not reach light controller at http://10.27.27.112/json/state: <urlopen error timed out>
lightss fleet: post_state to controller 'right' failed: Could not reach light controller at http://10.27.27.112/json/state: <urlopen error timed out>
lightss.fleet: get_state from controller 'right' failed: Could not reach light controller at http://10.27.27.112/json/state: <urlopen error timed out>
lightss fleet: get_state from controller 'right' failed: Could not reach light controller at http://10.27.27.112/json/state: <urlopen error timed out>
lightss.fleet: post_state to controller 'left' failed: Could not reach light controller at http://10.27.27.110/json/state: <urlopen error timed out>
lightss fleet: post_state to controller 'left' failed: Could not reach light controller at http://10.27.27.110/json/state: <urlopen error timed out>
lightss.fleet: get_state from controller 'left' failed: Could not reach light controller at http://10.27.27.110/json/state: <urlopen error timed out>
lightss fleet: get_state from controller 'left' failed: Could not reach light controller at http://10.27.27.110/json/state: <urlopen error timed out>
lightss.fleet: post_state to controller 'right' failed: Could not reach light controller at http://10.27.27.112/json/state: <urlopen error timed out>
lightss fleet: post_state to controller 'right' failed: Could not reach light controller at http://10.27.27.112/json/state: <urlopen error timed out>
lightss.fleet: get_state from controller 'right' failed: Could not reach light controller at http://10.27.27.112/json/state: <urlopen error timed out>
lightss fleet: get_state from controller 'right' failed: Could not reach light controller at http://10.27.27.112/json/state: <urlopen error timed out>
lightss.fleet: post_state to controller 'left' failed: Could not reach light controller at http://10.27.27.110/json/state: <urlopen error timed out>
lightss fleet: post_state to controller 'left' failed: Could not reach light controller at http://10.27.27.110/json/state: <urlopen error timed out>
lightss.fleet: get_state from controller 'left' failed: Could not reach light controller at http://10.27.27.110/json/state: <urlopen error timed out>
lightss fleet: get_state from controller 'left' failed: Could not reach light controller at http://10.27.27.110/json/state: <urlopen error timed out>
lightss.fleet: post_state to controller 'right' failed: Could not reach light controller at http://10.27.27.112/json/state: <urlopen error timed out>
lightss fleet: post_state to controller 'right' failed: Could not reach light controller at http://10.27.27.112/json/state: <urlopen error timed out>
lightss.fleet: get_state from controller 'right' failed: Could not reach light controller at http://10.27.27.112/json/state: <urlopen error timed out>
lightss fleet: get_state from controller 'right' failed: Could not reach light controller at http://10.27.27.112/json/state: <urlopen error timed out>
lightss.fleet: post_state to controller 'left' failed: Could not reach light controller at http://10.27.27.110/json/state: <urlopen error timed out>
lightss fleet: post_state to controller 'left' failed: Could not reach light controller at http://10.27.27.110/json/state: <urlopen error timed out>
lightss.fleet: post_state to controller 'right' failed: Could not reach light controller at http://10.27.27.112/json/state: <urlopen error timed out>
lightss fleet: post_state to controller 'right' failed: Could not reach light controller at http://10.27.27.112/json/state: <urlopen error timed out>
lightss.fleet: get_state from controller 'left' failed: Could not reach light controller at http://10.27.27.110/json/state: <urlopen error timed out>
lightss fleet: get_state from controller 'left' failed: Could not reach light controller at http://10.27.27.110/json/state: <urlopen error timed out>
lightss.fleet: get_state from controller 'right' failed: Could not reach light controller at http://10.27.27.112/json/state: <urlopen error timed out>
lightss fleet: get_state from controller 'right' failed: Could not reach light controller at http://10.27.27.112/json/state: <urlopen error timed out>
lightss.fleet: post_state to controller 'left' failed: Could not reach light controller at http://10.27.27.110/json/state: <urlopen error timed out>
lightss fleet: post_state to controller 'left' failed: Could not reach light controller at http://10.27.27.110/json/state: <urlopen error timed out>
lightss.fleet: post_state to controller 'right' failed: Could not reach light controller at http://10.27.27.112/json/state: <urlopen error timed out>
lightss fleet: post_state to controller 'right' failed: Could not reach light controller at http://10.27.27.112/json/state: <urlopen error timed out>
lightss.fleet: get_state from controller 'left' failed: Could not reach light controller at http://10.27.27.110/json/state: <urlopen error timed out>
lightss fleet: get_state from controller 'left' failed: Could not reach light controller at http://10.27.27.110/json/state: <urlopen error timed out>
lightss.fleet: get_state from controller 'right' failed: Could not reach light controller at http://10.27.27.112/json/state: <urlopen error timed out>
lightss fleet: get_state from controller 'right' failed: Could not reach light controller at http://10.27.27.112/json/state: <urlopen error timed out>
lightss.fleet: post_state to controller 'left' failed: Could not reach light controller at http://10.27.27.110/json/state: <urlopen error timed out>
lightss fleet: post_state to controller 'left' failed: Could not reach light controller at http://10.27.27.110/json/state: <urlopen error timed out>
lightss.fleet: get_state from controller 'left' failed: Could not reach light controller at http://10.27.27.110/json/state: <urlopen error timed out>
lightss fleet: get_state from controller 'left' failed: Could not reach light controller at http://10.27.27.110/json/state: <urlopen error timed out>
lightss.fleet: post_state to controller 'right' failed: Could not reach light controller at http://10.27.27.112/json/state: <urlopen error timed out>
lightss fleet: post_state to controller 'right' failed: Could not reach light controller at http://10.27.27.112/json/state: <urlopen error timed out>
lightss.firetv: FireTV adb adb error: adb: device '10.27.27.207' not found; reconnecting
lightss.firetv: FireTV adb connect 10.27.27.207: connected to 10.27.27.207:5555
music_recognizer: No match from Shazam
music_recognizer: Recognized: Bombs Away — Drunk Arcade (Radio Edit)
music_recognizer: No match from Shazam
music_recognizer: Shazam attempt 1/3 hit an error page (rate limit?); retrying in 1.0s
music_recognizer: Shazam attempt 2/3 hit an error page (rate limit?); retrying in 2.0s
music_recognizer: Audio bytes identification failed: Check args, URL is invalid
URL- https://amp.shazam.com/discovery/v5/en/GB/iphone/-/tag/CA3B4F2E-BFE2-4A4C-8FF9-9F605DC3917E/027F18A2-FE75-41DA-9890-ACD2BB2BEA29?sync=true&webv3=true&sampling=true&connected=&shazamapiversion=v3&sharehub=true&hubv5minorversion=v5.1&hidelb=true&video=v3
music_recognizer: Shazam attempt 1/3 hit an error page (rate limit?); retrying in 1.0s
music_recognizer: No match from Shazam
music_recognizer: Recognized: Bombs Away — Drunk Arcade (Radio Edit)
music_recognizer: Recognized: Bombs Away — Drunk Arcade (Radio Edit)
mood_orchestrator: Mood generation failed for 'bombs away||drunk arcade (radio edit)||drunk arcade': Effect 68 is not allowed. Safe effects: 2=Breathe, 8=Colorloop, 9=Rainbow, 12=Fade, 28=Chase, 30=Chase Rainbow, 33=Rainbow Runner, 37=Chase 2, 52=Running Dual, 54=Chase 3, 62=Oscillate, 63=Pride 2015, 64=Juggle, 67=Colorwaves, 74=Lake, 76=Meteor Smooth, 90=Sinelon, 92=Sinelon Rainbow, 98=Pacifica, 105=Sine, 108=Flow, 115=Drift Rose, 120=Waving Cell, 122=Pixelwave, 130=Waterfall, 162=Drift, 163=Waverly, 172=Swirl, 179=Flow Stripe, 183=Wavesins.; using ambient.
music_recognizer: Shazam attempt 1/3 hit an error page (rate limit?); retrying in 1.0s
music_recognizer: Shazam attempt 2/3 hit an error page (rate limit?); retrying in 2.0s
music_recognizer: Audio bytes identification failed: Check args, URL is invalid
URL- https://amp.shazam.com/discovery/v5/en/GB/iphone/-/tag/0A4DD418-5BD6-4092-9D21-BF686FA8E0C1/0560E830-6A22-4F31-BFB4-BA7B9FF3C904?sync=true&webv3=true&sampling=true&connected=&shazamapiversion=v3&sharehub=true&hubv5minorversion=v5.1&hidelb=true&video=v3
music_recognizer: Shazam attempt 1/3 hit an error page (rate limit?); retrying in 1.0s
music_recognizer: Recognized: Bombs Away — Drunk Arcade (Radio Edit)
music_recognizer: Recognized: Bombs Away — Drunk Arcade (Radio Edit)
music_recognizer: Recognized: Bombs Away — Drunk Arcade (Radio Edit)
music_recognizer: Shazam attempt 1/3 hit an error page (rate limit?); retrying in 1.0s
music_recognizer: Shazam attempt 2/3 hit an error page (rate limit?); retrying in 2.0s
music_recognizer: Shazam attempt 1/3 hit an error page (rate limit?); retrying in 1.0s
music_recognizer: Audio bytes identification failed: Check args, URL is invalid
URL- https://amp.shazam.com/discovery/v5/en/GB/iphone/-/tag/DCF2C503-090F-4ED7-A9D1-5189974F9951/E5B62A5C-6517-4909-ADE4-E2C0596CC36C?sync=true&webv3=true&sampling=true&connected=&shazamapiversion=v3&sharehub=true&hubv5minorversion=v5.1&hidelb=true&video=v3
music_recognizer: No match from Shazam
music_recognizer: No match from Shazam
music_recognizer: No match from Shazam
music_recognizer: Shazam attempt 1/3 hit an error page (rate limit?); retrying in 1.0s
music_recognizer: Shazam attempt 2/3 hit an error page (rate limit?); retrying in 2.0s
music_recognizer: Shazam attempt 1/3 hit an error page (rate limit?); retrying in 1.0s
music_recognizer: Audio bytes identification failed: Check args, URL is invalid
URL- https://amp.shazam.com/discovery/v5/en/GB/iphone/-/tag/E058457F-E230-415A-B6BC-03D68918DBC2/A6C8F877-D227-4FE5-8BE7-CCEE6764FF5D?sync=true&webv3=true&sampling=true&connected=&shazamapiversion=v3&sharehub=true&hubv5minorversion=v5.1&hidelb=true&video=v3
music_recognizer: Shazam attempt 2/3 hit an error page (rate limit?); retrying in 2.0s
music_recognizer: Recognized: Bombs Away — Super Soaker (Radio Edit)
music_recognizer: Recognized: Bombs Away — Super Soaker (Radio Edit)
music_recognizer: No match from Shazam
music_recognizer: Shazam attempt 1/3 hit an error page (rate limit?); retrying in 1.0s
music_recognizer: Shazam attempt 2/3 hit an error page (rate limit?); retrying in 2.0s
music_recognizer: Audio bytes identification failed: Check args, URL is invalid
URL- https://amp.shazam.com/discovery/v5/en/GB/iphone/-/tag/DCE1942F-F364-4ABE-B445-0C72A0429142/C340732B-E772-4113-B55A-FD0AE3CD4BC2?sync=true&webv3=true&sampling=true&connected=&shazamapiversion=v3&sharehub=true&hubv5minorversion=v5.1&hidelb=true&video=v3
music_recognizer: Shazam attempt 1/3 hit an error page (rate limit?); retrying in 1.0s
music_recognizer: Recognized: Bombs Away — Super Soaker (Radio Edit)
music_recognizer: Recognized: Bombs Away — Super Soaker (Radio Edit)
music_recognizer: Recognized: Bombs Away — Super Soaker (Radio Edit)
music_recognizer: Shazam attempt 1/3 hit an error page (rate limit?); retrying in 1.0s
music_recognizer: Shazam attempt 2/3 hit an error page (rate limit?); retrying in 2.0s
music_recognizer: Audio bytes identification failed: Check args, URL is invalid
URL- https://amp.shazam.com/discovery/v5/en/GB/iphone/-/tag/651AB340-32BD-4DCC-B306-F597ABF9E7E4/7BCB8322-FAE2-4871-B702-1652B9F6C6D1?sync=true&webv3=true&sampling=true&connected=&shazamapiversion=v3&sharehub=true&hubv5minorversion=v5.1&hidelb=true&video=v3
music_recognizer: Shazam attempt 1/3 hit an error page (rate limit?); retrying in 1.0s
music_recognizer: Recognized: Bombs Away — Super Soaker (Radio Edit)
music_recognizer: Recognized: Bombs Away — Super Soaker (Radio Edit)
music_recognizer: No match from Shazam
music_recognizer: Shazam attempt 1/3 hit an error page (rate limit?); retrying in 1.0s
music_recognizer: Shazam attempt 2/3 hit an error page (rate limit?); retrying in 2.0s
music_recognizer: Audio bytes identification failed: Check args, URL is invalid
URL- https://amp.shazam.com/discovery/v5/en/GB/iphone/-/tag/76B37AF6-1349-4D51-BF18-5CA45F8CA518/CB3AE9F8-4CD3-457E-9FC4-24FF0C5CAB5C?sync=true&webv3=true&sampling=true&connected=&shazamapiversion=v3&sharehub=true&hubv5minorversion=v5.1&hidelb=true&video=v3
music_recognizer: Shazam attempt 1/3 hit an error page (rate limit?); retrying in 1.0s
music_recognizer: No match from Shazam
music_recognizer: Recognized: Bombs Away — Super Soaker (Radio Edit)
music_recognizer: No match from Shazam
music_recognizer: Shazam attempt 1/3 hit an error page (rate limit?); retrying in 1.0s
music_recognizer: Shazam attempt 2/3 hit an error page (rate limit?); retrying in 2.0s
music_recognizer: Audio bytes identification failed: Check args, URL is invalid
URL- https://amp.shazam.com/discovery/v5/en/GB/iphone/-/tag/E6B0476E-4209-46BD-BBC1-7C1553E74C26/ADB16902-474A-4B58-A0FB-F00A832E5F5C?sync=true&webv3=true&sampling=true&connected=&shazamapiversion=v3&sharehub=true&hubv5minorversion=v5.1&hidelb=true&video=v3
music_recognizer: Shazam attempt 1/3 hit an error page (rate limit?); retrying in 1.0s
music_recognizer: No match from Shazam
music_recognizer: No match from Shazam
music_recognizer: No match from Shazam
music_recognizer: Shazam attempt 1/3 hit an error page (rate limit?); retrying in 1.0s
music_recognizer: Shazam attempt 2/3 hit an error page (rate limit?); retrying in 2.0s
music_recognizer: Shazam attempt 1/3 hit an error page (rate limit?); retrying in 1.0s
music_recognizer: Audio bytes identification failed: Check args, URL is invalid
URL- https://amp.shazam.com/discovery/v5/en/GB/iphone/-/tag/0C42A116-54E4-4FE7-894A-7F95DF00975B/EC720C80-6895-45D8-9CA2-7B415F305414?sync=true&webv3=true&sampling=true&connected=&shazamapiversion=v3&sharehub=true&hubv5minorversion=v5.1&hidelb=true&video=v3
music_recognizer: No match from Shazam
music_recognizer: Recognized: Bombs Away, Peep This & Bounce Inc — Bassline Maniacs
music_recognizer: Recognized: Bombs Away, Peep This & Bounce Inc — Bassline Maniacs
music_recognizer: Shazam attempt 1/3 hit an error page (rate limit?); retrying in 1.0s
music_recognizer: Shazam attempt 2/3 hit an error page (rate limit?); retrying in 2.0s
music_recognizer: Audio bytes identification failed: Check args, URL is invalid
URL- https://amp.shazam.com/discovery/v5/en/GB/iphone/-/tag/38360351-C546-4610-8402-5E4E80E82257/27E55929-3424-4865-AB35-9DD2D30B7B23?sync=true&webv3=true&sampling=true&connected=&shazamapiversion=v3&sharehub=true&hubv5minorversion=v5.1&hidelb=true&video=v3
music_recognizer: Shazam attempt 1/3 hit an error page (rate limit?); retrying in 1.0s
music_recognizer: No match from Shazam
music_recognizer: Recognized: Bombs Away, Peep This & Bounce Inc — Bassline Maniacs
music_recognizer: No match from Shazam
music_recognizer: Shazam attempt 1/3 hit an error page (rate limit?); retrying in 1.0s
music_recognizer: Shazam attempt 2/3 hit an error page (rate limit?); retrying in 2.0s
music_recognizer: Audio bytes identification failed: Check args, URL is invalid
URL- https://amp.shazam.com/discovery/v5/en/GB/iphone/-/tag/921B100A-B7A3-4617-A19E-F73BA8FCCE39/15317B4A-6916-497A-82B3-184D2EBEFDF3?sync=true&webv3=true&sampling=true&connected=&shazamapiversion=v3&sharehub=true&hubv5minorversion=v5.1&hidelb=true&video=v3
music_recognizer: Recognized: Bombs Away, Peep This & Bounce Inc — Bassline Maniacs
music_recognizer: Recognized: Bombs Away, Peep This & Bounce Inc — Bassline Maniacs
music_recognizer: Recognized: Bombs Away, Peep This & Bounce Inc — Bassline Maniacs
music_recognizer: Shazam attempt 1/3 hit an error page (rate limit?); retrying in 1.0s
music_recognizer: Shazam attempt 2/3 hit an error page (rate limit?); retrying in 2.0s
music_recognizer: Audio bytes identification failed: Check args, URL is invalid
URL- https://amp.shazam.com/discovery/v5/en/GB/iphone/-/tag/7CCC372E-61A5-411D-AEB1-EDA5B62EEABA/78B2BBA7-5145-4AB0-AABB-3E75AE343E30?sync=true&webv3=true&sampling=true&connected=&shazamapiversion=v3&sharehub=true&hubv5minorversion=v5.1&hidelb=true&video=v3
music_recognizer: Shazam attempt 1/3 hit an error page (rate limit?); retrying in 1.0s
music_recognizer: No match from Shazam
music_recognizer: No match from Shazam
music_recognizer: No match from Shazam
music_recognizer: Shazam attempt 1/3 hit an error page (rate limit?); retrying in 1.0s
music_recognizer: Shazam attempt 1/3 hit an error page (rate limit?); retrying in 1.0s
music_recognizer: Shazam attempt 2/3 hit an error page (rate limit?); retrying in 2.0s
music_recognizer: Shazam attempt 2/3 hit an error page (rate limit?); retrying in 2.0s
music_recognizer: No match from Shazam
music_recognizer: No match from Shazam
music_recognizer: No match from Shazam
music_recognizer: Shazam attempt 1/3 hit an error page (rate limit?); retrying in 1.0s
music_recognizer: Shazam attempt 2/3 hit an error page (rate limit?); retrying in 2.0s
music_recognizer: Shazam attempt 1/3 hit an error page (rate limit?); retrying in 1.0s
music_recognizer: Audio bytes identification failed: Check args, URL is invalid
URL- https://amp.shazam.com/discovery/v5/en/GB/iphone/-/tag/292DE942-F9D0-45EB-8492-2ED0267B3B66/A86FFB26-5750-4D35-A4A1-F80300CC4FE9?sync=true&webv3=true&sampling=true&connected=&shazamapiversion=v3&sharehub=true&hubv5minorversion=v5.1&hidelb=true&video=v3
music_recognizer: Shazam attempt 2/3 hit an error page (rate limit?); retrying in 2.0s
music_recognizer: Recognized: Hyper Crush — Rage
music_recognizer: No match from Shazam
music_recognizer: No match from Shazam
music_recognizer: Shazam attempt 1/3 hit an error page (rate limit?); retrying in 1.0s
music_recognizer: Shazam attempt 1/3 hit an error page (rate limit?); retrying in 1.0s
music_recognizer: Shazam attempt 2/3 hit an error page (rate limit?); retrying in 2.0s
music_recognizer: Shazam attempt 2/3 hit an error page (rate limit?); retrying in 2.0s
music_recognizer: No match from Shazam
music_recognizer: Recognized: Hyper Crush — Rage
music_recognizer: No match from Shazam
music_recognizer: Shazam attempt 1/3 hit an error page (rate limit?); retrying in 1.0s
music_recognizer: Shazam attempt 2/3 hit an error page (rate limit?); retrying in 2.0s
music_recognizer: Shazam attempt 1/3 hit an error page (rate limit?); retrying in 1.0s
music_recognizer: Audio bytes identification failed: Check args, URL is invalid
URL- https://amp.shazam.com/discovery/v5/en/GB/iphone/-/tag/97A1714A-3298-423A-BB5A-AA4E8AFAFDB6/C9BC98FD-87FD-4832-AFF2-A0C5B21E86C7?sync=true&webv3=true&sampling=true&connected=&shazamapiversion=v3&sharehub=true&hubv5minorversion=v5.1&hidelb=true&video=v3
music_recognizer: Shazam attempt 2/3 hit an error page (rate limit?); retrying in 2.0s
music_recognizer: Recognized: Hyper Crush — Rage
music_recognizer: Recognized: Hyper Crush — Rage
music_recognizer: Recognized: Hyper Crush — Rage
music_recognizer: Shazam attempt 1/3 hit an error page (rate limit?); retrying in 1.0s
music_recognizer: Shazam attempt 2/3 hit an error page (rate limit?); retrying in 2.0s
music_recognizer: Audio bytes identification failed: Check args, URL is invalid
URL- https://amp.shazam.com/discovery/v5/en/GB/iphone/-/tag/C356EFE3-2B62-4552-83A3-372B7FBE1596/010192FF-61B5-441C-AEF3-6009B43D2051?sync=true&webv3=true&sampling=true&connected=&shazamapiversion=v3&sharehub=true&hubv5minorversion=v5.1&hidelb=true&video=v3
music_recognizer: Shazam attempt 1/3 hit an error page (rate limit?); retrying in 1.0s
music_recognizer: No match from Shazam
music_recognizer: No match from Shazam
music_recognizer: Recognized: Eric Prydz — Call on Me (Radio Mix)
mood_orchestrator: Mood generation failed for 'eric prydz||call on me (radio mix)||call on me (remixes) - ep': Effect 68 is not allowed. Safe effects: 2=Breathe, 8=Colorloop, 9=Rainbow, 12=Fade, 28=Chase, 30=Chase Rainbow, 33=Rainbow Runner, 37=Chase 2, 52=Running Dual, 54=Chase 3, 62=Oscillate, 63=Pride 2015, 64=Juggle, 67=Colorwaves, 74=Lake, 76=Meteor Smooth, 90=Sinelon, 92=Sinelon Rainbow, 98=Pacifica, 105=Sine, 108=Flow, 115=Drift Rose, 120=Waving Cell, 122=Pixelwave, 130=Waterfall, 162=Drift, 163=Waverly, 172=Swirl, 179=Flow Stripe, 183=Wavesins.; using ambient.
music_recognizer: Shazam attempt 1/3 hit an error page (rate limit?); retrying in 1.0s
music_recognizer: Shazam attempt 2/3 hit an error page (rate limit?); retrying in 2.0s
music_recognizer: Shazam attempt 1/3 hit an error page (rate limit?); retrying in 1.0s
music_recognizer: Audio bytes identification failed: Check args, URL is invalid
URL- https://amp.shazam.com/discovery/v5/en/GB/iphone/-/tag/EF20DD5C-EC4F-4B44-8FAE-1D3C4213A32C/B0A729FB-D4B2-4F75-BEED-AD25B4AF23BC?sync=true&webv3=true&sampling=true&connected=&shazamapiversion=v3&sharehub=true&hubv5minorversion=v5.1&hidelb=true&video=v3
music_recognizer: Recognized: Eric Prydz — Call on Me (Radio Mix)
music_recognizer: Recognized: Eric Prydz — Call on Me (Radio Mix)
music_recognizer: Recognized: Eric Prydz — Call on Me (Radio Mix)
music_recognizer: Shazam attempt 1/3 hit an error page (rate limit?); retrying in 1.0s
music_recognizer: Shazam attempt 2/3 hit an error page (rate limit?); retrying in 2.0s
music_recognizer: Audio bytes identification failed: Check args, URL is invalid
URL- https://amp.shazam.com/discovery/v5/en/GB/iphone/-/tag/F87AE63D-5793-407C-B9AD-3474BF59D97A/B7546894-45BC-4975-A736-12B13F92A36A?sync=true&webv3=true&sampling=true&connected=&shazamapiversion=v3&sharehub=true&hubv5minorversion=v5.1&hidelb=true&video=v3
music_recognizer: Shazam attempt 1/3 hit an error page (rate limit?); retrying in 1.0s
music_recognizer: Shazam attempt 2/3 hit an error page (rate limit?); retrying in 2.0s
music_recognizer: Recognized: Eric Prydz — Call on Me (Radio Mix)
music_recognizer: Recognized: Eric Prydz — Call on Me (Radio Mix)
music_recognizer: Recognized: Eric Prydz — Call on Me (Radio Mix)
music_recognizer: Shazam attempt 1/3 hit an error page (rate limit?); retrying in 1.0s
music_recognizer: Shazam attempt 2/3 hit an error page (rate limit?); retrying in 2.0s
music_recognizer: Audio bytes identification failed: Check args, URL is invalid
URL- https://amp.shazam.com/discovery/v5/en/GB/iphone/-/tag/69FE8FEE-906A-46C8-8FFA-565B19228433/B713327D-173C-4F5F-9A0D-D5A3D2AFFA26?sync=true&webv3=true&sampling=true&connected=&shazamapiversion=v3&sharehub=true&hubv5minorversion=v5.1&hidelb=true&video=v3
music_recognizer: Shazam attempt 1/3 hit an error page (rate limit?); retrying in 1.0s
music_recognizer: No match from Shazam
music_recognizer: No match from Shazam
music_recognizer: No match from Shazam
music_recognizer: Shazam attempt 1/3 hit an error page (rate limit?); retrying in 1.0s
music_recognizer: Shazam attempt 2/3 hit an error page (rate limit?); retrying in 2.0s
music_recognizer: Shazam attempt 1/3 hit an error page (rate limit?); retrying in 1.0s
music_recognizer: Audio bytes identification failed: Check args, URL is invalid
URL- https://amp.shazam.com/discovery/v5/en/GB/iphone/-/tag/FBDB08F0-6D87-4241-8698-D819AE60E30A/2832B843-4BF2-4304-9997-5FF5ED967665?sync=true&webv3=true&sampling=true&connected=&shazamapiversion=v3&sharehub=true&hubv5minorversion=v5.1&hidelb=true&video=v3
music_recognizer: No match from Shazam
music_recognizer: No match from Shazam
music_recognizer: No match from Shazam
music_recognizer: Shazam attempt 1/3 hit an error page (rate limit?); retrying in 1.0s
music_recognizer: Shazam attempt 2/3 hit an error page (rate limit?); retrying in 2.0s
music_recognizer: Shazam attempt 1/3 hit an error page (rate limit?); retrying in 1.0s
music_recognizer: Audio bytes identification failed: Check args, URL is invalid
URL- https://amp.shazam.com/discovery/v5/en/GB/iphone/-/tag/7351E33D-2F27-42E6-9BE8-F04452ACEB5F/D17232CF-425B-4EEA-B529-45FDAC9BEC37?sync=true&webv3=true&sampling=true&connected=&shazamapiversion=v3&sharehub=true&hubv5minorversion=v5.1&hidelb=true&video=v3
music_recognizer: No match from Shazam
music_recognizer: No match from Shazam
music_recognizer: Recognized: Mr G Feat. Blondewearingblack — Precious Cargo (Mr Gs Out Dub)
music_recognizer: Shazam attempt 1/3 hit an error page (rate limit?); retrying in 1.0s
music_recognizer: Shazam attempt 2/3 hit an error page (rate limit?); retrying in 2.0s
music_recognizer: Shazam attempt 1/3 hit an error page (rate limit?); retrying in 1.0s
music_recognizer: Audio bytes identification failed: Check args, URL is invalid
URL- https://amp.shazam.com/discovery/v5/en/GB/iphone/-/tag/6D685CA9-752A-486B-B287-04C80BDC8CD3/0A3EEFFD-E865-4173-B638-874EBE33AD7F?sync=true&webv3=true&sampling=true&connected=&shazamapiversion=v3&sharehub=true&hubv5minorversion=v5.1&hidelb=true&video=v3
music_recognizer: No match from Shazam
music_recognizer: No match from Shazam
music_recognizer: No match from Shazam
music_recognizer: Shazam attempt 1/3 hit an error page (rate limit?); retrying in 1.0s
music_recognizer: Shazam attempt 2/3 hit an error page (rate limit?); retrying in 2.0s
music_recognizer: Shazam attempt 1/3 hit an error page (rate limit?); retrying in 1.0s
music_recognizer: Audio bytes identification failed: Check args, URL is invalid
URL- https://amp.shazam.com/discovery/v5/en/GB/iphone/-/tag/84CC9A1C-E5EA-4022-B563-B78C277501A8/25A6B003-BE2F-4143-8177-80A1C272A428?sync=true&webv3=true&sampling=true&connected=&shazamapiversion=v3&sharehub=true&hubv5minorversion=v5.1&hidelb=true&video=v3
music_recognizer: No match from Shazam
music_recognizer: Recognized: Boney M. — Rasputin
music_recognizer: Recognized: Majestic & Boney M. — Rasputin (Majestic Club VIP Remix)
mood_orchestrator: Mood generation failed for 'majestic & boney m.||rasputin (majestic club vip remix)||rasputin (remixes) - single': Effect 68 is not allowed. Safe effects: 2=Breathe, 8=Colorloop, 9=Rainbow, 12=Fade, 28=Chase, 30=Chase Rainbow, 33=Rainbow Runner, 37=Chase 2, 52=Running Dual, 54=Chase 3, 62=Oscillate, 63=Pride 2015, 64=Juggle, 67=Colorwaves, 74=Lake, 76=Meteor Smooth, 90=Sinelon, 92=Sinelon Rainbow, 98=Pacifica, 105=Sine, 108=Flow, 115=Drift Rose, 120=Waving Cell, 122=Pixelwave, 130=Waterfall, 162=Drift, 163=Waverly, 172=Swirl, 179=Flow Stripe, 183=Wavesins.; using ambient.
music_recognizer: Shazam attempt 1/3 hit an error page (rate limit?); retrying in 1.0s
music_recognizer: Shazam attempt 2/3 hit an error page (rate limit?); retrying in 2.0s
music_recognizer: Audio bytes identification failed: Check args, URL is invalid
URL- https://amp.shazam.com/discovery/v5/en/GB/iphone/-/tag/07F3DB46-A5B8-4571-AE91-21EC469729B4/B9751068-F8CB-4572-A694-F8EB8B4F0642?sync=true&webv3=true&sampling=true&connected=&shazamapiversion=v3&sharehub=true&hubv5minorversion=v5.1&hidelb=true&video=v3
music_recognizer: Shazam attempt 1/3 hit an error page (rate limit?); retrying in 1.0s
music_recognizer: No match from Shazam
music_recognizer: No match from Shazam
music_recognizer: No match from Shazam
music_recognizer: Shazam attempt 1/3 hit an error page (rate limit?); retrying in 1.0s
music_recognizer: Shazam attempt 2/3 hit an error page (rate limit?); retrying in 2.0s
music_recognizer: Shazam attempt 1/3 hit an error page (rate limit?); retrying in 1.0s
music_recognizer: Audio bytes identification failed: Check args, URL is invalid
URL- https://amp.shazam.com/discovery/v5/en/GB/iphone/-/tag/36F7C4BC-42D1-4A57-B09E-30BD1AF70857/6AE79D9E-CD25-4898-86AC-256B38F7CC10?sync=true&webv3=true&sampling=true&connected=&shazamapiversion=v3&sharehub=true&hubv5minorversion=v5.1&hidelb=true&video=v3
music_recognizer: No match from Shazam
music_recognizer: Recognized: Majestic & Boney M. — Rasputin
music_recognizer: Recognized: Boney M. — Rasputin
music_recognizer: Shazam attempt 1/3 hit an error page (rate limit?); retrying in 1.0s
music_recognizer: Shazam attempt 1/3 hit an error page (rate limit?); retrying in 1.0s
music_recognizer: Shazam attempt 2/3 hit an error page (rate limit?); retrying in 2.0s
music_recognizer: Shazam attempt 2/3 hit an error page (rate limit?); retrying in 2.0s
music_recognizer: Recognized: Majestic & Boney M. — Rasputin
music_recognizer: Recognized: Boney M. — Rasputin
music_recognizer: Recognized: The Chainsmokers — #SELFIE
music_recognizer: Shazam attempt 1/3 hit an error page (rate limit?); retrying in 1.0s
music_recognizer: Shazam attempt 2/3 hit an error page (rate limit?); retrying in 2.0s
music_recognizer: Audio bytes identification failed: Check args, URL is invalid
URL- https://amp.shazam.com/discovery/v5/en/GB/iphone/-/tag/186C83D3-7776-4DE2-8D91-C4CE7A3219B2/44B0019B-4E71-4FCA-8695-63A62D7F133F?sync=true&webv3=true&sampling=true&connected=&shazamapiversion=v3&sharehub=true&hubv5minorversion=v5.1&hidelb=true&video=v3
music_recognizer: Shazam attempt 1/3 hit an error page (rate limit?); retrying in 1.0s
music_recognizer: Shazam attempt 2/3 hit an error page (rate limit?); retrying in 2.0s
music_recognizer: Recognized: The Chainsmokers — #SELFIE
music_recognizer: Recognized: The Chainsmokers — #SELFIE
music_recognizer: Recognized: The Chainsmokers — #SELFIE
music_recognizer: Shazam attempt 1/3 hit an error page (rate limit?); retrying in 1.0s
music_recognizer: Shazam attempt 2/3 hit an error page (rate limit?); retrying in 2.0s
music_recognizer: Audio bytes identification failed: Check args, URL is invalid
URL- https://amp.shazam.com/discovery/v5/en/GB/iphone/-/tag/85ECAF40-C3EF-46C2-8832-2AE2AFF3B9D3/2AE80315-29AE-4A8D-8130-27060FA78930?sync=true&webv3=true&sampling=true&connected=&shazamapiversion=v3&sharehub=true&hubv5minorversion=v5.1&hidelb=true&video=v3
music_recognizer: Shazam attempt 1/3 hit an error page (rate limit?); retrying in 1.0s
music_recognizer: Recognized: The Chainsmokers — #SELFIE
music_recognizer: Recognized: The Chainsmokers — #SELFIE
music_recognizer: Recognized: The Chainsmokers — #SELFIE
music_recognizer: Shazam attempt 1/3 hit an error page (rate limit?); retrying in 1.0s
music_recognizer: Shazam attempt 2/3 hit an error page (rate limit?); retrying in 2.0s
music_recognizer: Audio bytes identification failed: Check args, URL is invalid
URL- https://amp.shazam.com/discovery/v5/en/GB/iphone/-/tag/B0AAE59A-C853-4301-9519-3B4AAA0BC06C/9F327C1A-1568-40EE-A6BD-FD0E2F5C999E?sync=true&webv3=true&sampling=true&connected=&shazamapiversion=v3&sharehub=true&hubv5minorversion=v5.1&hidelb=true&video=v3
music_recognizer: No match from Shazam
music_recognizer: No match from Shazam
music_recognizer: Recognized: Skrillex & Damian "Jr. Gong" Marley — Make It Bun Dem
music_recognizer: Shazam attempt 1/3 hit an error page (rate limit?); retrying in 1.0s
music_recognizer: Shazam attempt 2/3 hit an error page (rate limit?); retrying in 2.0s
music_recognizer: Audio bytes identification failed: Check args, URL is invalid
URL- https://amp.shazam.com/discovery/v5/en/GB/iphone/-/tag/9BEFE3A8-A77D-40C3-9603-E630F8A1BF57/D5C08750-139A-45EC-8B6B-EB024B5537D9?sync=true&webv3=true&sampling=true&connected=&shazamapiversion=v3&sharehub=true&hubv5minorversion=v5.1&hidelb=true&video=v3
music_recognizer: Shazam attempt 1/3 hit an error page (rate limit?); retrying in 1.0s
music_recognizer: No match from Shazam
music_recognizer: Recognized: Skrillex & Damian "Jr. Gong" Marley — Make It Bun Dem
music_recognizer: Recognized: Skrillex & Damian "Jr. Gong" Marley — Make It Bun Dem
music_recognizer: Shazam attempt 1/3 hit an error page (rate limit?); retrying in 1.0s
music_recognizer: Shazam attempt 2/3 hit an error page (rate limit?); retrying in 2.0s
music_recognizer: Audio bytes identification failed: Check args, URL is invalid
URL- https://amp.shazam.com/discovery/v5/en/GB/iphone/-/tag/2D854ED5-6D9B-4132-9BB4-92EDAA855E30/9076217A-53F5-44BC-98A5-781632C4A7F9?sync=true&webv3=true&sampling=true&connected=&shazamapiversion=v3&sharehub=true&hubv5minorversion=v5.1&hidelb=true&video=v3
music_recognizer: Shazam attempt 1/3 hit an error page (rate limit?); retrying in 1.0s
music_recognizer: Recognized: Skrillex & Damian "Jr. Gong" Marley — Make It Bun Dem
music_recognizer: Recognized: Skrillex & Damian "Jr. Gong" Marley — Make It Bun Dem
music_recognizer: Recognized: Skrillex & Damian "Jr. Gong" Marley — Make It Bun Dem
music_recognizer: Shazam attempt 1/3 hit an error page (rate limit?); retrying in 1.0s
music_recognizer: Shazam attempt 2/3 hit an error page (rate limit?); retrying in 2.0s
music_recognizer: Audio bytes identification failed: Check args, URL is invalid
URL- https://amp.shazam.com/discovery/v5/en/GB/iphone/-/tag/12005B76-C3AB-4043-8B62-100CAF2C70A4/5AA0AB3F-2089-41E6-AC49-2F58CC011198?sync=true&webv3=true&sampling=true&connected=&shazamapiversion=v3&sharehub=true&hubv5minorversion=v5.1&hidelb=true&video=v3
music_recognizer: Recognized: King of Bass — Finale Nationize
music_recognizer: No match from Shazam
music_recognizer: No match from Shazam
music_recognizer: Shazam attempt 1/3 hit an error page (rate limit?); retrying in 1.0s
music_recognizer: Shazam attempt 2/3 hit an error page (rate limit?); retrying in 2.0s
music_recognizer: Audio bytes identification failed: Check args, URL is invalid
URL- https://amp.shazam.com/discovery/v5/en/GB/iphone/-/tag/58389DAE-24BB-4C2E-BE60-A56D7C79C988/6C9CB874-D4CC-48F3-BAAC-5017F32690BF?sync=true&webv3=true&sampling=true&connected=&shazamapiversion=v3&sharehub=true&hubv5minorversion=v5.1&hidelb=true&video=v3
music_recognizer: Shazam attempt 1/3 hit an error page (rate limit?); retrying in 1.0s
music_recognizer: No match from Shazam
music_recognizer: Recognized: Bombs Away — Gimme That
music_recognizer: No match from Shazam
music_recognizer: Shazam attempt 1/3 hit an error page (rate limit?); retrying in 1.0s
music_recognizer: Shazam attempt 2/3 hit an error page (rate limit?); retrying in 2.0s
music_recognizer: Audio bytes identification failed: Check args, URL is invalid
URL- https://amp.shazam.com/discovery/v5/en/GB/iphone/-/tag/4B772F4F-0A47-42BE-9EF5-EF52C9C25421/4680E3B3-4BD1-4BE3-AFAB-882B4BD03881?sync=true&webv3=true&sampling=true&connected=&shazamapiversion=v3&sharehub=true&hubv5minorversion=v5.1&hidelb=true&video=v3
music_recognizer: Shazam attempt 1/3 hit an error page (rate limit?); retrying in 1.0s
music_recognizer: No match from Shazam
music_recognizer: No match from Shazam
music_recognizer: Recognized: Bombs Away — Gimme That
mood_orchestrator: Mood generation failed for 'bombs away||gimme that||gimme that - single': Effect 68 is not allowed. Safe effects: 2=Breathe, 8=Colorloop, 9=Rainbow, 12=Fade, 28=Chase, 30=Chase Rainbow, 33=Rainbow Runner, 37=Chase 2, 52=Running Dual, 54=Chase 3, 62=Oscillate, 63=Pride 2015, 64=Juggle, 67=Colorwaves, 74=Lake, 76=Meteor Smooth, 90=Sinelon, 92=Sinelon Rainbow, 98=Pacifica, 105=Sine, 108=Flow, 115=Drift Rose, 120=Waving Cell, 122=Pixelwave, 130=Waterfall, 162=Drift, 163=Waverly, 172=Swirl, 179=Flow Stripe, 183=Wavesins.; using ambient.
music_recognizer: Shazam attempt 1/3 hit an error page (rate limit?); retrying in 1.0s
music_recognizer: Shazam attempt 2/3 hit an error page (rate limit?); retrying in 2.0s
music_recognizer: Shazam attempt 1/3 hit an error page (rate limit?); retrying in 1.0s
music_recognizer: Audio bytes identification failed: Check args, URL is invalid
URL- https://amp.shazam.com/discovery/v5/en/GB/iphone/-/tag/C0909CB4-C276-4C8B-8A17-EA8A6430F345/E3805DF5-73ED-4170-871B-F371B04490EB?sync=true&webv3=true&sampling=true&connected=&shazamapiversion=v3&sharehub=true&hubv5minorversion=v5.1&hidelb=true&video=v3
music_recognizer: Recognized: Bombs Away — Gimme That
music_recognizer: Recognized: Bombs Away — Gimme That
music_recognizer: Recognized: Bombs Away — Gimme That
music_recognizer: Shazam attempt 1/3 hit an error page (rate limit?); retrying in 1.0s
music_recognizer: Shazam attempt 2/3 hit an error page (rate limit?); retrying in 2.0s
music_recognizer: Audio bytes identification failed: Check args, URL is invalid
URL- https://amp.shazam.com/discovery/v5/en/GB/iphone/-/tag/924B4E23-E678-490F-88FE-C2DFB00C5438/E7E6F557-4A02-40E4-8ED8-B2D49E075A3F?sync=true&webv3=true&sampling=true&connected=&shazamapiversion=v3&sharehub=true&hubv5minorversion=v5.1&hidelb=true&video=v3
music_recognizer: Shazam attempt 1/3 hit an error page (rate limit?); retrying in 1.0s
music_recognizer: No match from Shazam
music_recognizer: No match from Shazam
music_recognizer: Recognized: Bombs Away — Gimme That
music_recognizer: Shazam attempt 1/3 hit an error page (rate limit?); retrying in 1.0s
music_recognizer: Shazam attempt 2/3 hit an error page (rate limit?); retrying in 2.0s
music_recognizer: Shazam attempt 1/3 hit an error page (rate limit?); retrying in 1.0s
music_recognizer: Audio bytes identification failed: Check args, URL is invalid
URL- https://amp.shazam.com/discovery/v5/en/GB/iphone/-/tag/4126A28A-D761-4333-8826-889E525B16CE/AE6BBCBA-771B-4C0B-B346-908582C3042F?sync=true&webv3=true&sampling=true&connected=&shazamapiversion=v3&sharehub=true&hubv5minorversion=v5.1&hidelb=true&video=v3
music_recognizer: No match from Shazam
music_recognizer: Recognized: Bombs Away — Gimme That
music_recognizer: Recognized: Bombs Away — Gimme That
music_recognizer: Shazam attempt 1/3 hit an error page (rate limit?); retrying in 1.0s
music_recognizer: Shazam attempt 1/3 hit an error page (rate limit?); retrying in 1.0s
music_recognizer: Shazam attempt 2/3 hit an error page (rate limit?); retrying in 2.0s
music_recognizer: Shazam attempt 2/3 hit an error page (rate limit?); retrying in 2.0s
music_recognizer: No match from Shazam
music_recognizer: No match from Shazam
music_recognizer: No match from Shazam
music_recognizer: Shazam attempt 1/3 hit an error page (rate limit?); retrying in 1.0s
music_recognizer: Shazam attempt 2/3 hit an error page (rate limit?); retrying in 2.0s
music_recognizer: Shazam attempt 1/3 hit an error page (rate limit?); retrying in 1.0s
music_recognizer: Audio bytes identification failed: Check args, URL is invalid
URL- https://amp.shazam.com/discovery/v5/en/GB/iphone/-/tag/76452779-4B18-4092-A00D-0EE1EA4A6CAC/C981B9D7-FA44-40BF-B282-54019FA70F91?sync=true&webv3=true&sampling=true&connected=&shazamapiversion=v3&sharehub=true&hubv5minorversion=v5.1&hidelb=true&video=v3
music_recognizer: Shazam attempt 2/3 hit an error page (rate limit?); retrying in 2.0s
music_recognizer: No match from Shazam
music_recognizer: No match from Shazam
music_recognizer: No match from Shazam
music_recognizer: Shazam attempt 1/3 hit an error page (rate limit?); retrying in 1.0s
music_recognizer: Shazam attempt 1/3 hit an error page (rate limit?); retrying in 1.0s
music_recognizer: Shazam attempt 2/3 hit an error page (rate limit?); retrying in 2.0s
music_recognizer: Shazam attempt 2/3 hit an error page (rate limit?); retrying in 2.0s
music_recognizer: No match from Shazam
music_recognizer: No match from Shazam
music_recognizer: No match from Shazam
music_recognizer: Shazam attempt 1/3 hit an error page (rate limit?); retrying in 1.0s
music_recognizer: Shazam attempt 2/3 hit an error page (rate limit?); retrying in 2.0s
music_recognizer: Shazam attempt 1/3 hit an error page (rate limit?); retrying in 1.0s
music_recognizer: Audio bytes identification failed: Check args, URL is invalid
URL- https://amp.shazam.com/discovery/v5/en/GB/iphone/-/tag/DD7F0C0A-D547-421D-9C34-56FE652C7C64/D15E8008-D3A3-4FCE-B264-F018F8040DF0?sync=true&webv3=true&sampling=true&connected=&shazamapiversion=v3&sharehub=true&hubv5minorversion=v5.1&hidelb=true&video=v3
music_recognizer: Shazam attempt 2/3 hit an error page (rate limit?); retrying in 2.0s
music_recognizer: No match from Shazam
music_recognizer: Recognized: Bombs Away — Everybody Stand Up (Radio Edit) [feat. Luciana]
music_recognizer: No match from Shazam
music_recognizer: Shazam attempt 1/3 hit an error page (rate limit?); retrying in 1.0s
music_recognizer: Shazam attempt 1/3 hit an error page (rate limit?); retrying in 1.0s
music_recognizer: Shazam attempt 2/3 hit an error page (rate limit?); retrying in 2.0s
music_recognizer: Shazam attempt 2/3 hit an error page (rate limit?); retrying in 2.0s
music_recognizer: No match from Shazam
music_recognizer: No match from Shazam
music_recognizer: No match from Shazam
music_recognizer: Shazam attempt 1/3 hit an error page (rate limit?); retrying in 1.0s
music_recognizer: Shazam attempt 2/3 hit an error page (rate limit?); retrying in 2.0s
music_recognizer: Shazam attempt 1/3 hit an error page (rate limit?); retrying in 1.0s
music_recognizer: Audio bytes identification failed: Check args, URL is invalid
URL- https://amp.shazam.com/discovery/v5/en/GB/iphone/-/tag/1201237D-4764-46FA-B08C-53FE47DF915F/4A19AFA9-BFAF-4118-A26A-A328665CEB75?sync=true&webv3=true&sampling=true&connected=&shazamapiversion=v3&sharehub=true&hubv5minorversion=v5.1&hidelb=true&video=v3
music_recognizer: Shazam attempt 2/3 hit an error page (rate limit?); retrying in 2.0s
music_recognizer: No match from Shazam
music_recognizer: No match from Shazam
music_recognizer: No match from Shazam
music_recognizer: Shazam attempt 1/3 hit an error page (rate limit?); retrying in 1.0s
music_recognizer: Shazam attempt 1/3 hit an error page (rate limit?); retrying in 1.0s
music_recognizer: Shazam attempt 2/3 hit an error page (rate limit?); retrying in 2.0s
music_recognizer: Shazam attempt 2/3 hit an error page (rate limit?); retrying in 2.0s
music_recognizer: No match from Shazam
music_recognizer: Recognized: Bombs Away — Party Bass (feat. The Twins)
music_recognizer: Recognized: Bombs Away — Party Bass (feat. The Twins)
music_recognizer: Shazam attempt 1/3 hit an error page (rate limit?); retrying in 1.0s
music_recognizer: Shazam attempt 2/3 hit an error page (rate limit?); retrying in 2.0s
music_recognizer: Audio bytes identification failed: Check args, URL is invalid
URL- https://amp.shazam.com/discovery/v5/en/GB/iphone/-/tag/F70F8CA2-AF1E-4281-B18E-9426C94E1546/DF4A0096-CFA1-4C43-A90D-5C1C9DCFBBE7?sync=true&webv3=true&sampling=true&connected=&shazamapiversion=v3&sharehub=true&hubv5minorversion=v5.1&hidelb=true&video=v3
music_recognizer: Shazam attempt 1/3 hit an error page (rate limit?); retrying in 1.0s
music_recognizer: Shazam attempt 2/3 hit an error page (rate limit?); retrying in 2.0s
music_recognizer: No match from Shazam
music_recognizer: No match from Shazam
music_recognizer: No match from Shazam
music_recognizer: Shazam attempt 1/3 hit an error page (rate limit?); retrying in 1.0s
music_recognizer: Shazam attempt 2/3 hit an error page (rate limit?); retrying in 2.0s
music_recognizer: Shazam attempt 1/3 hit an error page (rate limit?); retrying in 1.0s
music_recognizer: Audio bytes identification failed: Check args, URL is invalid
URL- https://amp.shazam.com/discovery/v5/en/GB/iphone/-/tag/DF50E0DC-D0EC-4E76-9522-4335641AD960/A2551F69-6107-4093-8923-6FA0E5834491?sync=true&webv3=true&sampling=true&connected=&shazamapiversion=v3&sharehub=true&hubv5minorversion=v5.1&hidelb=true&video=v3
music_recognizer: No match from Shazam
music_recognizer: Recognized: Bombs Away — Swagger
music_recognizer: No match from Shazam
music_recognizer: Shazam attempt 1/3 hit an error page (rate limit?); retrying in 1.0s
music_recognizer: Shazam attempt 2/3 hit an error page (rate limit?); retrying in 2.0s
music_recognizer: Audio bytes identification failed: Check args, URL is invalid
URL- https://amp.shazam.com/discovery/v5/en/GB/iphone/-/tag/C349E5D9-5D09-4D70-86EF-9BA3DACBF354/17DC9270-CE2A-44CF-975B-C0E8FF6ED7BD?sync=true&webv3=true&sampling=true&connected=&shazamapiversion=v3&sharehub=true&hubv5minorversion=v5.1&hidelb=true&video=v3
music_recognizer: Shazam attempt 1/3 hit an error page (rate limit?); retrying in 1.0s
music_recognizer: No match from Shazam
music_recognizer: Recognized: Bombs Away — Swagger
music_recognizer: No match from Shazam
music_recognizer: Shazam attempt 1/3 hit an error page (rate limit?); retrying in 1.0s
music_recognizer: Shazam attempt 2/3 hit an error page (rate limit?); retrying in 2.0s
music_recognizer: Audio bytes identification failed: Check args, URL is invalid
URL- https://amp.shazam.com/discovery/v5/en/GB/iphone/-/tag/B4BC69DE-1352-4AF4-88EF-D9EF555BB123/F90ED1EE-D95A-48B4-82D9-ACF3512F9F1D?sync=true&webv3=true&sampling=true&connected=&shazamapiversion=v3&sharehub=true&hubv5minorversion=v5.1&hidelb=true&video=v3
music_recognizer: No match from Shazam
music_recognizer: No match from Shazam
music_recognizer: No match from Shazam
music_recognizer: Shazam attempt 1/3 hit an error page (rate limit?); retrying in 1.0s
music_recognizer: Shazam attempt 2/3 hit an error page (rate limit?); retrying in 2.0s
music_recognizer: Audio bytes identification failed: Check args, URL is invalid
URL- https://amp.shazam.com/discovery/v5/en/GB/iphone/-/tag/0889F0FA-61E9-4D65-AD90-78189193E13F/7BB22CCA-C814-488A-AB0F-11030A3F83CE?sync=true&webv3=true&sampling=true&connected=&shazamapiversion=v3&sharehub=true&hubv5minorversion=v5.1&hidelb=true&video=v3
music_recognizer: Shazam attempt 1/3 hit an error page (rate limit?); retrying in 1.0s
music_recognizer: No match from Shazam
music_recognizer: No match from Shazam
music_recognizer: No match from Shazam
music_recognizer: Shazam attempt 1/3 hit an error page (rate limit?); retrying in 1.0s
music_recognizer: Shazam attempt 2/3 hit an error page (rate limit?); retrying in 2.0s
music_recognizer: Shazam attempt 1/3 hit an error page (rate limit?); retrying in 1.0s
music_recognizer: Audio bytes identification failed: Check args, URL is invalid
URL- https://amp.shazam.com/discovery/v5/en/GB/iphone/-/tag/2C74B218-FB7A-4D72-AD1A-4AB3A9DB54A6/F8236013-897F-45DC-AF59-24B0F38D2A8C?sync=true&webv3=true&sampling=true&connected=&shazamapiversion=v3&sharehub=true&hubv5minorversion=v5.1&hidelb=true&video=v3
music_recognizer: No match from Shazam
music_recognizer: Recognized: Elley Duhé & Whethan — MONEY ON THE DASH
music_recognizer: Recognized: Elley Duhé & Whethan — MONEY ON THE DASH
music_recognizer: Shazam attempt 1/3 hit an error page (rate limit?); retrying in 1.0s
music_recognizer: Shazam attempt 2/3 hit an error page (rate limit?); retrying in 2.0s
music_recognizer: Audio bytes identification failed: Check args, URL is invalid
URL- https://amp.shazam.com/discovery/v5/en/GB/iphone/-/tag/DEEE78B2-A3AB-4060-9A3B-449697E0907F/7E31BFC1-3B22-4385-8D9A-D20B405A8647?sync=true&webv3=true&sampling=true&connected=&shazamapiversion=v3&sharehub=true&hubv5minorversion=v5.1&hidelb=true&video=v3
music_recognizer: Shazam attempt 1/3 hit an error page (rate limit?); retrying in 1.0s
music_recognizer: Recognized: Elley Duhé & Whethan — MONEY ON THE DASH
music_recognizer: Recognized: Elley Duhé & Whethan — MONEY ON THE DASH
music_recognizer: Recognized: Elley Duhé & Whethan — MONEY ON THE DASH
music_recognizer: Shazam attempt 1/3 hit an error page (rate limit?); retrying in 1.0s
music_recognizer: Shazam attempt 2/3 hit an error page (rate limit?); retrying in 2.0s
music_recognizer: Audio bytes identification failed: Check args, URL is invalid
URL- https://amp.shazam.com/discovery/v5/en/GB/iphone/-/tag/AF79DFEB-8063-4EB6-8702-95F45FC5DF04/39A08425-79F0-491E-BCF8-4E5948791EB5?sync=true&webv3=true&sampling=true&connected=&shazamapiversion=v3&sharehub=true&hubv5minorversion=v5.1&hidelb=true&video=v3
music_recognizer: No match from Shazam
music_recognizer: No match from Shazam
music_recognizer: Recognized: Bombs Away & Dan Absent — Samurai Bounce (Dimatik Mix)
music_recognizer: Shazam attempt 1/3 hit an error page (rate limit?); retrying in 1.0s
music_recognizer: Shazam attempt 2/3 hit an error page (rate limit?); retrying in 2.0s
music_recognizer: Audio bytes identification failed: Check args, URL is invalid
URL- https://amp.shazam.com/discovery/v5/en/GB/iphone/-/tag/08AE3E30-D712-4FD2-89D7-75E5A72EB847/AAADD743-99E2-49A3-AD04-B4618DDF0F31?sync=true&webv3=true&sampling=true&connected=&shazamapiversion=v3&sharehub=true&hubv5minorversion=v5.1&hidelb=true&video=v3
music_recognizer: Shazam attempt 1/3 hit an error page (rate limit?); retrying in 1.0s
music_recognizer: No match from Shazam
music_recognizer: No match from Shazam
music_recognizer: No match from Shazam
music_recognizer: Shazam attempt 1/3 hit an error page (rate limit?); retrying in 1.0s
music_recognizer: Shazam attempt 2/3 hit an error page (rate limit?); retrying in 2.0s
music_recognizer: Shazam attempt 1/3 hit an error page (rate limit?); retrying in 1.0s
music_recognizer: Audio bytes identification failed: Check args, URL is invalid
URL- https://amp.shazam.com/discovery/v5/en/GB/iphone/-/tag/9D65D468-7C2F-4A24-9AAB-A31F77E85B29/C301FEE3-26E2-48F4-A49E-BA1479BEE388?sync=true&webv3=true&sampling=true&connected=&shazamapiversion=v3&sharehub=true&hubv5minorversion=v5.1&hidelb=true&video=v3
music_recognizer: Recognized: Bombs Away & Dan Absent — Samurai Bounce (Dimatik Mix)
music_recognizer: No match from Shazam
music_recognizer: No match from Shazam
music_recognizer: Shazam attempt 1/3 hit an error page (rate limit?); retrying in 1.0s
music_recognizer: Shazam attempt 1/3 hit an error page (rate limit?); retrying in 1.0s
music_recognizer: Shazam attempt 2/3 hit an error page (rate limit?); retrying in 2.0s
music_recognizer: Shazam attempt 2/3 hit an error page (rate limit?); retrying in 2.0s
music_recognizer: No match from Shazam
music_recognizer: No match from Shazam
music_recognizer: No match from Shazam
music_recognizer: Shazam attempt 1/3 hit an error page (rate limit?); retrying in 1.0s
music_recognizer: Shazam attempt 2/3 hit an error page (rate limit?); retrying in 2.0s
music_recognizer: Shazam attempt 1/3 hit an error page (rate limit?); retrying in 1.0s
music_recognizer: Audio bytes identification failed: Check args, URL is invalid
URL- https://amp.shazam.com/discovery/v5/en/GB/iphone/-/tag/7A767AA9-7D5A-4B9B-BD1A-B59CF01FB657/9C9CABF2-1DA7-41BE-A5EF-0E48CBA3A2EB?sync=true&webv3=true&sampling=true&connected=&shazamapiversion=v3&sharehub=true&hubv5minorversion=v5.1&hidelb=true&video=v3
music_recognizer: Shazam attempt 2/3 hit an error page (rate limit?); retrying in 2.0s
music_recognizer: No match from Shazam
music_recognizer: No match from Shazam
music_recognizer: No match from Shazam
music_recognizer: Shazam attempt 1/3 hit an error page (rate limit?); retrying in 1.0s
music_recognizer: Shazam attempt 1/3 hit an error page (rate limit?); retrying in 1.0s
music_recognizer: Shazam attempt 2/3 hit an error page (rate limit?); retrying in 2.0s
music_recognizer: Shazam attempt 2/3 hit an error page (rate limit?); retrying in 2.0s
music_recognizer: No match from Shazam
music_recognizer: No match from Shazam
music_recognizer: No match from Shazam
music_recognizer: Shazam attempt 1/3 hit an error page (rate limit?); retrying in 1.0s
music_recognizer: Shazam attempt 2/3 hit an error page (rate limit?); retrying in 2.0s
music_recognizer: Shazam attempt 1/3 hit an error page (rate limit?); retrying in 1.0s
music_recognizer: Audio bytes identification failed: Check args, URL is invalid
URL- https://amp.shazam.com/discovery/v5/en/GB/iphone/-/tag/3392ABAE-5B48-4CB0-8246-1F35F3E98A44/A82D4889-FEF8-4B52-8E48-DCD46927D620?sync=true&webv3=true&sampling=true&connected=&shazamapiversion=v3&sharehub=true&hubv5minorversion=v5.1&hidelb=true&video=v3
music_recognizer: Shazam attempt 2/3 hit an error page (rate limit?); retrying in 2.0s
music_recognizer: No match from Shazam
music_recognizer: No match from Shazam
music_recognizer: No match from Shazam
music_recognizer: Shazam attempt 1/3 hit an error page (rate limit?); retrying in 1.0s
music_recognizer: Shazam attempt 1/3 hit an error page (rate limit?); retrying in 1.0s
music_recognizer: Shazam attempt 2/3 hit an error page (rate limit?); retrying in 2.0s
music_recognizer: Shazam attempt 2/3 hit an error page (rate limit?); retrying in 2.0s
music_recognizer: No match from Shazam
music_recognizer: No match from Shazam
music_recognizer: No match from Shazam
music_recognizer: Shazam attempt 1/3 hit an error page (rate limit?); retrying in 1.0s
music_recognizer: Shazam attempt 2/3 hit an error page (rate limit?); retrying in 2.0s
music_recognizer: Shazam attempt 1/3 hit an error page (rate limit?); retrying in 1.0s
music_recognizer: Audio bytes identification failed: Check args, URL is invalid
URL- https://amp.shazam.com/discovery/v5/en/GB/iphone/-/tag/4BD49E78-ECA1-4B2B-B8DD-DB86002E4B54/9B8EF23C-EAC4-4B74-BB50-E7DEEAA920A2?sync=true&webv3=true&sampling=true&connected=&shazamapiversion=v3&sharehub=true&hubv5minorversion=v5.1&hidelb=true&video=v3
music_recognizer: Shazam attempt 2/3 hit an error page (rate limit?); retrying in 2.0s
music_recognizer: No match from Shazam
music_recognizer: No match from Shazam
music_recognizer: No match from Shazam
music_recognizer: Shazam attempt 1/3 hit an error page (rate limit?); retrying in 1.0s
music_recognizer: Shazam attempt 1/3 hit an error page (rate limit?); retrying in 1.0s
music_recognizer: Shazam attempt 2/3 hit an error page (rate limit?); retrying in 2.0s
music_recognizer: Shazam attempt 2/3 hit an error page (rate limit?); retrying in 2.0s
music_recognizer: No match from Shazam
music_recognizer: No match from Shazam
music_recognizer: No match from Shazam
music_recognizer: Shazam attempt 1/3 hit an error page (rate limit?); retrying in 1.0s
music_recognizer: Shazam attempt 2/3 hit an error page (rate limit?); retrying in 2.0s
music_recognizer: Shazam attempt 1/3 hit an error page (rate limit?); retrying in 1.0s
music_recognizer: Audio bytes identification failed: Check args, URL is invalid
URL- https://amp.shazam.com/discovery/v5/en/GB/iphone/-/tag/38BC164E-4D08-4E28-8F1B-946303BD4891/111177F2-5328-4665-B3F2-BABDF4FD7BA7?sync=true&webv3=true&sampling=true&connected=&shazamapiversion=v3&sharehub=true&hubv5minorversion=v5.1&hidelb=true&video=v3
music_recognizer: Shazam attempt 2/3 hit an error page (rate limit?); retrying in 2.0s
music_recognizer: No match from Shazam
music_recognizer: No match from Shazam
music_recognizer: No match from Shazam
music_recognizer: Shazam attempt 1/3 hit an error page (rate limit?); retrying in 1.0s
music_recognizer: Shazam attempt 1/3 hit an error page (rate limit?); retrying in 1.0s
music_recognizer: Shazam attempt 2/3 hit an error page (rate limit?); retrying in 2.0s
music_recognizer: Shazam attempt 2/3 hit an error page (rate limit?); retrying in 2.0s
music_recognizer: No match from Shazam
music_recognizer: No match from Shazam
music_recognizer: No match from Shazam
music_recognizer: Shazam attempt 1/3 hit an error page (rate limit?); retrying in 1.0s
music_recognizer: Shazam attempt 2/3 hit an error page (rate limit?); retrying in 2.0s
music_recognizer: Shazam attempt 1/3 hit an error page (rate limit?); retrying in 1.0s
music_recognizer: Audio bytes identification failed: Check args, URL is invalid
URL- https://amp.shazam.com/discovery/v5/en/GB/iphone/-/tag/FBFF1149-301B-4564-AABD-2F181362E216/171E01E3-ACDF-4649-85CC-BDB8BCDF6C99?sync=true&webv3=true&sampling=true&connected=&shazamapiversion=v3&sharehub=true&hubv5minorversion=v5.1&hidelb=true&video=v3
music_recognizer: Shazam attempt 2/3 hit an error page (rate limit?); retrying in 2.0s
music_recognizer: No match from Shazam
music_recognizer: No match from Shazam
music_recognizer: No match from Shazam
music_recognizer: Shazam attempt 1/3 hit an error page (rate limit?); retrying in 1.0s
music_recognizer: Shazam attempt 1/3 hit an error page (rate limit?); retrying in 1.0s
music_recognizer: Shazam attempt 2/3 hit an error page (rate limit?); retrying in 2.0s
music_recognizer: Shazam attempt 2/3 hit an error page (rate limit?); retrying in 2.0s
music_recognizer: No match from Shazam
music_recognizer: No match from Shazam
music_recognizer: No match from Shazam
music_recognizer: Shazam attempt 1/3 hit an error page (rate limit?); retrying in 1.0s
music_recognizer: Shazam attempt 2/3 hit an error page (rate limit?); retrying in 2.0s
music_recognizer: Shazam attempt 1/3 hit an error page (rate limit?); retrying in 1.0s
music_recognizer: Audio bytes identification failed: Check args, URL is invalid
URL- https://amp.shazam.com/discovery/v5/en/GB/iphone/-/tag/34E70781-0584-4621-9EC4-4D7E4BF40CCA/B660658D-4654-4186-8B4C-C1B8AA9516D1?sync=true&webv3=true&sampling=true&connected=&shazamapiversion=v3&sharehub=true&hubv5minorversion=v5.1&hidelb=true&video=v3
music_recognizer: Shazam attempt 2/3 hit an error page (rate limit?); retrying in 2.0s
music_recognizer: No match from Shazam
music_recognizer: No match from Shazam
music_recognizer: No match from Shazam
music_recognizer: Shazam attempt 1/3 hit an error page (rate limit?); retrying in 1.0s
music_recognizer: Shazam attempt 1/3 hit an error page (rate limit?); retrying in 1.0s
music_recognizer: Shazam attempt 2/3 hit an error page (rate limit?); retrying in 2.0s
music_recognizer: Shazam attempt 2/3 hit an error page (rate limit?); retrying in 2.0s
music_recognizer: No match from Shazam
music_recognizer: No match from Shazam
music_recognizer: No match from Shazam
music_recognizer: Shazam attempt 1/3 hit an error page (rate limit?); retrying in 1.0s
music_recognizer: Shazam attempt 2/3 hit an error page (rate limit?); retrying in 2.0s
music_recognizer: Shazam attempt 1/3 hit an error page (rate limit?); retrying in 1.0s
music_recognizer: Audio bytes identification failed: Check args, URL is invalid
URL- https://amp.shazam.com/discovery/v5/en/GB/iphone/-/tag/13ECFCD3-57CB-4343-8166-A18FE730E491/889267CF-3EEA-443A-8BE4-9CF5B984F326?sync=true&webv3=true&sampling=true&connected=&shazamapiversion=v3&sharehub=true&hubv5minorversion=v5.1&hidelb=true&video=v3
music_recognizer: Shazam attempt 2/3 hit an error page (rate limit?); retrying in 2.0s
music_recognizer: No match from Shazam
music_recognizer: No match from Shazam
music_recognizer: No match from Shazam
music_recognizer: Shazam attempt 1/3 hit an error page (rate limit?); retrying in 1.0s
music_recognizer: Shazam attempt 1/3 hit an error page (rate limit?); retrying in 1.0s
music_recognizer: Shazam attempt 2/3 hit an error page (rate limit?); retrying in 2.0s
music_recognizer: Shazam attempt 2/3 hit an error page (rate limit?); retrying in 2.0s
music_recognizer: No match from Shazam
music_recognizer: No match from Shazam
music_recognizer: No match from Shazam
music_recognizer: Shazam attempt 1/3 hit an error page (rate limit?); retrying in 1.0s
music_recognizer: Shazam attempt 2/3 hit an error page (rate limit?); retrying in 2.0s
music_recognizer: Shazam attempt 1/3 hit an error page (rate limit?); retrying in 1.0s
music_recognizer: Audio bytes identification failed: Check args, URL is invalid
URL- https://amp.shazam.com/discovery/v5/en/GB/iphone/-/tag/AA342047-A063-4483-831E-96309B885406/D7E249E7-C828-49AD-AD7E-15B42A2974A6?sync=true&webv3=true&sampling=true&connected=&shazamapiversion=v3&sharehub=true&hubv5minorversion=v5.1&hidelb=true&video=v3
music_recognizer: Shazam attempt 2/3 hit an error page (rate limit?); retrying in 2.0s
music_recognizer: No match from Shazam
music_recognizer: No match from Shazam
music_recognizer: No match from Shazam
music_recognizer: Shazam attempt 1/3 hit an error page (rate limit?); retrying in 1.0s
music_recognizer: Shazam attempt 1/3 hit an error page (rate limit?); retrying in 1.0s
music_recognizer: Shazam attempt 2/3 hit an error page (rate limit?); retrying in 2.0s
music_recognizer: Shazam attempt 2/3 hit an error page (rate limit?); retrying in 2.0s
music_recognizer: No match from Shazam
music_recognizer: No match from Shazam
music_recognizer: No match from Shazam
music_recognizer: Shazam attempt 1/3 hit an error page (rate limit?); retrying in 1.0s
music_recognizer: Shazam attempt 2/3 hit an error page (rate limit?); retrying in 2.0s
music_recognizer: Shazam attempt 1/3 hit an error page (rate limit?); retrying in 1.0s
music_recognizer: Audio bytes identification failed: Check args, URL is invalid
URL- https://amp.shazam.com/discovery/v5/en/GB/iphone/-/tag/2F7F9084-C32A-42B8-B202-41B366C203CA/42DFAE94-A5E9-4C6E-A864-9BC179E8D38B?sync=true&webv3=true&sampling=true&connected=&shazamapiversion=v3&sharehub=true&hubv5minorversion=v5.1&hidelb=true&video=v3
music_recognizer: Shazam attempt 2/3 hit an error page (rate limit?); retrying in 2.0s
music_recognizer: No match from Shazam
music_recognizer: No match from Shazam
music_recognizer: No match from Shazam
music_recognizer: Shazam attempt 1/3 hit an error page (rate limit?); retrying in 1.0s
music_recognizer: Shazam attempt 1/3 hit an error page (rate limit?); retrying in 1.0s
music_recognizer: Shazam attempt 2/3 hit an error page (rate limit?); retrying in 2.0s
music_recognizer: Shazam attempt 2/3 hit an error page (rate limit?); retrying in 2.0s
music_recognizer: No match from Shazam
music_recognizer: No match from Shazam
music_recognizer: No match from Shazam
music_recognizer: Shazam attempt 1/3 hit an error page (rate limit?); retrying in 1.0s
music_recognizer: Shazam attempt 2/3 hit an error page (rate limit?); retrying in 2.0s
music_recognizer: Shazam attempt 1/3 hit an error page (rate limit?); retrying in 1.0s
music_recognizer: Audio bytes identification failed: Check args, URL is invalid
URL- https://amp.shazam.com/discovery/v5/en/GB/iphone/-/tag/D1FBA295-D844-4FE5-8C18-0639911DBBEC/D55940D3-C12C-44D7-ACC9-3720AAE09FDB?sync=true&webv3=true&sampling=true&connected=&shazamapiversion=v3&sharehub=true&hubv5minorversion=v5.1&hidelb=true&video=v3
music_recognizer: Shazam attempt 2/3 hit an error page (rate limit?); retrying in 2.0s
music_recognizer: No match from Shazam
music_recognizer: No match from Shazam
music_recognizer: No match from Shazam
music_recognizer: Shazam attempt 1/3 hit an error page (rate limit?); retrying in 1.0s
music_recognizer: Shazam attempt 1/3 hit an error page (rate limit?); retrying in 1.0s
music_recognizer: Shazam attempt 2/3 hit an error page (rate limit?); retrying in 2.0s
music_recognizer: Shazam attempt 2/3 hit an error page (rate limit?); retrying in 2.0s
music_recognizer: No match from Shazam
music_recognizer: No match from Shazam
music_recognizer: No match from Shazam
music_recognizer: Shazam attempt 1/3 hit an error page (rate limit?); retrying in 1.0s
music_recognizer: Shazam attempt 2/3 hit an error page (rate limit?); retrying in 2.0s
music_recognizer: Shazam attempt 1/3 hit an error page (rate limit?); retrying in 1.0s
music_recognizer: Audio bytes identification failed: Check args, URL is invalid
URL- https://amp.shazam.com/discovery/v5/en/GB/iphone/-/tag/11248EF7-95AD-4E51-BBE4-355850B233F9/6E4F150F-CCCA-42BB-AFB6-6D3B7C2BE8AF?sync=true&webv3=true&sampling=true&connected=&shazamapiversion=v3&sharehub=true&hubv5minorversion=v5.1&hidelb=true&video=v3
music_recognizer: Shazam attempt 2/3 hit an error page (rate limit?); retrying in 2.0s
music_recognizer: No match from Shazam
music_recognizer: No match from Shazam
music_recognizer: No match from Shazam
music_recognizer: Shazam attempt 1/3 hit an error page (rate limit?); retrying in 1.0s
music_recognizer: Shazam attempt 1/3 hit an error page (rate limit?); retrying in 1.0s
music_recognizer: Shazam attempt 2/3 hit an error page (rate limit?); retrying in 2.0s
music_recognizer: Shazam attempt 2/3 hit an error page (rate limit?); retrying in 2.0s
music_recognizer: No match from Shazam
music_recognizer: No match from Shazam
music_recognizer: No match from Shazam
music_recognizer: Shazam attempt 1/3 hit an error page (rate limit?); retrying in 1.0s
music_recognizer: Shazam attempt 2/3 hit an error page (rate limit?); retrying in 2.0s
music_recognizer: Shazam attempt 1/3 hit an error page (rate limit?); retrying in 1.0s
music_recognizer: Audio bytes identification failed: Check args, URL is invalid
URL- https://amp.shazam.com/discovery/v5/en/GB/iphone/-/tag/E1237909-0BCE-4F29-BB25-D4D57A38CB03/F6EF8C43-12B6-455B-B745-E062FE03B5B4?sync=true&webv3=true&sampling=true&connected=&shazamapiversion=v3&sharehub=true&hubv5minorversion=v5.1&hidelb=true&video=v3
music_recognizer: Shazam attempt 2/3 hit an error page (rate limit?); retrying in 2.0s
music_recognizer: No match from Shazam
music_recognizer: No match from Shazam
music_recognizer: No match from Shazam
music_recognizer: Shazam attempt 1/3 hit an error page (rate limit?); retrying in 1.0s
music_recognizer: Shazam attempt 1/3 hit an error page (rate limit?); retrying in 1.0s
music_recognizer: Shazam attempt 2/3 hit an error page (rate limit?); retrying in 2.0s
music_recognizer: Shazam attempt 2/3 hit an error page (rate limit?); retrying in 2.0s
music_recognizer: No match from Shazam
music_recognizer: No match from Shazam
music_recognizer: No match from Shazam
music_recognizer: Shazam attempt 1/3 hit an error page (rate limit?); retrying in 1.0s
music_recognizer: Shazam attempt 2/3 hit an error page (rate limit?); retrying in 2.0s
music_recognizer: Shazam attempt 1/3 hit an error page (rate limit?); retrying in 1.0s
music_recognizer: Audio bytes identification failed: Check args, URL is invalid
URL- https://amp.shazam.com/discovery/v5/en/GB/iphone/-/tag/619C1048-9C6B-4137-9416-4F87253B6EAC/8D9F9713-8B6B-4CA8-909B-BA404AA07092?sync=true&webv3=true&sampling=true&connected=&shazamapiversion=v3&sharehub=true&hubv5minorversion=v5.1&hidelb=true&video=v3
music_recognizer: Shazam attempt 2/3 hit an error page (rate limit?); retrying in 2.0s
music_recognizer: No match from Shazam
music_recognizer: No match from Shazam
music_recognizer: No match from Shazam
music_recognizer: Shazam attempt 1/3 hit an error page (rate limit?); retrying in 1.0s
music_recognizer: Shazam attempt 1/3 hit an error page (rate limit?); retrying in 1.0s
music_recognizer: Shazam attempt 2/3 hit an error page (rate limit?); retrying in 2.0s
music_recognizer: Shazam attempt 2/3 hit an error page (rate limit?); retrying in 2.0s
music_recognizer: No match from Shazam
music_recognizer: No match from Shazam
music_recognizer: No match from Shazam
music_recognizer: Shazam attempt 1/3 hit an error page (rate limit?); retrying in 1.0s
music_recognizer: Shazam attempt 2/3 hit an error page (rate limit?); retrying in 2.0s
music_recognizer: Shazam attempt 1/3 hit an error page (rate limit?); retrying in 1.0s
music_recognizer: Audio bytes identification failed: Check args, URL is invalid
URL- https://amp.shazam.com/discovery/v5/en/GB/iphone/-/tag/5DBC95A4-F221-43C2-9396-61BC1D08CE36/CD1199C7-6210-48DF-865D-CE7F0A065C2F?sync=true&webv3=true&sampling=true&connected=&shazamapiversion=v3&sharehub=true&hubv5minorversion=v5.1&hidelb=true&video=v3
music_recognizer: Shazam attempt 2/3 hit an error page (rate limit?); retrying in 2.0s
music_recognizer: No match from Shazam
music_recognizer: No match from Shazam
music_recognizer: No match from Shazam
music_recognizer: Shazam attempt 1/3 hit an error page (rate limit?); retrying in 1.0s
music_recognizer: Shazam attempt 1/3 hit an error page (rate limit?); retrying in 1.0s
music_recognizer: Shazam attempt 2/3 hit an error page (rate limit?); retrying in 2.0s
music_recognizer: Shazam attempt 2/3 hit an error page (rate limit?); retrying in 2.0s
music_recognizer: No match from Shazam
music_recognizer: No match from Shazam
music_recognizer: No match from Shazam
music_recognizer: Shazam attempt 1/3 hit an error page (rate limit?); retrying in 1.0s
music_recognizer: Shazam attempt 2/3 hit an error page (rate limit?); retrying in 2.0s
music_recognizer: Shazam attempt 1/3 hit an error page (rate limit?); retrying in 1.0s
music_recognizer: Audio bytes identification failed: Check args, URL is invalid
URL- https://amp.shazam.com/discovery/v5/en/GB/iphone/-/tag/C03C14F7-07E0-4F8D-95A4-2C71CFD70EE4/F98D0FE5-25BD-4029-8932-C9E3731A694E?sync=true&webv3=true&sampling=true&connected=&shazamapiversion=v3&sharehub=true&hubv5minorversion=v5.1&hidelb=true&video=v3
music_recognizer: Shazam attempt 2/3 hit an error page (rate limit?); retrying in 2.0s
music_recognizer: No match from Shazam
music_recognizer: No match from Shazam
music_recognizer: No match from Shazam
music_recognizer: Shazam attempt 1/3 hit an error page (rate limit?); retrying in 1.0s
music_recognizer: Shazam attempt 1/3 hit an error page (rate limit?); retrying in 1.0s
music_recognizer: Shazam attempt 2/3 hit an error page (rate limit?); retrying in 2.0s
music_recognizer: Shazam attempt 2/3 hit an error page (rate limit?); retrying in 2.0s
music_recognizer: No match from Shazam
music_recognizer: No match from Shazam
music_recognizer: No match from Shazam
music_recognizer: Shazam attempt 1/3 hit an error page (rate limit?); retrying in 1.0s
music_recognizer: Shazam attempt 2/3 hit an error page (rate limit?); retrying in 2.0s
music_recognizer: Shazam attempt 1/3 hit an error page (rate limit?); retrying in 1.0s
music_recognizer: Audio bytes identification failed: Check args, URL is invalid
URL- https://amp.shazam.com/discovery/v5/en/GB/iphone/-/tag/AEF4AB44-54AF-4CE5-9077-023E94BB52B1/FD06B906-C0CD-493A-A5EC-11AB5DDDA80B?sync=true&webv3=true&sampling=true&connected=&shazamapiversion=v3&sharehub=true&hubv5minorversion=v5.1&hidelb=true&video=v3
music_recognizer: Shazam attempt 2/3 hit an error page (rate limit?); retrying in 2.0s
music_recognizer: No match from Shazam
music_recognizer: No match from Shazam
music_recognizer: No match from Shazam
music_recognizer: Shazam attempt 1/3 hit an error page (rate limit?); retrying in 1.0s
music_recognizer: Shazam attempt 1/3 hit an error page (rate limit?); retrying in 1.0s
music_recognizer: Shazam attempt 2/3 hit an error page (rate limit?); retrying in 2.0s
music_recognizer: Shazam attempt 2/3 hit an error page (rate limit?); retrying in 2.0s
music_recognizer: No match from Shazam
music_recognizer: No match from Shazam
music_recognizer: No match from Shazam
music_recognizer: Shazam attempt 1/3 hit an error page (rate limit?); retrying in 1.0s
music_recognizer: Shazam attempt 2/3 hit an error page (rate limit?); retrying in 2.0s
music_recognizer: Shazam attempt 1/3 hit an error page (rate limit?); retrying in 1.0s
music_recognizer: Audio bytes identification failed: Check args, URL is invalid
URL- https://amp.shazam.com/discovery/v5/en/GB/iphone/-/tag/9C427796-4429-44B7-91B2-3E9540184315/C49FF35D-FEF8-421F-AD0C-4A855365EFB5?sync=true&webv3=true&sampling=true&connected=&shazamapiversion=v3&sharehub=true&hubv5minorversion=v5.1&hidelb=true&video=v3
music_recognizer: Shazam attempt 2/3 hit an error page (rate limit?); retrying in 2.0s
music_recognizer: No match from Shazam
music_recognizer: No match from Shazam
music_recognizer: No match from Shazam
music_recognizer: Shazam attempt 1/3 hit an error page (rate limit?); retrying in 1.0s
music_recognizer: Shazam attempt 1/3 hit an error page (rate limit?); retrying in 1.0s
music_recognizer: Shazam attempt 2/3 hit an error page (rate limit?); retrying in 2.0s
music_recognizer: Shazam attempt 2/3 hit an error page (rate limit?); retrying in 2.0s
music_recognizer: No match from Shazam
music_recognizer: No match from Shazam
music_recognizer: No match from Shazam
music_recognizer: Shazam attempt 1/3 hit an error page (rate limit?); retrying in 1.0s
music_recognizer: Shazam attempt 2/3 hit an error page (rate limit?); retrying in 2.0s
music_recognizer: Shazam attempt 1/3 hit an error page (rate limit?); retrying in 1.0s
music_recognizer: Audio bytes identification failed: Check args, URL is invalid
URL- https://amp.shazam.com/discovery/v5/en/GB/iphone/-/tag/2C6989BA-33E1-443F-91A2-EF48973C4615/2585DDBA-0C13-4854-9E95-86E44F06BB24?sync=true&webv3=true&sampling=true&connected=&shazamapiversion=v3&sharehub=true&hubv5minorversion=v5.1&hidelb=true&video=v3
music_recognizer: Shazam attempt 2/3 hit an error page (rate limit?); retrying in 2.0s
music_recognizer: No match from Shazam
music_recognizer: No match from Shazam
music_recognizer: No match from Shazam
music_recognizer: Shazam attempt 1/3 hit an error page (rate limit?); retrying in 1.0s
music_recognizer: Shazam attempt 1/3 hit an error page (rate limit?); retrying in 1.0s
music_recognizer: Shazam attempt 2/3 hit an error page (rate limit?); retrying in 2.0s
music_recognizer: Shazam attempt 2/3 hit an error page (rate limit?); retrying in 2.0s
music_recognizer: No match from Shazam
music_recognizer: No match from Shazam
music_recognizer: No match from Shazam
music_recognizer: Shazam attempt 1/3 hit an error page (rate limit?); retrying in 1.0s
music_recognizer: Shazam attempt 2/3 hit an error page (rate limit?); retrying in 2.0s
music_recognizer: Shazam attempt 1/3 hit an error page (rate limit?); retrying in 1.0s
music_recognizer: Audio bytes identification failed: Check args, URL is invalid
URL- https://amp.shazam.com/discovery/v5/en/GB/iphone/-/tag/3B0F20DC-690D-480D-9CFF-5E82959168FA/4324059C-8E48-4726-A3D1-3FC65EA37089?sync=true&webv3=true&sampling=true&connected=&shazamapiversion=v3&sharehub=true&hubv5minorversion=v5.1&hidelb=true&video=v3
music_recognizer: Shazam attempt 2/3 hit an error page (rate limit?); retrying in 2.0s
music_recognizer: No match from Shazam
music_recognizer: No match from Shazam
music_recognizer: No match from Shazam
music_recognizer: Shazam attempt 1/3 hit an error page (rate limit?); retrying in 1.0s
music_recognizer: Shazam attempt 1/3 hit an error page (rate limit?); retrying in 1.0s
music_recognizer: Shazam attempt 2/3 hit an error page (rate limit?); retrying in 2.0s
music_recognizer: Shazam attempt 2/3 hit an error page (rate limit?); retrying in 2.0s
music_recognizer: No match from Shazam
music_recognizer: No match from Shazam
music_recognizer: No match from Shazam
music_recognizer: Shazam attempt 1/3 hit an error page (rate limit?); retrying in 1.0s
music_recognizer: Shazam attempt 2/3 hit an error page (rate limit?); retrying in 2.0s
music_recognizer: Shazam attempt 1/3 hit an error page (rate limit?); retrying in 1.0s
music_recognizer: Audio bytes identification failed: Check args, URL is invalid
URL- https://amp.shazam.com/discovery/v5/en/GB/iphone/-/tag/6DDBA2C0-7736-4ABA-BB6F-0B0BCAB813D3/5C5138DF-F92D-4924-90ED-28380A7F41E3?sync=true&webv3=true&sampling=true&connected=&shazamapiversion=v3&sharehub=true&hubv5minorversion=v5.1&hidelb=true&video=v3
music_recognizer: Shazam attempt 2/3 hit an error page (rate limit?); retrying in 2.0s
music_recognizer: No match from Shazam
music_recognizer: No match from Shazam
music_recognizer: No match from Shazam
music_recognizer: Shazam attempt 1/3 hit an error page (rate limit?); retrying in 1.0s
music_recognizer: Shazam attempt 1/3 hit an error page (rate limit?); retrying in 1.0s
music_recognizer: Shazam attempt 2/3 hit an error page (rate limit?); retrying in 2.0s
music_recognizer: Shazam attempt 2/3 hit an error page (rate limit?); retrying in 2.0s
music_recognizer: No match from Shazam
music_recognizer: No match from Shazam
music_recognizer: No match from Shazam
music_recognizer: Shazam attempt 1/3 hit an error page (rate limit?); retrying in 1.0s
music_recognizer: Shazam attempt 2/3 hit an error page (rate limit?); retrying in 2.0s
music_recognizer: Shazam attempt 1/3 hit an error page (rate limit?); retrying in 1.0s
music_recognizer: Audio bytes identification failed: Check args, URL is invalid
URL- https://amp.shazam.com/discovery/v5/en/GB/iphone/-/tag/D0F42352-DF7F-4FF1-877D-BE27357C66B2/9754F3F8-842F-454A-BCC4-6D12A16B9851?sync=true&webv3=true&sampling=true&connected=&shazamapiversion=v3&sharehub=true&hubv5minorversion=v5.1&hidelb=true&video=v3
music_recognizer: Shazam attempt 2/3 hit an error page (rate limit?); retrying in 2.0s
music_recognizer: No match from Shazam
music_recognizer: No match from Shazam
music_recognizer: No match from Shazam
music_recognizer: Shazam attempt 1/3 hit an error page (rate limit?); retrying in 1.0s
music_recognizer: Shazam attempt 1/3 hit an error page (rate limit?); retrying in 1.0s
music_recognizer: Shazam attempt 2/3 hit an error page (rate limit?); retrying in 2.0s
music_recognizer: Shazam attempt 2/3 hit an error page (rate limit?); retrying in 2.0s
music_recognizer: No match from Shazam
music_recognizer: No match from Shazam
music_recognizer: No match from Shazam
music_recognizer: Shazam attempt 1/3 hit an error page (rate limit?); retrying in 1.0s
music_recognizer: Shazam attempt 2/3 hit an error page (rate limit?); retrying in 2.0s
music_recognizer: Shazam attempt 1/3 hit an error page (rate limit?); retrying in 1.0s
music_recognizer: Audio bytes identification failed: Check args, URL is invalid
URL- https://amp.shazam.com/discovery/v5/en/GB/iphone/-/tag/577B5C36-CA6C-420D-BE33-0C3C6C6608C4/009633A8-78A9-42C6-A361-98E47FC7E763?sync=true&webv3=true&sampling=true&connected=&shazamapiversion=v3&sharehub=true&hubv5minorversion=v5.1&hidelb=true&video=v3
music_recognizer: Shazam attempt 2/3 hit an error page (rate limit?); retrying in 2.0s
music_recognizer: No match from Shazam
music_recognizer: No match from Shazam
music_recognizer: No match from Shazam
music_recognizer: Shazam attempt 1/3 hit an error page (rate limit?); retrying in 1.0s
music_recognizer: Shazam attempt 1/3 hit an error page (rate limit?); retrying in 1.0s
music_recognizer: Shazam attempt 2/3 hit an error page (rate limit?); retrying in 2.0s
music_recognizer: Shazam attempt 2/3 hit an error page (rate limit?); retrying in 2.0s
music_recognizer: No match from Shazam
music_recognizer: No match from Shazam
music_recognizer: No match from Shazam
music_recognizer: Shazam attempt 1/3 hit an error page (rate limit?); retrying in 1.0s
music_recognizer: Shazam attempt 2/3 hit an error page (rate limit?); retrying in 2.0s
music_recognizer: Shazam attempt 1/3 hit an error page (rate limit?); retrying in 1.0s
music_recognizer: Audio bytes identification failed: Check args, URL is invalid
URL- https://amp.shazam.com/discovery/v5/en/GB/iphone/-/tag/ACC5F722-7F54-4970-B4EB-3DB85B98D4AF/7CAC91B8-AF54-444E-BA49-BEB0E636EFC6?sync=true&webv3=true&sampling=true&connected=&shazamapiversion=v3&sharehub=true&hubv5minorversion=v5.1&hidelb=true&video=v3
music_recognizer: Shazam attempt 2/3 hit an error page (rate limit?); retrying in 2.0s
music_recognizer: No match from Shazam
music_recognizer: No match from Shazam
music_recognizer: No match from Shazam
music_recognizer: Shazam attempt 1/3 hit an error page (rate limit?); retrying in 1.0s
music_recognizer: Shazam attempt 1/3 hit an error page (rate limit?); retrying in 1.0s
music_recognizer: Shazam attempt 2/3 hit an error page (rate limit?); retrying in 2.0s
music_recognizer: Shazam attempt 2/3 hit an error page (rate limit?); retrying in 2.0s
music_recognizer: No match from Shazam
music_recognizer: No match from Shazam
music_recognizer: No match from Shazam
music_recognizer: Shazam attempt 1/3 hit an error page (rate limit?); retrying in 1.0s
music_recognizer: Shazam attempt 2/3 hit an error page (rate limit?); retrying in 2.0s
music_recognizer: Shazam attempt 1/3 hit an error page (rate limit?); retrying in 1.0s
music_recognizer: Audio bytes identification failed: Check args, URL is invalid
URL- https://amp.shazam.com/discovery/v5/en/GB/iphone/-/tag/E481C266-2702-490E-B748-22111E553E0B/CE11BE18-6FD2-43DA-A7BB-4E8B05C4B4E0?sync=true&webv3=true&sampling=true&connected=&shazamapiversion=v3&sharehub=true&hubv5minorversion=v5.1&hidelb=true&video=v3
music_recognizer: Shazam attempt 2/3 hit an error page (rate limit?); retrying in 2.0s
music_recognizer: No match from Shazam
music_recognizer: No match from Shazam
music_recognizer: No match from Shazam
music_recognizer: Shazam attempt 1/3 hit an error page (rate limit?); retrying in 1.0s
music_recognizer: Shazam attempt 1/3 hit an error page (rate limit?); retrying in 1.0s
music_recognizer: Shazam attempt 2/3 hit an error page (rate limit?); retrying in 2.0s
music_recognizer: Shazam attempt 2/3 hit an error page (rate limit?); retrying in 2.0s
music_recognizer: No match from Shazam
music_recognizer: No match from Shazam
music_recognizer: No match from Shazam
music_recognizer: Shazam attempt 1/3 hit an error page (rate limit?); retrying in 1.0s
music_recognizer: Shazam attempt 2/3 hit an error page (rate limit?); retrying in 2.0s
music_recognizer: Shazam attempt 1/3 hit an error page (rate limit?); retrying in 1.0s
music_recognizer: Audio bytes identification failed: Check args, URL is invalid
URL- https://amp.shazam.com/discovery/v5/en/GB/iphone/-/tag/C3101759-F36D-48F7-97C2-A229735749CF/56417099-047C-477E-BD5D-D67C2C31757D?sync=true&webv3=true&sampling=true&connected=&shazamapiversion=v3&sharehub=true&hubv5minorversion=v5.1&hidelb=true&video=v3
music_recognizer: Shazam attempt 2/3 hit an error page (rate limit?); retrying in 2.0s
music_recognizer: No match from Shazam
music_recognizer: No match from Shazam
music_recognizer: No match from Shazam
music_recognizer: Shazam attempt 1/3 hit an error page (rate limit?); retrying in 1.0s
music_recognizer: Shazam attempt 1/3 hit an error page (rate limit?); retrying in 1.0s
music_recognizer: Shazam attempt 2/3 hit an error page (rate limit?); retrying in 2.0s
music_recognizer: Shazam attempt 2/3 hit an error page (rate limit?); retrying in 2.0s
music_recognizer: No match from Shazam
music_recognizer: No match from Shazam
music_recognizer: No match from Shazam
music_recognizer: Shazam attempt 1/3 hit an error page (rate limit?); retrying in 1.0s
music_recognizer: Shazam attempt 2/3 hit an error page (rate limit?); retrying in 2.0s
music_recognizer: Shazam attempt 1/3 hit an error page (rate limit?); retrying in 1.0s
music_recognizer: Audio bytes identification failed: Check args, URL is invalid
URL- https://amp.shazam.com/discovery/v5/en/GB/iphone/-/tag/CEDCCD8E-72E8-48BB-8898-D08A9C85D574/300662DA-4913-41A5-BE95-8E08A9910423?sync=true&webv3=true&sampling=true&connected=&shazamapiversion=v3&sharehub=true&hubv5minorversion=v5.1&hidelb=true&video=v3
music_recognizer: Shazam attempt 2/3 hit an error page (rate limit?); retrying in 2.0s
music_recognizer: No match from Shazam
music_recognizer: No match from Shazam
music_recognizer: No match from Shazam
music_recognizer: Shazam attempt 1/3 hit an error page (rate limit?); retrying in 1.0s
music_recognizer: Shazam attempt 1/3 hit an error page (rate limit?); retrying in 1.0s
music_recognizer: Shazam attempt 2/3 hit an error page (rate limit?); retrying in 2.0s
music_recognizer: Shazam attempt 2/3 hit an error page (rate limit?); retrying in 2.0s
music_recognizer: No match from Shazam
music_recognizer: No match from Shazam
music_recognizer: No match from Shazam
music_recognizer: Shazam attempt 1/3 hit an error page (rate limit?); retrying in 1.0s
music_recognizer: Shazam attempt 2/3 hit an error page (rate limit?); retrying in 2.0s
music_recognizer: Shazam attempt 1/3 hit an error page (rate limit?); retrying in 1.0s
music_recognizer: Audio bytes identification failed: Check args, URL is invalid
URL- https://amp.shazam.com/discovery/v5/en/GB/iphone/-/tag/CC405EB6-53A3-4F2A-9D73-565C72451AAB/439D8542-261F-494A-9EAF-B62E721312D2?sync=true&webv3=true&sampling=true&connected=&shazamapiversion=v3&sharehub=true&hubv5minorversion=v5.1&hidelb=true&video=v3
music_recognizer: Shazam attempt 2/3 hit an error page (rate limit?); retrying in 2.0s
music_recognizer: No match from Shazam
music_recognizer: No match from Shazam
music_recognizer: No match from Shazam
music_recognizer: Shazam attempt 1/3 hit an error page (rate limit?); retrying in 1.0s
music_recognizer: Shazam attempt 1/3 hit an error page (rate limit?); retrying in 1.0s
music_recognizer: Shazam attempt 2/3 hit an error page (rate limit?); retrying in 2.0s
music_recognizer: Shazam attempt 2/3 hit an error page (rate limit?); retrying in 2.0s
music_recognizer: No match from Shazam
music_recognizer: No match from Shazam
music_recognizer: No match from Shazam
music_recognizer: Shazam attempt 1/3 hit an error page (rate limit?); retrying in 1.0s
music_recognizer: Shazam attempt 2/3 hit an error page (rate limit?); retrying in 2.0s
music_recognizer: Shazam attempt 1/3 hit an error page (rate limit?); retrying in 1.0s
music_recognizer: Audio bytes identification failed: Check args, URL is invalid
URL- https://amp.shazam.com/discovery/v5/en/GB/iphone/-/tag/31930998-FFF0-48D2-93CF-7C831BA96485/EDD84D9E-9D35-41FB-9756-289B30AC2AF6?sync=true&webv3=true&sampling=true&connected=&shazamapiversion=v3&sharehub=true&hubv5minorversion=v5.1&hidelb=true&video=v3
music_recognizer: Shazam attempt 2/3 hit an error page (rate limit?); retrying in 2.0s
music_recognizer: No match from Shazam
music_recognizer: No match from Shazam
music_recognizer: No match from Shazam
music_recognizer: Shazam attempt 1/3 hit an error page (rate limit?); retrying in 1.0s
music_recognizer: Shazam attempt 1/3 hit an error page (rate limit?); retrying in 1.0s
music_recognizer: Shazam attempt 2/3 hit an error page (rate limit?); retrying in 2.0s
music_recognizer: Shazam attempt 2/3 hit an error page (rate limit?); retrying in 2.0s
music_recognizer: No match from Shazam
music_recognizer: No match from Shazam
music_recognizer: No match from Shazam
music_recognizer: Shazam attempt 1/3 hit an error page (rate limit?); retrying in 1.0s
music_recognizer: Shazam attempt 2/3 hit an error page (rate limit?); retrying in 2.0s
music_recognizer: Shazam attempt 1/3 hit an error page (rate limit?); retrying in 1.0s
music_recognizer: Audio bytes identification failed: Check args, URL is invalid
URL- https://amp.shazam.com/discovery/v5/en/GB/iphone/-/tag/FEA3BA19-C523-40D9-8B82-E4D29644E1E1/94FA9294-6DE7-4DA2-A265-8395079B194A?sync=true&webv3=true&sampling=true&connected=&shazamapiversion=v3&sharehub=true&hubv5minorversion=v5.1&hidelb=true&video=v3
music_recognizer: Shazam attempt 2/3 hit an error page (rate limit?); retrying in 2.0s
music_recognizer: No match from Shazam
music_recognizer: No match from Shazam
music_recognizer: No match from Shazam
music_recognizer: Shazam attempt 1/3 hit an error page (rate limit?); retrying in 1.0s
music_recognizer: Shazam attempt 1/3 hit an error page (rate limit?); retrying in 1.0s
music_recognizer: Shazam attempt 2/3 hit an error page (rate limit?); retrying in 2.0s
music_recognizer: Shazam attempt 2/3 hit an error page (rate limit?); retrying in 2.0s
music_recognizer: Recognized: Rezz & 13 — The Crazy Ones
music_recognizer: No match from Shazam
mood_orchestrator: Mood generation failed for 'rezz & 13||the crazy ones||certain kind of magic': Effect 117 is not allowed. Safe effects: 2=Breathe, 8=Colorloop, 9=Rainbow, 12=Fade, 28=Chase, 30=Chase Rainbow, 33=Rainbow Runner, 37=Chase 2, 52=Running Dual, 54=Chase 3, 62=Oscillate, 63=Pride 2015, 64=Juggle, 67=Colorwaves, 74=Lake, 76=Meteor Smooth, 90=Sinelon, 92=Sinelon Rainbow, 98=Pacifica, 105=Sine, 108=Flow, 115=Drift Rose, 120=Waving Cell, 122=Pixelwave, 130=Waterfall, 162=Drift, 163=Waverly, 172=Swirl, 179=Flow Stripe, 183=Wavesins.; using ambient.
music_recognizer: No match from Shazam
music_recognizer: Shazam attempt 1/3 hit an error page (rate limit?); retrying in 1.0s
music_recognizer: Shazam attempt 2/3 hit an error page (rate limit?); retrying in 2.0s
music_recognizer: Shazam attempt 1/3 hit an error page (rate limit?); retrying in 1.0s
music_recognizer: Audio bytes identification failed: Check args, URL is invalid
URL- https://amp.shazam.com/discovery/v5/en/GB/iphone/-/tag/319AFD17-2771-415B-AF3A-C1E482F1897F/4836298F-0730-41ED-BDF7-DA2884437F87?sync=true&webv3=true&sampling=true&connected=&shazamapiversion=v3&sharehub=true&hubv5minorversion=v5.1&hidelb=true&video=v3
music_recognizer: Shazam attempt 2/3 hit an error page (rate limit?); retrying in 2.0s
music_recognizer: No match from Shazam
music_recognizer: No match from Shazam
music_recognizer: No match from Shazam
music_recognizer: Shazam attempt 1/3 hit an error page (rate limit?); retrying in 1.0s
music_recognizer: Shazam attempt 1/3 hit an error page (rate limit?); retrying in 1.0s
music_recognizer: Shazam attempt 2/3 hit an error page (rate limit?); retrying in 2.0s
music_recognizer: Shazam attempt 2/3 hit an error page (rate limit?); retrying in 2.0s
music_recognizer: No match from Shazam
music_recognizer: No match from Shazam
music_recognizer: No match from Shazam
music_recognizer: Shazam attempt 1/3 hit an error page (rate limit?); retrying in 1.0s
music_recognizer: Shazam attempt 2/3 hit an error page (rate limit?); retrying in 2.0s
music_recognizer: Shazam attempt 1/3 hit an error page (rate limit?); retrying in 1.0s
music_recognizer: Audio bytes identification failed: Check args, URL is invalid
URL- https://amp.shazam.com/discovery/v5/en/GB/iphone/-/tag/42560E7D-3E29-4664-8732-52EFE4FCE39B/26E16976-1379-43BB-A572-3F04DF8507AC?sync=true&webv3=true&sampling=true&connected=&shazamapiversion=v3&sharehub=true&hubv5minorversion=v5.1&hidelb=true&video=v3
music_recognizer: Shazam attempt 2/3 hit an error page (rate limit?); retrying in 2.0s
music_recognizer: No match from Shazam
music_recognizer: No match from Shazam
music_recognizer: No match from Shazam
music_recognizer: Shazam attempt 1/3 hit an error page (rate limit?); retrying in 1.0s
music_recognizer: Shazam attempt 1/3 hit an error page (rate limit?); retrying in 1.0s
music_recognizer: Shazam attempt 2/3 hit an error page (rate limit?); retrying in 2.0s
music_recognizer: Shazam attempt 2/3 hit an error page (rate limit?); retrying in 2.0s
music_recognizer: No match from Shazam
music_recognizer: No match from Shazam
music_recognizer: No match from Shazam
music_recognizer: Shazam attempt 1/3 hit an error page (rate limit?); retrying in 1.0s
music_recognizer: Shazam attempt 2/3 hit an error page (rate limit?); retrying in 2.0s
music_recognizer: Shazam attempt 1/3 hit an error page (rate limit?); retrying in 1.0s
music_recognizer: Audio bytes identification failed: Check args, URL is invalid
URL- https://amp.shazam.com/discovery/v5/en/GB/iphone/-/tag/76591DE5-16D5-4AB7-97AF-C9B38088450D/55A54E63-B24D-47B0-84FD-30A651CEC19A?sync=true&webv3=true&sampling=true&connected=&shazamapiversion=v3&sharehub=true&hubv5minorversion=v5.1&hidelb=true&video=v3
music_recognizer: Shazam attempt 2/3 hit an error page (rate limit?); retrying in 2.0s
music_recognizer: No match from Shazam
music_recognizer: No match from Shazam
music_recognizer: No match from Shazam
music_recognizer: Shazam attempt 1/3 hit an error page (rate limit?); retrying in 1.0s
music_recognizer: Shazam attempt 1/3 hit an error page (rate limit?); retrying in 1.0s
music_recognizer: Shazam attempt 2/3 hit an error page (rate limit?); retrying in 2.0s
music_recognizer: Shazam attempt 2/3 hit an error page (rate limit?); retrying in 2.0s
music_recognizer: No match from Shazam
music_recognizer: No match from Shazam
music_recognizer: No match from Shazam
music_recognizer: Shazam attempt 1/3 hit an error page (rate limit?); retrying in 1.0s
music_recognizer: Shazam attempt 2/3 hit an error page (rate limit?); retrying in 2.0s
music_recognizer: Shazam attempt 1/3 hit an error page (rate limit?); retrying in 1.0s
music_recognizer: Audio bytes identification failed: Check args, URL is invalid
URL- https://amp.shazam.com/discovery/v5/en/GB/iphone/-/tag/F790BE9D-33A7-420F-8116-F872157B86DE/544A7A7F-3718-43AD-B49D-95A6797EEF86?sync=true&webv3=true&sampling=true&connected=&shazamapiversion=v3&sharehub=true&hubv5minorversion=v5.1&hidelb=true&video=v3
music_recognizer: Shazam attempt 2/3 hit an error page (rate limit?); retrying in 2.0s
music_recognizer: No match from Shazam
music_recognizer: No match from Shazam
music_recognizer: No match from Shazam
music_recognizer: Shazam attempt 1/3 hit an error page (rate limit?); retrying in 1.0s
music_recognizer: Shazam attempt 1/3 hit an error page (rate limit?); retrying in 1.0s
music_recognizer: Shazam attempt 2/3 hit an error page (rate limit?); retrying in 2.0s
music_recognizer: Shazam attempt 2/3 hit an error page (rate limit?); retrying in 2.0s
music_recognizer: No match from Shazam
music_recognizer: No match from Shazam
music_recognizer: No match from Shazam
music_recognizer: Shazam attempt 1/3 hit an error page (rate limit?); retrying in 1.0s
music_recognizer: Shazam attempt 2/3 hit an error page (rate limit?); retrying in 2.0s
music_recognizer: Shazam attempt 1/3 hit an error page (rate limit?); retrying in 1.0s
music_recognizer: Audio bytes identification failed: Check args, URL is invalid
URL- https://amp.shazam.com/discovery/v5/en/GB/iphone/-/tag/C5481490-29DF-48F3-B0B1-1F5F41CEB195/D93FF86D-1537-4BF0-90FE-6F7DBD38096C?sync=true&webv3=true&sampling=true&connected=&shazamapiversion=v3&sharehub=true&hubv5minorversion=v5.1&hidelb=true&video=v3
music_recognizer: Shazam attempt 2/3 hit an error page (rate limit?); retrying in 2.0s
music_recognizer: No match from Shazam
music_recognizer: No match from Shazam
music_recognizer: No match from Shazam
music_recognizer: Shazam attempt 1/3 hit an error page (rate limit?); retrying in 1.0s
music_recognizer: Shazam attempt 1/3 hit an error page (rate limit?); retrying in 1.0s
music_recognizer: Shazam attempt 2/3 hit an error page (rate limit?); retrying in 2.0s
music_recognizer: Shazam attempt 2/3 hit an error page (rate limit?); retrying in 2.0s
music_recognizer: No match from Shazam
music_recognizer: No match from Shazam
music_recognizer: No match from Shazam
music_recognizer: Shazam attempt 1/3 hit an error page (rate limit?); retrying in 1.0s
music_recognizer: Shazam attempt 2/3 hit an error page (rate limit?); retrying in 2.0s
music_recognizer: Shazam attempt 1/3 hit an error page (rate limit?); retrying in 1.0s
music_recognizer: Audio bytes identification failed: Check args, URL is invalid
URL- https://amp.shazam.com/discovery/v5/en/GB/iphone/-/tag/621EC9B8-1643-4DD8-8339-C071CDF2E00A/9DF58072-547C-44E5-8FA5-D221497FE5D3?sync=true&webv3=true&sampling=true&connected=&shazamapiversion=v3&sharehub=true&hubv5minorversion=v5.1&hidelb=true&video=v3
music_recognizer: Shazam attempt 2/3 hit an error page (rate limit?); retrying in 2.0s
music_recognizer: No match from Shazam
music_recognizer: No match from Shazam
music_recognizer: No match from Shazam
music_recognizer: Shazam attempt 1/3 hit an error page (rate limit?); retrying in 1.0s
music_recognizer: Shazam attempt 1/3 hit an error page (rate limit?); retrying in 1.0s
music_recognizer: Shazam attempt 2/3 hit an error page (rate limit?); retrying in 2.0s
music_recognizer: Shazam attempt 2/3 hit an error page (rate limit?); retrying in 2.0s
music_recognizer: No match from Shazam
music_recognizer: No match from Shazam
music_recognizer: No match from Shazam
music_recognizer: Shazam attempt 1/3 hit an error page (rate limit?); retrying in 1.0s
music_recognizer: Shazam attempt 2/3 hit an error page (rate limit?); retrying in 2.0s
music_recognizer: Shazam attempt 1/3 hit an error page (rate limit?); retrying in 1.0s
music_recognizer: Audio bytes identification failed: Check args, URL is invalid
URL- https://amp.shazam.com/discovery/v5/en/GB/iphone/-/tag/51141178-3669-47BC-A3DE-64802FB22C28/09803F3B-DFF6-45AB-A851-9CC3032E712C?sync=true&webv3=true&sampling=true&connected=&shazamapiversion=v3&sharehub=true&hubv5minorversion=v5.1&hidelb=true&video=v3
music_recognizer: Shazam attempt 2/3 hit an error page (rate limit?); retrying in 2.0s
music_recognizer: No match from Shazam
music_recognizer: No match from Shazam
music_recognizer: No match from Shazam
music_recognizer: Shazam attempt 1/3 hit an error page (rate limit?); retrying in 1.0s
music_recognizer: Shazam attempt 1/3 hit an error page (rate limit?); retrying in 1.0s
music_recognizer: Shazam attempt 2/3 hit an error page (rate limit?); retrying in 2.0s
music_recognizer: Shazam attempt 2/3 hit an error page (rate limit?); retrying in 2.0s
music_recognizer: No match from Shazam
music_recognizer: No match from Shazam
music_recognizer: No match from Shazam
music_recognizer: Shazam attempt 1/3 hit an error page (rate limit?); retrying in 1.0s
music_recognizer: Shazam attempt 2/3 hit an error page (rate limit?); retrying in 2.0s
music_recognizer: Shazam attempt 1/3 hit an error page (rate limit?); retrying in 1.0s
music_recognizer: Audio bytes identification failed: Check args, URL is invalid
URL- https://amp.shazam.com/discovery/v5/en/GB/iphone/-/tag/71F3C3B1-EAB8-4E88-BEF2-3E5F1BD9262F/5D2E58C0-29DB-43B2-8FAA-1310A8E80F3F?sync=true&webv3=true&sampling=true&connected=&shazamapiversion=v3&sharehub=true&hubv5minorversion=v5.1&hidelb=true&video=v3
music_recognizer: Shazam attempt 2/3 hit an error page (rate limit?); retrying in 2.0s
music_recognizer: No match from Shazam
music_recognizer: No match from Shazam
music_recognizer: No match from Shazam
music_recognizer: Shazam attempt 1/3 hit an error page (rate limit?); retrying in 1.0s
music_recognizer: Shazam attempt 1/3 hit an error page (rate limit?); retrying in 1.0s
music_recognizer: Shazam attempt 2/3 hit an error page (rate limit?); retrying in 2.0s
music_recognizer: Shazam attempt 2/3 hit an error page (rate limit?); retrying in 2.0s
music_recognizer: No match from Shazam
music_recognizer: No match from Shazam
music_recognizer: No match from Shazam
music_recognizer: Shazam attempt 1/3 hit an error page (rate limit?); retrying in 1.0s
music_recognizer: Shazam attempt 2/3 hit an error page (rate limit?); retrying in 2.0s
music_recognizer: Shazam attempt 1/3 hit an error page (rate limit?); retrying in 1.0s
music_recognizer: Audio bytes identification failed: Check args, URL is invalid
URL- https://amp.shazam.com/discovery/v5/en/GB/iphone/-/tag/0225E11F-C890-4F9A-964A-CA6F064E8345/B09BF20E-0954-4EA3-94CD-A9FD6B3F2E7B?sync=true&webv3=true&sampling=true&connected=&shazamapiversion=v3&sharehub=true&hubv5minorversion=v5.1&hidelb=true&video=v3
music_recognizer: Shazam attempt 2/3 hit an error page (rate limit?); retrying in 2.0s
music_recognizer: No match from Shazam
music_recognizer: No match from Shazam
music_recognizer: No match from Shazam
music_recognizer: Shazam attempt 1/3 hit an error page (rate limit?); retrying in 1.0s
music_recognizer: Shazam attempt 1/3 hit an error page (rate limit?); retrying in 1.0s
music_recognizer: Shazam attempt 2/3 hit an error page (rate limit?); retrying in 2.0s
music_recognizer: Shazam attempt 2/3 hit an error page (rate limit?); retrying in 2.0s
music_recognizer: No match from Shazam
music_recognizer: No match from Shazam
music_recognizer: No match from Shazam
music_recognizer: Shazam attempt 1/3 hit an error page (rate limit?); retrying in 1.0s
music_recognizer: Shazam attempt 2/3 hit an error page (rate limit?); retrying in 2.0s
music_recognizer: Shazam attempt 1/3 hit an error page (rate limit?); retrying in 1.0s
music_recognizer: Audio bytes identification failed: Check args, URL is invalid
URL- https://amp.shazam.com/discovery/v5/en/GB/iphone/-/tag/F8CDC2CC-A1BE-4973-836A-FCDB10F36D91/8C1F4067-4543-4FFE-942B-39D9A20EE16B?sync=true&webv3=true&sampling=true&connected=&shazamapiversion=v3&sharehub=true&hubv5minorversion=v5.1&hidelb=true&video=v3
music_recognizer: Shazam attempt 2/3 hit an error page (rate limit?); retrying in 2.0s
music_recognizer: No match from Shazam
music_recognizer: No match from Shazam
music_recognizer: No match from Shazam
music_recognizer: Shazam attempt 1/3 hit an error page (rate limit?); retrying in 1.0s
music_recognizer: Shazam attempt 1/3 hit an error page (rate limit?); retrying in 1.0s
music_recognizer: Shazam attempt 2/3 hit an error page (rate limit?); retrying in 2.0s
music_recognizer: Shazam attempt 2/3 hit an error page (rate limit?); retrying in 2.0s
music_recognizer: No match from Shazam
music_recognizer: No match from Shazam
music_recognizer: No match from Shazam
music_recognizer: Shazam attempt 1/3 hit an error page (rate limit?); retrying in 1.0s
music_recognizer: Shazam attempt 2/3 hit an error page (rate limit?); retrying in 2.0s
music_recognizer: Shazam attempt 1/3 hit an error page (rate limit?); retrying in 1.0s
music_recognizer: Audio bytes identification failed: Check args, URL is invalid
URL- https://amp.shazam.com/discovery/v5/en/GB/iphone/-/tag/01229478-FA73-49FE-BC3B-E5C8BE74D8EF/B3A51A78-1528-441D-8C47-DC4C856AEEE6?sync=true&webv3=true&sampling=true&connected=&shazamapiversion=v3&sharehub=true&hubv5minorversion=v5.1&hidelb=true&video=v3
music_recognizer: Shazam attempt 2/3 hit an error page (rate limit?); retrying in 2.0s
music_recognizer: No match from Shazam
music_recognizer: No match from Shazam
music_recognizer: No match from Shazam
music_recognizer: Shazam attempt 1/3 hit an error page (rate limit?); retrying in 1.0s
music_recognizer: Shazam attempt 1/3 hit an error page (rate limit?); retrying in 1.0s
music_recognizer: Shazam attempt 2/3 hit an error page (rate limit?); retrying in 2.0s
music_recognizer: Shazam attempt 2/3 hit an error page (rate limit?); retrying in 2.0s
music_recognizer: No match from Shazam
music_recognizer: No match from Shazam
music_recognizer: No match from Shazam
music_recognizer: Shazam attempt 1/3 hit an error page (rate limit?); retrying in 1.0s
music_recognizer: Shazam attempt 2/3 hit an error page (rate limit?); retrying in 2.0s
music_recognizer: Shazam attempt 1/3 hit an error page (rate limit?); retrying in 1.0s
music_recognizer: Audio bytes identification failed: Check args, URL is invalid
URL- https://amp.shazam.com/discovery/v5/en/GB/iphone/-/tag/F454412C-8EBD-423D-996D-9009BE3C75AD/8CD7CBA6-2327-40B3-951E-373ECCFE75BC?sync=true&webv3=true&sampling=true&connected=&shazamapiversion=v3&sharehub=true&hubv5minorversion=v5.1&hidelb=true&video=v3
music_recognizer: Shazam attempt 2/3 hit an error page (rate limit?); retrying in 2.0s
music_recognizer: No match from Shazam
music_recognizer: No match from Shazam
music_recognizer: No match from Shazam
music_recognizer: Shazam attempt 1/3 hit an error page (rate limit?); retrying in 1.0s
music_recognizer: Shazam attempt 1/3 hit an error page (rate limit?); retrying in 1.0s
music_recognizer: Shazam attempt 2/3 hit an error page (rate limit?); retrying in 2.0s
music_recognizer: Shazam attempt 2/3 hit an error page (rate limit?); retrying in 2.0s
music_recognizer: No match from Shazam
music_recognizer: No match from Shazam
music_recognizer: No match from Shazam
music_recognizer: Shazam attempt 1/3 hit an error page (rate limit?); retrying in 1.0s
music_recognizer: Shazam attempt 2/3 hit an error page (rate limit?); retrying in 2.0s
music_recognizer: Shazam attempt 1/3 hit an error page (rate limit?); retrying in 1.0s
music_recognizer: Audio bytes identification failed: Check args, URL is invalid
URL- https://amp.shazam.com/discovery/v5/en/GB/iphone/-/tag/01B38E90-2D7E-4522-82C6-3B86ABB22E51/21414B71-E5A3-4414-8D49-1C968BEFE8E3?sync=true&webv3=true&sampling=true&connected=&shazamapiversion=v3&sharehub=true&hubv5minorversion=v5.1&hidelb=true&video=v3
music_recognizer: Shazam attempt 2/3 hit an error page (rate limit?); retrying in 2.0s
music_recognizer: No match from Shazam
music_recognizer: No match from Shazam
music_recognizer: No match from Shazam
music_recognizer: Shazam attempt 1/3 hit an error page (rate limit?); retrying in 1.0s
music_recognizer: Shazam attempt 1/3 hit an error page (rate limit?); retrying in 1.0s
music_recognizer: Shazam attempt 2/3 hit an error page (rate limit?); retrying in 2.0s
music_recognizer: Shazam attempt 2/3 hit an error page (rate limit?); retrying in 2.0s
music_recognizer: No match from Shazam
music_recognizer: No match from Shazam
music_recognizer: No match from Shazam
music_recognizer: Shazam attempt 1/3 hit an error page (rate limit?); retrying in 1.0s
music_recognizer: Shazam attempt 2/3 hit an error page (rate limit?); retrying in 2.0s
music_recognizer: Shazam attempt 1/3 hit an error page (rate limit?); retrying in 1.0s
music_recognizer: Audio bytes identification failed: Check args, URL is invalid
URL- https://amp.shazam.com/discovery/v5/en/GB/iphone/-/tag/560B4837-2DDE-4F1C-8C6D-FE614987AE5E/A157AA5C-BE90-4B9F-8B75-503322107748?sync=true&webv3=true&sampling=true&connected=&shazamapiversion=v3&sharehub=true&hubv5minorversion=v5.1&hidelb=true&video=v3
music_recognizer: Shazam attempt 2/3 hit an error page (rate limit?); retrying in 2.0s
music_recognizer: No match from Shazam
music_recognizer: No match from Shazam
music_recognizer: No match from Shazam
music_recognizer: Shazam attempt 1/3 hit an error page (rate limit?); retrying in 1.0s
music_recognizer: Shazam attempt 1/3 hit an error page (rate limit?); retrying in 1.0s
music_recognizer: Shazam attempt 2/3 hit an error page (rate limit?); retrying in 2.0s
music_recognizer: Shazam attempt 2/3 hit an error page (rate limit?); retrying in 2.0s
music_recognizer: No match from Shazam
music_recognizer: No match from Shazam
music_recognizer: No match from Shazam
music_recognizer: Shazam attempt 1/3 hit an error page (rate limit?); retrying in 1.0s
music_recognizer: Shazam attempt 2/3 hit an error page (rate limit?); retrying in 2.0s
music_recognizer: Shazam attempt 1/3 hit an error page (rate limit?); retrying in 1.0s
music_recognizer: Audio bytes identification failed: Check args, URL is invalid
URL- https://amp.shazam.com/discovery/v5/en/GB/iphone/-/tag/07EAAA9C-868B-4562-B370-7622EE12EEB1/E2269E4C-6786-42D4-8C80-E9464B197DB7?sync=true&webv3=true&sampling=true&connected=&shazamapiversion=v3&sharehub=true&hubv5minorversion=v5.1&hidelb=true&video=v3
music_recognizer: Shazam attempt 2/3 hit an error page (rate limit?); retrying in 2.0s
music_recognizer: No match from Shazam
music_recognizer: No match from Shazam
music_recognizer: No match from Shazam
music_recognizer: Shazam attempt 1/3 hit an error page (rate limit?); retrying in 1.0s
music_recognizer: Shazam attempt 1/3 hit an error page (rate limit?); retrying in 1.0s
music_recognizer: Shazam attempt 2/3 hit an error page (rate limit?); retrying in 2.0s
music_recognizer: Shazam attempt 2/3 hit an error page (rate limit?); retrying in 2.0s
music_recognizer: No match from Shazam
music_recognizer: No match from Shazam
music_recognizer: No match from Shazam
music_recognizer: Shazam attempt 1/3 hit an error page (rate limit?); retrying in 1.0s
music_recognizer: Shazam attempt 2/3 hit an error page (rate limit?); retrying in 2.0s
music_recognizer: Shazam attempt 1/3 hit an error page (rate limit?); retrying in 1.0s
music_recognizer: Audio bytes identification failed: Check args, URL is invalid
URL- https://amp.shazam.com/discovery/v5/en/GB/iphone/-/tag/C2632B9C-5095-4389-BAE0-1849CD5AF942/97D838D8-4B95-416F-9F44-1AA9F3ED3059?sync=true&webv3=true&sampling=true&connected=&shazamapiversion=v3&sharehub=true&hubv5minorversion=v5.1&hidelb=true&video=v3
music_recognizer: Shazam attempt 2/3 hit an error page (rate limit?); retrying in 2.0s
music_recognizer: No match from Shazam
music_recognizer: No match from Shazam
music_recognizer: No match from Shazam
music_recognizer: Shazam attempt 1/3 hit an error page (rate limit?); retrying in 1.0s
music_recognizer: Shazam attempt 1/3 hit an error page (rate limit?); retrying in 1.0s
music_recognizer: Shazam attempt 2/3 hit an error page (rate limit?); retrying in 2.0s
music_recognizer: Shazam attempt 2/3 hit an error page (rate limit?); retrying in 2.0s
music_recognizer: No match from Shazam
music_recognizer: No match from Shazam
music_recognizer: No match from Shazam
music_recognizer: Shazam attempt 1/3 hit an error page (rate limit?); retrying in 1.0s
music_recognizer: Shazam attempt 2/3 hit an error page (rate limit?); retrying in 2.0s
music_recognizer: Shazam attempt 1/3 hit an error page (rate limit?); retrying in 1.0s
music_recognizer: Audio bytes identification failed: Check args, URL is invalid
URL- https://amp.shazam.com/discovery/v5/en/GB/iphone/-/tag/796A36EC-FCD0-4626-8804-7EEF05743DE0/04472FFF-1A17-4A47-80EC-5A867D978D5E?sync=true&webv3=true&sampling=true&connected=&shazamapiversion=v3&sharehub=true&hubv5minorversion=v5.1&hidelb=true&video=v3
music_recognizer: Shazam attempt 2/3 hit an error page (rate limit?); retrying in 2.0s
music_recognizer: No match from Shazam
music_recognizer: No match from Shazam
music_recognizer: No match from Shazam
music_recognizer: Shazam attempt 1/3 hit an error page (rate limit?); retrying in 1.0s
music_recognizer: Shazam attempt 1/3 hit an error page (rate limit?); retrying in 1.0s
music_recognizer: Shazam attempt 2/3 hit an error page (rate limit?); retrying in 2.0s
music_recognizer: Shazam attempt 2/3 hit an error page (rate limit?); retrying in 2.0s
music_recognizer: No match from Shazam
music_recognizer: No match from Shazam
music_recognizer: No match from Shazam
music_recognizer: Shazam attempt 1/3 hit an error page (rate limit?); retrying in 1.0s
music_recognizer: Shazam attempt 2/3 hit an error page (rate limit?); retrying in 2.0s
music_recognizer: Shazam attempt 1/3 hit an error page (rate limit?); retrying in 1.0s
music_recognizer: Audio bytes identification failed: Check args, URL is invalid
URL- https://amp.shazam.com/discovery/v5/en/GB/iphone/-/tag/9D62FDD3-430C-460D-A788-17E794824E6B/DAF53397-2CB2-4EC7-A737-4DA4AA4D8FA5?sync=true&webv3=true&sampling=true&connected=&shazamapiversion=v3&sharehub=true&hubv5minorversion=v5.1&hidelb=true&video=v3
music_recognizer: Shazam attempt 2/3 hit an error page (rate limit?); retrying in 2.0s
music_recognizer: No match from Shazam
music_recognizer: No match from Shazam
music_recognizer: No match from Shazam
music_recognizer: Shazam attempt 1/3 hit an error page (rate limit?); retrying in 1.0s
music_recognizer: Shazam attempt 1/3 hit an error page (rate limit?); retrying in 1.0s
music_recognizer: Shazam attempt 2/3 hit an error page (rate limit?); retrying in 2.0s
music_recognizer: Shazam attempt 2/3 hit an error page (rate limit?); retrying in 2.0s
music_recognizer: No match from Shazam
music_recognizer: No match from Shazam
music_recognizer: No match from Shazam
music_recognizer: Shazam attempt 1/3 hit an error page (rate limit?); retrying in 1.0s
music_recognizer: Shazam attempt 2/3 hit an error page (rate limit?); retrying in 2.0s
music_recognizer: Shazam attempt 1/3 hit an error page (rate limit?); retrying in 1.0s
music_recognizer: Audio bytes identification failed: Check args, URL is invalid
URL- https://amp.shazam.com/discovery/v5/en/GB/iphone/-/tag/85941E6B-C044-41F5-A593-D4E19DB4A614/DF8F02E0-B8B1-4769-BB64-4716186D29DF?sync=true&webv3=true&sampling=true&connected=&shazamapiversion=v3&sharehub=true&hubv5minorversion=v5.1&hidelb=true&video=v3
music_recognizer: Shazam attempt 2/3 hit an error page (rate limit?); retrying in 2.0s
music_recognizer: No match from Shazam
music_recognizer: No match from Shazam
music_recognizer: No match from Shazam
music_recognizer: Shazam attempt 1/3 hit an error page (rate limit?); retrying in 1.0s
music_recognizer: Shazam attempt 1/3 hit an error page (rate limit?); retrying in 1.0s
music_recognizer: Shazam attempt 2/3 hit an error page (rate limit?); retrying in 2.0s
music_recognizer: Shazam attempt 2/3 hit an error page (rate limit?); retrying in 2.0s
music_recognizer: No match from Shazam
music_recognizer: No match from Shazam
music_recognizer: No match from Shazam
music_recognizer: Shazam attempt 1/3 hit an error page (rate limit?); retrying in 1.0s
music_recognizer: Shazam attempt 2/3 hit an error page (rate limit?); retrying in 2.0s
music_recognizer: Shazam attempt 1/3 hit an error page (rate limit?); retrying in 1.0s
music_recognizer: Audio bytes identification failed: Check args, URL is invalid
URL- https://amp.shazam.com/discovery/v5/en/GB/iphone/-/tag/DBDEF4EA-CE5F-404C-925E-AD7B2A969C66/E18307AF-C2EF-47D8-8989-E9086C3AC7A6?sync=true&webv3=true&sampling=true&connected=&shazamapiversion=v3&sharehub=true&hubv5minorversion=v5.1&hidelb=true&video=v3
music_recognizer: Shazam attempt 2/3 hit an error page (rate limit?); retrying in 2.0s
music_recognizer: No match from Shazam
music_recognizer: No match from Shazam
music_recognizer: No match from Shazam
music_recognizer: Shazam attempt 1/3 hit an error page (rate limit?); retrying in 1.0s
music_recognizer: Shazam attempt 1/3 hit an error page (rate limit?); retrying in 1.0s
music_recognizer: Shazam attempt 2/3 hit an error page (rate limit?); retrying in 2.0s
music_recognizer: Shazam attempt 2/3 hit an error page (rate limit?); retrying in 2.0s
music_recognizer: No match from Shazam
music_recognizer: No match from Shazam
music_recognizer: No match from Shazam
music_recognizer: Shazam attempt 1/3 hit an error page (rate limit?); retrying in 1.0s
music_recognizer: Shazam attempt 2/3 hit an error page (rate limit?); retrying in 2.0s
music_recognizer: Shazam attempt 1/3 hit an error page (rate limit?); retrying in 1.0s
music_recognizer: Audio bytes identification failed: Check args, URL is invalid
URL- https://amp.shazam.com/discovery/v5/en/GB/iphone/-/tag/0B042FC4-E3FD-43F7-B807-DC76956BE307/C14B1783-A1C0-450A-968F-8DF3613B87B8?sync=true&webv3=true&sampling=true&connected=&shazamapiversion=v3&sharehub=true&hubv5minorversion=v5.1&hidelb=true&video=v3
music_recognizer: Shazam attempt 2/3 hit an error page (rate limit?); retrying in 2.0s
music_recognizer: No match from Shazam
music_recognizer: No match from Shazam
music_recognizer: No match from Shazam
music_recognizer: Shazam attempt 1/3 hit an error page (rate limit?); retrying in 1.0s
music_recognizer: Shazam attempt 1/3 hit an error page (rate limit?); retrying in 1.0s
music_recognizer: Shazam attempt 2/3 hit an error page (rate limit?); retrying in 2.0s
music_recognizer: Shazam attempt 2/3 hit an error page (rate limit?); retrying in 2.0s
music_recognizer: No match from Shazam
music_recognizer: No match from Shazam
music_recognizer: No match from Shazam
music_recognizer: Shazam attempt 1/3 hit an error page (rate limit?); retrying in 1.0s
music_recognizer: Shazam attempt 2/3 hit an error page (rate limit?); retrying in 2.0s
music_recognizer: Shazam attempt 1/3 hit an error page (rate limit?); retrying in 1.0s
music_recognizer: Audio bytes identification failed: Check args, URL is invalid
URL- https://amp.shazam.com/discovery/v5/en/GB/iphone/-/tag/052AF267-BC2D-4822-973F-60E5BF10DD2B/EF38985D-11E0-4A69-92EF-449AEC7B4B3B?sync=true&webv3=true&sampling=true&connected=&shazamapiversion=v3&sharehub=true&hubv5minorversion=v5.1&hidelb=true&video=v3
music_recognizer: Shazam attempt 2/3 hit an error page (rate limit?); retrying in 2.0s
music_recognizer: No match from Shazam
music_recognizer: No match from Shazam
music_recognizer: No match from Shazam
music_recognizer: Shazam attempt 1/3 hit an error page (rate limit?); retrying in 1.0s
music_recognizer: Shazam attempt 1/3 hit an error page (rate limit?); retrying in 1.0s
music_recognizer: Shazam attempt 2/3 hit an error page (rate limit?); retrying in 2.0s
music_recognizer: Shazam attempt 2/3 hit an error page (rate limit?); retrying in 2.0s
music_recognizer: No match from Shazam
music_recognizer: No match from Shazam
music_recognizer: No match from Shazam
music_recognizer: Shazam attempt 1/3 hit an error page (rate limit?); retrying in 1.0s
music_recognizer: Shazam attempt 2/3 hit an error page (rate limit?); retrying in 2.0s
music_recognizer: Shazam attempt 1/3 hit an error page (rate limit?); retrying in 1.0s
music_recognizer: Audio bytes identification failed: Check args, URL is invalid
URL- https://amp.shazam.com/discovery/v5/en/GB/iphone/-/tag/49E0B08F-C035-4CDD-9538-9C29D7EE2DAC/635C0F9F-7CDA-4F33-8725-68B314500134?sync=true&webv3=true&sampling=true&connected=&shazamapiversion=v3&sharehub=true&hubv5minorversion=v5.1&hidelb=true&video=v3
music_recognizer: Shazam attempt 2/3 hit an error page (rate limit?); retrying in 2.0s
music_recognizer: No match from Shazam
music_recognizer: No match from Shazam
music_recognizer: No match from Shazam
music_recognizer: Shazam attempt 1/3 hit an error page (rate limit?); retrying in 1.0s
music_recognizer: Shazam attempt 1/3 hit an error page (rate limit?); retrying in 1.0s
music_recognizer: Shazam attempt 2/3 hit an error page (rate limit?); retrying in 2.0s
music_recognizer: Shazam attempt 2/3 hit an error page (rate limit?); retrying in 2.0s
music_recognizer: No match from Shazam
music_recognizer: No match from Shazam
music_recognizer: No match from Shazam
music_recognizer: Shazam attempt 1/3 hit an error page (rate limit?); retrying in 1.0s
music_recognizer: Shazam attempt 2/3 hit an error page (rate limit?); retrying in 2.0s
music_recognizer: Shazam attempt 1/3 hit an error page (rate limit?); retrying in 1.0s
music_recognizer: Audio bytes identification failed: Check args, URL is invalid
URL- https://amp.shazam.com/discovery/v5/en/GB/iphone/-/tag/B0D164D8-23D3-4317-9E33-6E5E12EFC7CB/9A1E9C35-90E5-4E43-8284-340A2966894B?sync=true&webv3=true&sampling=true&connected=&shazamapiversion=v3&sharehub=true&hubv5minorversion=v5.1&hidelb=true&video=v3
music_recognizer: Shazam attempt 2/3 hit an error page (rate limit?); retrying in 2.0s
music_recognizer: No match from Shazam
music_recognizer: No match from Shazam
music_recognizer: No match from Shazam
music_recognizer: Shazam attempt 1/3 hit an error page (rate limit?); retrying in 1.0s
music_recognizer: Shazam attempt 1/3 hit an error page (rate limit?); retrying in 1.0s
music_recognizer: Shazam attempt 2/3 hit an error page (rate limit?); retrying in 2.0s
music_recognizer: Shazam attempt 2/3 hit an error page (rate limit?); retrying in 2.0s
music_recognizer: No match from Shazam
music_recognizer: No match from Shazam
music_recognizer: No match from Shazam
music_recognizer: Shazam attempt 1/3 hit an error page (rate limit?); retrying in 1.0s
music_recognizer: Shazam attempt 2/3 hit an error page (rate limit?); retrying in 2.0s
music_recognizer: Shazam attempt 1/3 hit an error page (rate limit?); retrying in 1.0s
music_recognizer: Audio bytes identification failed: Check args, URL is invalid
URL- https://amp.shazam.com/discovery/v5/en/GB/iphone/-/tag/35B1B8BB-9821-4491-9B3D-0A1830510DB4/9E9D790A-D887-4591-A084-81A6B78E468F?sync=true&webv3=true&sampling=true&connected=&shazamapiversion=v3&sharehub=true&hubv5minorversion=v5.1&hidelb=true&video=v3
music_recognizer: Shazam attempt 2/3 hit an error page (rate limit?); retrying in 2.0s
music_recognizer: No match from Shazam
music_recognizer: No match from Shazam
music_recognizer: No match from Shazam
music_recognizer: Shazam attempt 1/3 hit an error page (rate limit?); retrying in 1.0s
music_recognizer: Shazam attempt 1/3 hit an error page (rate limit?); retrying in 1.0s
music_recognizer: Shazam attempt 2/3 hit an error page (rate limit?); retrying in 2.0s
music_recognizer: Shazam attempt 2/3 hit an error page (rate limit?); retrying in 2.0s
music_recognizer: No match from Shazam
music_recognizer: No match from Shazam
music_recognizer: No match from Shazam
music_recognizer: Shazam attempt 1/3 hit an error page (rate limit?); retrying in 1.0s
music_recognizer: Shazam attempt 2/3 hit an error page (rate limit?); retrying in 2.0s
music_recognizer: Shazam attempt 1/3 hit an error page (rate limit?); retrying in 1.0s
music_recognizer: Audio bytes identification failed: Check args, URL is invalid
URL- https://amp.shazam.com/discovery/v5/en/GB/iphone/-/tag/67F1E269-9AA8-4AE6-9984-650345165DCF/E52527BB-8FCA-4F87-8ABB-C9308EB87955?sync=true&webv3=true&sampling=true&connected=&shazamapiversion=v3&sharehub=true&hubv5minorversion=v5.1&hidelb=true&video=v3
music_recognizer: Shazam attempt 2/3 hit an error page (rate limit?); retrying in 2.0s
music_recognizer: No match from Shazam
music_recognizer: No match from Shazam
music_recognizer: No match from Shazam
music_recognizer: Shazam attempt 1/3 hit an error page (rate limit?); retrying in 1.0s
music_recognizer: Shazam attempt 1/3 hit an error page (rate limit?); retrying in 1.0s
music_recognizer: Shazam attempt 2/3 hit an error page (rate limit?); retrying in 2.0s
music_recognizer: Shazam attempt 2/3 hit an error page (rate limit?); retrying in 2.0s
music_recognizer: No match from Shazam
music_recognizer: No match from Shazam
music_recognizer: No match from Shazam
music_recognizer: Shazam attempt 1/3 hit an error page (rate limit?); retrying in 1.0s
music_recognizer: Shazam attempt 2/3 hit an error page (rate limit?); retrying in 2.0s
music_recognizer: Shazam attempt 1/3 hit an error page (rate limit?); retrying in 1.0s
music_recognizer: Audio bytes identification failed: Check args, URL is invalid
URL- https://amp.shazam.com/discovery/v5/en/GB/iphone/-/tag/071F05DC-6E5E-4271-83CF-6685EE2020EB/0D7918E2-65A9-4210-90F1-8BD3B3E7306F?sync=true&webv3=true&sampling=true&connected=&shazamapiversion=v3&sharehub=true&hubv5minorversion=v5.1&hidelb=true&video=v3
music_recognizer: Shazam attempt 2/3 hit an error page (rate limit?); retrying in 2.0s
music_recognizer: No match from Shazam
music_recognizer: No match from Shazam
music_recognizer: No match from Shazam
music_recognizer: Shazam attempt 1/3 hit an error page (rate limit?); retrying in 1.0s
music_recognizer: Shazam attempt 1/3 hit an error page (rate limit?); retrying in 1.0s
music_recognizer: Shazam attempt 2/3 hit an error page (rate limit?); retrying in 2.0s
music_recognizer: Shazam attempt 2/3 hit an error page (rate limit?); retrying in 2.0s
music_recognizer: No match from Shazam
music_recognizer: No match from Shazam
music_recognizer: No match from Shazam
music_recognizer: Shazam attempt 1/3 hit an error page (rate limit?); retrying in 1.0s
music_recognizer: Shazam attempt 2/3 hit an error page (rate limit?); retrying in 2.0s
music_recognizer: Shazam attempt 1/3 hit an error page (rate limit?); retrying in 1.0s
music_recognizer: Audio bytes identification failed: Check args, URL is invalid
URL- https://amp.shazam.com/discovery/v5/en/GB/iphone/-/tag/F8800567-6C23-4198-B24C-58804016B67B/4F46CB5B-D49B-4FD4-BDC9-3540DC137990?sync=true&webv3=true&sampling=true&connected=&shazamapiversion=v3&sharehub=true&hubv5minorversion=v5.1&hidelb=true&video=v3
music_recognizer: Shazam attempt 2/3 hit an error page (rate limit?); retrying in 2.0s
music_recognizer: No match from Shazam
music_recognizer: No match from Shazam
music_recognizer: No match from Shazam
music_recognizer: Shazam attempt 1/3 hit an error page (rate limit?); retrying in 1.0s
music_recognizer: Shazam attempt 1/3 hit an error page (rate limit?); retrying in 1.0s
music_recognizer: Shazam attempt 2/3 hit an error page (rate limit?); retrying in 2.0s
music_recognizer: Shazam attempt 2/3 hit an error page (rate limit?); retrying in 2.0s
music_recognizer: No match from Shazam
music_recognizer: No match from Shazam
music_recognizer: No match from Shazam
music_recognizer: Shazam attempt 1/3 hit an error page (rate limit?); retrying in 1.0s
music_recognizer: Shazam attempt 2/3 hit an error page (rate limit?); retrying in 2.0s
music_recognizer: Shazam attempt 1/3 hit an error page (rate limit?); retrying in 1.0s
music_recognizer: Audio bytes identification failed: Check args, URL is invalid
URL- https://amp.shazam.com/discovery/v5/en/GB/iphone/-/tag/78EA970B-FF4A-4C80-A3BB-C770E5E47E07/CA0E8255-5661-44C1-A5E2-271A97D37BD8?sync=true&webv3=true&sampling=true&connected=&shazamapiversion=v3&sharehub=true&hubv5minorversion=v5.1&hidelb=true&video=v3
music_recognizer: Shazam attempt 2/3 hit an error page (rate limit?); retrying in 2.0s
music_recognizer: No match from Shazam
music_recognizer: No match from Shazam
music_recognizer: No match from Shazam
music_recognizer: Shazam attempt 1/3 hit an error page (rate limit?); retrying in 1.0s
music_recognizer: Shazam attempt 1/3 hit an error page (rate limit?); retrying in 1.0s
music_recognizer: Shazam attempt 2/3 hit an error page (rate limit?); retrying in 2.0s
music_recognizer: Shazam attempt 2/3 hit an error page (rate limit?); retrying in 2.0s
music_recognizer: No match from Shazam
music_recognizer: No match from Shazam
music_recognizer: No match from Shazam
music_recognizer: Shazam attempt 1/3 hit an error page (rate limit?); retrying in 1.0s
music_recognizer: Shazam attempt 2/3 hit an error page (rate limit?); retrying in 2.0s
music_recognizer: Shazam attempt 1/3 hit an error page (rate limit?); retrying in 1.0s
music_recognizer: Audio bytes identification failed: Check args, URL is invalid
URL- https://amp.shazam.com/discovery/v5/en/GB/iphone/-/tag/12EED571-4C6B-491E-BFDA-8E511BBE562D/0D37579B-C814-4DCE-B8EF-5DFA14FF1F8D?sync=true&webv3=true&sampling=true&connected=&shazamapiversion=v3&sharehub=true&hubv5minorversion=v5.1&hidelb=true&video=v3
music_recognizer: Shazam attempt 2/3 hit an error page (rate limit?); retrying in 2.0s
music_recognizer: No match from Shazam
music_recognizer: No match from Shazam
music_recognizer: No match from Shazam
music_recognizer: Shazam attempt 1/3 hit an error page (rate limit?); retrying in 1.0s
music_recognizer: Shazam attempt 1/3 hit an error page (rate limit?); retrying in 1.0s
music_recognizer: Shazam attempt 2/3 hit an error page (rate limit?); retrying in 2.0s
music_recognizer: Shazam attempt 2/3 hit an error page (rate limit?); retrying in 2.0s
music_recognizer: No match from Shazam
music_recognizer: No match from Shazam
music_recognizer: No match from Shazam
music_recognizer: Shazam attempt 1/3 hit an error page (rate limit?); retrying in 1.0s
music_recognizer: Shazam attempt 2/3 hit an error page (rate limit?); retrying in 2.0s
music_recognizer: Shazam attempt 1/3 hit an error page (rate limit?); retrying in 1.0s
music_recognizer: Audio bytes identification failed: Check args, URL is invalid
URL- https://amp.shazam.com/discovery/v5/en/GB/iphone/-/tag/A8E71044-2DA5-4B95-A875-224B335FAEEF/B2B204D6-4AA6-43C7-A030-9EB943E60593?sync=true&webv3=true&sampling=true&connected=&shazamapiversion=v3&sharehub=true&hubv5minorversion=v5.1&hidelb=true&video=v3
music_recognizer: Shazam attempt 2/3 hit an error page (rate limit?); retrying in 2.0s
music_recognizer: No match from Shazam
music_recognizer: No match from Shazam
music_recognizer: No match from Shazam
music_recognizer: Shazam attempt 1/3 hit an error page (rate limit?); retrying in 1.0s
music_recognizer: Shazam attempt 1/3 hit an error page (rate limit?); retrying in 1.0s
music_recognizer: Shazam attempt 2/3 hit an error page (rate limit?); retrying in 2.0s
music_recognizer: Shazam attempt 2/3 hit an error page (rate limit?); retrying in 2.0s
music_recognizer: No match from Shazam
music_recognizer: No match from Shazam
music_recognizer: No match from Shazam
music_recognizer: Shazam attempt 1/3 hit an error page (rate limit?); retrying in 1.0s
music_recognizer: Shazam attempt 2/3 hit an error page (rate limit?); retrying in 2.0s
music_recognizer: Shazam attempt 1/3 hit an error page (rate limit?); retrying in 1.0s
music_recognizer: Audio bytes identification failed: Check args, URL is invalid
URL- https://amp.shazam.com/discovery/v5/en/GB/iphone/-/tag/FB3B7206-C2C7-4088-B619-5B9BE5BEE11C/7BF6FBF6-E65D-4A33-87EF-48C2FBF555BF?sync=true&webv3=true&sampling=true&connected=&shazamapiversion=v3&sharehub=true&hubv5minorversion=v5.1&hidelb=true&video=v3
music_recognizer: Shazam attempt 2/3 hit an error page (rate limit?); retrying in 2.0s
music_recognizer: No match from Shazam
music_recognizer: No match from Shazam
music_recognizer: No match from Shazam
music_recognizer: Shazam attempt 1/3 hit an error page (rate limit?); retrying in 1.0s
music_recognizer: Shazam attempt 1/3 hit an error page (rate limit?); retrying in 1.0s
music_recognizer: Shazam attempt 2/3 hit an error page (rate limit?); retrying in 2.0s
music_recognizer: Shazam attempt 2/3 hit an error page (rate limit?); retrying in 2.0s
music_recognizer: No match from Shazam
music_recognizer: No match from Shazam
music_recognizer: No match from Shazam
music_recognizer: Shazam attempt 1/3 hit an error page (rate limit?); retrying in 1.0s
music_recognizer: Shazam attempt 2/3 hit an error page (rate limit?); retrying in 2.0s
music_recognizer: Shazam attempt 1/3 hit an error page (rate limit?); retrying in 1.0s
music_recognizer: Audio bytes identification failed: Check args, URL is invalid
URL- https://amp.shazam.com/discovery/v5/en/GB/iphone/-/tag/6109F3CD-3E14-456C-AE2D-C4496AFD4286/E9BB338B-C26A-4B35-BC57-B7CE354E565F?sync=true&webv3=true&sampling=true&connected=&shazamapiversion=v3&sharehub=true&hubv5minorversion=v5.1&hidelb=true&video=v3
music_recognizer: Shazam attempt 2/3 hit an error page (rate limit?); retrying in 2.0s
music_recognizer: No match from Shazam
music_recognizer: No match from Shazam
music_recognizer: No match from Shazam
music_recognizer: Shazam attempt 1/3 hit an error page (rate limit?); retrying in 1.0s
music_recognizer: Shazam attempt 1/3 hit an error page (rate limit?); retrying in 1.0s
music_recognizer: Shazam attempt 2/3 hit an error page (rate limit?); retrying in 2.0s
music_recognizer: Shazam attempt 2/3 hit an error page (rate limit?); retrying in 2.0s
music_recognizer: No match from Shazam
music_recognizer: No match from Shazam
music_recognizer: No match from Shazam
music_recognizer: Shazam attempt 1/3 hit an error page (rate limit?); retrying in 1.0s
music_recognizer: Shazam attempt 2/3 hit an error page (rate limit?); retrying in 2.0s
music_recognizer: Shazam attempt 1/3 hit an error page (rate limit?); retrying in 1.0s
music_recognizer: Audio bytes identification failed: Check args, URL is invalid
URL- https://amp.shazam.com/discovery/v5/en/GB/iphone/-/tag/EAAA06A4-D9AE-4277-9A57-698F0C66DFDB/354959E7-B19C-4D65-9116-0BF6C8A1F600?sync=true&webv3=true&sampling=true&connected=&shazamapiversion=v3&sharehub=true&hubv5minorversion=v5.1&hidelb=true&video=v3
music_recognizer: Shazam attempt 2/3 hit an error page (rate limit?); retrying in 2.0s
music_recognizer: No match from Shazam
music_recognizer: No match from Shazam
music_recognizer: No match from Shazam
music_recognizer: Shazam attempt 1/3 hit an error page (rate limit?); retrying in 1.0s
music_recognizer: Shazam attempt 1/3 hit an error page (rate limit?); retrying in 1.0s
music_recognizer: Shazam attempt 2/3 hit an error page (rate limit?); retrying in 2.0s
music_recognizer: Shazam attempt 2/3 hit an error page (rate limit?); retrying in 2.0s
music_recognizer: No match from Shazam
music_recognizer: No match from Shazam
music_recognizer: No match from Shazam
music_recognizer: Shazam attempt 1/3 hit an error page (rate limit?); retrying in 1.0s
music_recognizer: Shazam attempt 2/3 hit an error page (rate limit?); retrying in 2.0s
music_recognizer: Shazam attempt 1/3 hit an error page (rate limit?); retrying in 1.0s
music_recognizer: Audio bytes identification failed: Check args, URL is invalid
URL- https://amp.shazam.com/discovery/v5/en/GB/iphone/-/tag/92021DB0-53AB-40DE-9843-2A1AE8432490/FFD240CB-3640-40E6-98BD-535D8FFC5AA0?sync=true&webv3=true&sampling=true&connected=&shazamapiversion=v3&sharehub=true&hubv5minorversion=v5.1&hidelb=true&video=v3
music_recognizer: Shazam attempt 2/3 hit an error page (rate limit?); retrying in 2.0s
music_recognizer: No match from Shazam
music_recognizer: No match from Shazam
music_recognizer: No match from Shazam
music_recognizer: Shazam attempt 1/3 hit an error page (rate limit?); retrying in 1.0s
music_recognizer: Shazam attempt 1/3 hit an error page (rate limit?); retrying in 1.0s
music_recognizer: Shazam attempt 2/3 hit an error page (rate limit?); retrying in 2.0s
music_recognizer: Shazam attempt 2/3 hit an error page (rate limit?); retrying in 2.0s
music_recognizer: No match from Shazam
music_recognizer: No match from Shazam
music_recognizer: No match from Shazam
music_recognizer: Shazam attempt 1/3 hit an error page (rate limit?); retrying in 1.0s
music_recognizer: Shazam attempt 2/3 hit an error page (rate limit?); retrying in 2.0s
music_recognizer: Shazam attempt 1/3 hit an error page (rate limit?); retrying in 1.0s
music_recognizer: Audio bytes identification failed: Check args, URL is invalid
URL- https://amp.shazam.com/discovery/v5/en/GB/iphone/-/tag/1730E322-1161-4D5C-8109-A1B91B0955E5/42D19846-5C45-4D9B-B6EE-82A4B3AB10A0?sync=true&webv3=true&sampling=true&connected=&shazamapiversion=v3&sharehub=true&hubv5minorversion=v5.1&hidelb=true&video=v3
music_recognizer: Shazam attempt 2/3 hit an error page (rate limit?); retrying in 2.0s
music_recognizer: No match from Shazam
music_recognizer: No match from Shazam
music_recognizer: No match from Shazam
music_recognizer: Shazam attempt 1/3 hit an error page (rate limit?); retrying in 1.0s
music_recognizer: Shazam attempt 1/3 hit an error page (rate limit?); retrying in 1.0s
music_recognizer: Shazam attempt 2/3 hit an error page (rate limit?); retrying in 2.0s
music_recognizer: Shazam attempt 2/3 hit an error page (rate limit?); retrying in 2.0s
music_recognizer: No match from Shazam
music_recognizer: No match from Shazam
music_recognizer: No match from Shazam
music_recognizer: Shazam attempt 1/3 hit an error page (rate limit?); retrying in 1.0s
music_recognizer: Shazam attempt 2/3 hit an error page (rate limit?); retrying in 2.0s
music_recognizer: Shazam attempt 1/3 hit an error page (rate limit?); retrying in 1.0s
music_recognizer: Audio bytes identification failed: Check args, URL is invalid
URL- https://amp.shazam.com/discovery/v5/en/GB/iphone/-/tag/0B0F87E1-1B83-4B96-8DB2-85FC7AF77A19/E4953D77-8266-4A83-A8AA-381695B450D5?sync=true&webv3=true&sampling=true&connected=&shazamapiversion=v3&sharehub=true&hubv5minorversion=v5.1&hidelb=true&video=v3
music_recognizer: Shazam attempt 2/3 hit an error page (rate limit?); retrying in 2.0s
music_recognizer: No match from Shazam
music_recognizer: No match from Shazam
music_recognizer: No match from Shazam
music_recognizer: Shazam attempt 1/3 hit an error page (rate limit?); retrying in 1.0s
music_recognizer: Shazam attempt 1/3 hit an error page (rate limit?); retrying in 1.0s
music_recognizer: Shazam attempt 2/3 hit an error page (rate limit?); retrying in 2.0s
music_recognizer: Shazam attempt 2/3 hit an error page (rate limit?); retrying in 2.0s
music_recognizer: No match from Shazam
music_recognizer: No match from Shazam
music_recognizer: No match from Shazam
music_recognizer: Shazam attempt 1/3 hit an error page (rate limit?); retrying in 1.0s
music_recognizer: Shazam attempt 2/3 hit an error page (rate limit?); retrying in 2.0s
music_recognizer: Shazam attempt 1/3 hit an error page (rate limit?); retrying in 1.0s
music_recognizer: Audio bytes identification failed: Check args, URL is invalid
URL- https://amp.shazam.com/discovery/v5/en/GB/iphone/-/tag/BE95B46E-8C0D-4F49-98F1-12AFE25D85AC/727B704C-F94F-41C6-96D2-380B1AC3EF10?sync=true&webv3=true&sampling=true&connected=&shazamapiversion=v3&sharehub=true&hubv5minorversion=v5.1&hidelb=true&video=v3
music_recognizer: Shazam attempt 2/3 hit an error page (rate limit?); retrying in 2.0s
music_recognizer: No match from Shazam
music_recognizer: No match from Shazam
music_recognizer: No match from Shazam
music_recognizer: Shazam attempt 1/3 hit an error page (rate limit?); retrying in 1.0s
music_recognizer: Shazam attempt 1/3 hit an error page (rate limit?); retrying in 1.0s
music_recognizer: Shazam attempt 2/3 hit an error page (rate limit?); retrying in 2.0s
music_recognizer: Shazam attempt 2/3 hit an error page (rate limit?); retrying in 2.0s
music_recognizer: No match from Shazam
music_recognizer: No match from Shazam
music_recognizer: No match from Shazam
music_recognizer: Shazam attempt 1/3 hit an error page (rate limit?); retrying in 1.0s
music_recognizer: Shazam attempt 2/3 hit an error page (rate limit?); retrying in 2.0s
music_recognizer: Shazam attempt 1/3 hit an error page (rate limit?); retrying in 1.0s
music_recognizer: Audio bytes identification failed: Check args, URL is invalid
URL- https://amp.shazam.com/discovery/v5/en/GB/iphone/-/tag/A19CDACD-0A5C-43FF-921C-2D42AF78CCB9/FF079E7F-C3D7-4A61-85A3-06CB72BE8E5E?sync=true&webv3=true&sampling=true&connected=&shazamapiversion=v3&sharehub=true&hubv5minorversion=v5.1&hidelb=true&video=v3
music_recognizer: Shazam attempt 2/3 hit an error page (rate limit?); retrying in 2.0s
music_recognizer: No match from Shazam
music_recognizer: No match from Shazam
music_recognizer: No match from Shazam
music_recognizer: Shazam attempt 1/3 hit an error page (rate limit?); retrying in 1.0s
music_recognizer: Shazam attempt 1/3 hit an error page (rate limit?); retrying in 1.0s
music_recognizer: Shazam attempt 2/3 hit an error page (rate limit?); retrying in 2.0s
music_recognizer: Shazam attempt 2/3 hit an error page (rate limit?); retrying in 2.0s
music_recognizer: No match from Shazam
music_recognizer: No match from Shazam
music_recognizer: No match from Shazam
music_recognizer: Shazam attempt 1/3 hit an error page (rate limit?); retrying in 1.0s
music_recognizer: Shazam attempt 2/3 hit an error page (rate limit?); retrying in 2.0s
music_recognizer: Shazam attempt 1/3 hit an error page (rate limit?); retrying in 1.0s
music_recognizer: Audio bytes identification failed: Check args, URL is invalid
URL- https://amp.shazam.com/discovery/v5/en/GB/iphone/-/tag/B0F6C0C9-4B78-4FC1-9512-F3C6CBBAA4A5/079C6ACB-3D04-439B-BB10-70F4A5C74B0D?sync=true&webv3=true&sampling=true&connected=&shazamapiversion=v3&sharehub=true&hubv5minorversion=v5.1&hidelb=true&video=v3
music_recognizer: Shazam attempt 2/3 hit an error page (rate limit?); retrying in 2.0s
music_recognizer: No match from Shazam
music_recognizer: No match from Shazam
music_recognizer: No match from Shazam
music_recognizer: Shazam attempt 1/3 hit an error page (rate limit?); retrying in 1.0s
music_recognizer: Shazam attempt 1/3 hit an error page (rate limit?); retrying in 1.0s
music_recognizer: Shazam attempt 2/3 hit an error page (rate limit?); retrying in 2.0s
music_recognizer: Shazam attempt 2/3 hit an error page (rate limit?); retrying in 2.0s
music_recognizer: No match from Shazam
music_recognizer: No match from Shazam
music_recognizer: No match from Shazam
music_recognizer: Shazam attempt 1/3 hit an error page (rate limit?); retrying in 1.0s
music_recognizer: Shazam attempt 2/3 hit an error page (rate limit?); retrying in 2.0s
music_recognizer: Shazam attempt 1/3 hit an error page (rate limit?); retrying in 1.0s
music_recognizer: Audio bytes identification failed: Check args, URL is invalid
URL- https://amp.shazam.com/discovery/v5/en/GB/iphone/-/tag/55447374-2D7E-44DD-8754-C8D13DEE6D9A/71C7AB94-85AA-4F32-857D-DB6ABC02FCE6?sync=true&webv3=true&sampling=true&connected=&shazamapiversion=v3&sharehub=true&hubv5minorversion=v5.1&hidelb=true&video=v3
music_recognizer: Shazam attempt 2/3 hit an error page (rate limit?); retrying in 2.0s
music_recognizer: No match from Shazam
music_recognizer: No match from Shazam
music_recognizer: No match from Shazam
music_recognizer: Shazam attempt 1/3 hit an error page (rate limit?); retrying in 1.0s
music_recognizer: Shazam attempt 1/3 hit an error page (rate limit?); retrying in 1.0s
music_recognizer: Shazam attempt 2/3 hit an error page (rate limit?); retrying in 2.0s
music_recognizer: Shazam attempt 2/3 hit an error page (rate limit?); retrying in 2.0s
music_recognizer: No match from Shazam
music_recognizer: No match from Shazam
music_recognizer: No match from Shazam
music_recognizer: Shazam attempt 1/3 hit an error page (rate limit?); retrying in 1.0s
music_recognizer: Shazam attempt 2/3 hit an error page (rate limit?); retrying in 2.0s
music_recognizer: Shazam attempt 1/3 hit an error page (rate limit?); retrying in 1.0s
music_recognizer: Audio bytes identification failed: Check args, URL is invalid
URL- https://amp.shazam.com/discovery/v5/en/GB/iphone/-/tag/8D4E7B66-62B2-4B34-8E81-8EDB96B566AC/1A8020FB-5248-4962-8518-BA6B600A76AE?sync=true&webv3=true&sampling=true&connected=&shazamapiversion=v3&sharehub=true&hubv5minorversion=v5.1&hidelb=true&video=v3
music_recognizer: Shazam attempt 2/3 hit an error page (rate limit?); retrying in 2.0s
music_recognizer: No match from Shazam
music_recognizer: No match from Shazam
music_recognizer: No match from Shazam
music_recognizer: Shazam attempt 1/3 hit an error page (rate limit?); retrying in 1.0s
music_recognizer: Shazam attempt 1/3 hit an error page (rate limit?); retrying in 1.0s
music_recognizer: Shazam attempt 2/3 hit an error page (rate limit?); retrying in 2.0s
music_recognizer: Shazam attempt 2/3 hit an error page (rate limit?); retrying in 2.0s
music_recognizer: No match from Shazam
music_recognizer: No match from Shazam
music_recognizer: No match from Shazam
music_recognizer: Shazam attempt 1/3 hit an error page (rate limit?); retrying in 1.0s
music_recognizer: Shazam attempt 2/3 hit an error page (rate limit?); retrying in 2.0s
music_recognizer: Shazam attempt 1/3 hit an error page (rate limit?); retrying in 1.0s
music_recognizer: Audio bytes identification failed: Check args, URL is invalid
URL- https://amp.shazam.com/discovery/v5/en/GB/iphone/-/tag/F394EBCE-5968-4277-8327-41C0F824F42A/22EE4258-53CC-4E9C-A300-6C650B0AB39C?sync=true&webv3=true&sampling=true&connected=&shazamapiversion=v3&sharehub=true&hubv5minorversion=v5.1&hidelb=true&video=v3
music_recognizer: Shazam attempt 2/3 hit an error page (rate limit?); retrying in 2.0s
music_recognizer: No match from Shazam
music_recognizer: No match from Shazam
music_recognizer: No match from Shazam
music_recognizer: Shazam attempt 1/3 hit an error page (rate limit?); retrying in 1.0s
music_recognizer: Shazam attempt 1/3 hit an error page (rate limit?); retrying in 1.0s
music_recognizer: Shazam attempt 2/3 hit an error page (rate limit?); retrying in 2.0s
music_recognizer: Shazam attempt 2/3 hit an error page (rate limit?); retrying in 2.0s
music_recognizer: No match from Shazam
music_recognizer: No match from Shazam
music_recognizer: No match from Shazam
music_recognizer: Shazam attempt 1/3 hit an error page (rate limit?); retrying in 1.0s
music_recognizer: Shazam attempt 2/3 hit an error page (rate limit?); retrying in 2.0s
music_recognizer: Shazam attempt 1/3 hit an error page (rate limit?); retrying in 1.0s
music_recognizer: Audio bytes identification failed: Check args, URL is invalid
URL- https://amp.shazam.com/discovery/v5/en/GB/iphone/-/tag/15AA0BE2-9CD5-442C-A559-0208ED19DF92/0B5C869B-DEEF-4808-8AED-B701455A2FA0?sync=true&webv3=true&sampling=true&connected=&shazamapiversion=v3&sharehub=true&hubv5minorversion=v5.1&hidelb=true&video=v3
music_recognizer: Shazam attempt 2/3 hit an error page (rate limit?); retrying in 2.0s
music_recognizer: No match from Shazam
music_recognizer: No match from Shazam
music_recognizer: No match from Shazam
music_recognizer: Shazam attempt 1/3 hit an error page (rate limit?); retrying in 1.0s
music_recognizer: Shazam attempt 1/3 hit an error page (rate limit?); retrying in 1.0s
music_recognizer: Shazam attempt 2/3 hit an error page (rate limit?); retrying in 2.0s
music_recognizer: Shazam attempt 2/3 hit an error page (rate limit?); retrying in 2.0s
music_recognizer: No match from Shazam
music_recognizer: No match from Shazam
music_recognizer: No match from Shazam
music_recognizer: Shazam attempt 1/3 hit an error page (rate limit?); retrying in 1.0s
music_recognizer: Shazam attempt 2/3 hit an error page (rate limit?); retrying in 2.0s
music_recognizer: Shazam attempt 1/3 hit an error page (rate limit?); retrying in 1.0s
music_recognizer: Audio bytes identification failed: Check args, URL is invalid
URL- https://amp.shazam.com/discovery/v5/en/GB/iphone/-/tag/B7629E31-5E84-40E2-9F5D-36ED22312FA0/E8C3754D-79B6-465D-8A27-77C6CA6C1250?sync=true&webv3=true&sampling=true&connected=&shazamapiversion=v3&sharehub=true&hubv5minorversion=v5.1&hidelb=true&video=v3
music_recognizer: Shazam attempt 2/3 hit an error page (rate limit?); retrying in 2.0s
music_recognizer: No match from Shazam
music_recognizer: No match from Shazam
music_recognizer: No match from Shazam
music_recognizer: Shazam attempt 1/3 hit an error page (rate limit?); retrying in 1.0s
music_recognizer: Shazam attempt 1/3 hit an error page (rate limit?); retrying in 1.0s
music_recognizer: Shazam attempt 2/3 hit an error page (rate limit?); retrying in 2.0s
music_recognizer: Shazam attempt 2/3 hit an error page (rate limit?); retrying in 2.0s
music_recognizer: No match from Shazam
music_recognizer: No match from Shazam
music_recognizer: No match from Shazam
music_recognizer: Shazam attempt 1/3 hit an error page (rate limit?); retrying in 1.0s
music_recognizer: Shazam attempt 2/3 hit an error page (rate limit?); retrying in 2.0s
music_recognizer: Shazam attempt 1/3 hit an error page (rate limit?); retrying in 1.0s
music_recognizer: Audio bytes identification failed: Check args, URL is invalid
URL- https://amp.shazam.com/discovery/v5/en/GB/iphone/-/tag/E0571550-194D-4264-ABB6-25365CD4248D/8E0000A1-1F5C-408C-BCC5-ECC0DB59463B?sync=true&webv3=true&sampling=true&connected=&shazamapiversion=v3&sharehub=true&hubv5minorversion=v5.1&hidelb=true&video=v3
music_recognizer: Shazam attempt 2/3 hit an error page (rate limit?); retrying in 2.0s
music_recognizer: No match from Shazam
music_recognizer: No match from Shazam
music_recognizer: No match from Shazam
music_recognizer: Shazam attempt 1/3 hit an error page (rate limit?); retrying in 1.0s
music_recognizer: Shazam attempt 1/3 hit an error page (rate limit?); retrying in 1.0s
music_recognizer: Shazam attempt 2/3 hit an error page (rate limit?); retrying in 2.0s
music_recognizer: Shazam attempt 2/3 hit an error page (rate limit?); retrying in 2.0s
music_recognizer: No match from Shazam
music_recognizer: No match from Shazam
music_recognizer: No match from Shazam
music_recognizer: Shazam attempt 1/3 hit an error page (rate limit?); retrying in 1.0s
music_recognizer: Shazam attempt 2/3 hit an error page (rate limit?); retrying in 2.0s
music_recognizer: Shazam attempt 1/3 hit an error page (rate limit?); retrying in 1.0s
music_recognizer: Audio bytes identification failed: Check args, URL is invalid
URL- https://amp.shazam.com/discovery/v5/en/GB/iphone/-/tag/27ADB227-2E9E-437D-AC0C-549689EDFA46/8FFE96DB-D9D5-4B14-B950-A6EA621749CF?sync=true&webv3=true&sampling=true&connected=&shazamapiversion=v3&sharehub=true&hubv5minorversion=v5.1&hidelb=true&video=v3
music_recognizer: Shazam attempt 2/3 hit an error page (rate limit?); retrying in 2.0s
music_recognizer: No match from Shazam
music_recognizer: No match from Shazam
music_recognizer: No match from Shazam
music_recognizer: Shazam attempt 1/3 hit an error page (rate limit?); retrying in 1.0s
music_recognizer: Shazam attempt 1/3 hit an error page (rate limit?); retrying in 1.0s
music_recognizer: Shazam attempt 2/3 hit an error page (rate limit?); retrying in 2.0s
music_recognizer: Shazam attempt 2/3 hit an error page (rate limit?); retrying in 2.0s
music_recognizer: No match from Shazam
music_recognizer: No match from Shazam
music_recognizer: No match from Shazam
music_recognizer: Shazam attempt 1/3 hit an error page (rate limit?); retrying in 1.0s
music_recognizer: Shazam attempt 2/3 hit an error page (rate limit?); retrying in 2.0s
music_recognizer: Shazam attempt 1/3 hit an error page (rate limit?); retrying in 1.0s
music_recognizer: Audio bytes identification failed: Check args, URL is invalid
URL- https://amp.shazam.com/discovery/v5/en/GB/iphone/-/tag/72A83F94-3A52-434F-87E4-764E1598364F/0A9EBD62-9124-40BF-BB7B-76924105D8D7?sync=true&webv3=true&sampling=true&connected=&shazamapiversion=v3&sharehub=true&hubv5minorversion=v5.1&hidelb=true&video=v3
music_recognizer: Shazam attempt 2/3 hit an error page (rate limit?); retrying in 2.0s
music_recognizer: No match from Shazam
music_recognizer: No match from Shazam
music_recognizer: No match from Shazam
music_recognizer: Shazam attempt 1/3 hit an error page (rate limit?); retrying in 1.0s
music_recognizer: Shazam attempt 1/3 hit an error page (rate limit?); retrying in 1.0s
music_recognizer: Shazam attempt 2/3 hit an error page (rate limit?); retrying in 2.0s
music_recognizer: Shazam attempt 2/3 hit an error page (rate limit?); retrying in 2.0s
music_recognizer: No match from Shazam
music_recognizer: No match from Shazam
music_recognizer: No match from Shazam
music_recognizer: Shazam attempt 1/3 hit an error page (rate limit?); retrying in 1.0s
music_recognizer: Shazam attempt 2/3 hit an error page (rate limit?); retrying in 2.0s
music_recognizer: Shazam attempt 1/3 hit an error page (rate limit?); retrying in 1.0s
music_recognizer: Audio bytes identification failed: Check args, URL is invalid
URL- https://amp.shazam.com/discovery/v5/en/GB/iphone/-/tag/0F098D7F-669D-456D-8A8C-8281181A82E0/71056D4E-24C6-4EB0-98BE-B7AB6809F781?sync=true&webv3=true&sampling=true&connected=&shazamapiversion=v3&sharehub=true&hubv5minorversion=v5.1&hidelb=true&video=v3
music_recognizer: Shazam attempt 2/3 hit an error page (rate limit?); retrying in 2.0s
music_recognizer: No match from Shazam
music_recognizer: No match from Shazam
music_recognizer: No match from Shazam
music_recognizer: Shazam attempt 1/3 hit an error page (rate limit?); retrying in 1.0s
music_recognizer: Shazam attempt 1/3 hit an error page (rate limit?); retrying in 1.0s
music_recognizer: Shazam attempt 2/3 hit an error page (rate limit?); retrying in 2.0s
music_recognizer: Shazam attempt 2/3 hit an error page (rate limit?); retrying in 2.0s
music_recognizer: No match from Shazam
music_recognizer: No match from Shazam
music_recognizer: No match from Shazam
music_recognizer: Shazam attempt 1/3 hit an error page (rate limit?); retrying in 1.0s
music_recognizer: Shazam attempt 2/3 hit an error page (rate limit?); retrying in 2.0s
music_recognizer: Shazam attempt 1/3 hit an error page (rate limit?); retrying in 1.0s
music_recognizer: Audio bytes identification failed: Check args, URL is invalid
URL- https://amp.shazam.com/discovery/v5/en/GB/iphone/-/tag/4ECD2829-ACAF-43DA-9071-29050629BA7B/91C34568-D51B-4323-A9BE-6BA33E3BFEF7?sync=true&webv3=true&sampling=true&connected=&shazamapiversion=v3&sharehub=true&hubv5minorversion=v5.1&hidelb=true&video=v3
music_recognizer: Shazam attempt 2/3 hit an error page (rate limit?); retrying in 2.0s
music_recognizer: No match from Shazam
music_recognizer: No match from Shazam
music_recognizer: No match from Shazam
music_recognizer: Shazam attempt 1/3 hit an error page (rate limit?); retrying in 1.0s
music_recognizer: Shazam attempt 1/3 hit an error page (rate limit?); retrying in 1.0s
music_recognizer: Shazam attempt 2/3 hit an error page (rate limit?); retrying in 2.0s
music_recognizer: Shazam attempt 2/3 hit an error page (rate limit?); retrying in 2.0s
music_recognizer: No match from Shazam
music_recognizer: No match from Shazam
music_recognizer: No match from Shazam
music_recognizer: Shazam attempt 1/3 hit an error page (rate limit?); retrying in 1.0s
music_recognizer: Shazam attempt 2/3 hit an error page (rate limit?); retrying in 2.0s
music_recognizer: Shazam attempt 1/3 hit an error page (rate limit?); retrying in 1.0s
music_recognizer: Audio bytes identification failed: Check args, URL is invalid
URL- https://amp.shazam.com/discovery/v5/en/GB/iphone/-/tag/FD1B5238-0DFC-4983-96E1-ACB8A5906D59/FC84DF38-784D-4ACF-85E6-315766834D9B?sync=true&webv3=true&sampling=true&connected=&shazamapiversion=v3&sharehub=true&hubv5minorversion=v5.1&hidelb=true&video=v3
music_recognizer: Shazam attempt 2/3 hit an error page (rate limit?); retrying in 2.0s
music_recognizer: No match from Shazam
music_recognizer: No match from Shazam
music_recognizer: No match from Shazam
music_recognizer: Shazam attempt 1/3 hit an error page (rate limit?); retrying in 1.0s
music_recognizer: Shazam attempt 1/3 hit an error page (rate limit?); retrying in 1.0s
music_recognizer: Shazam attempt 2/3 hit an error page (rate limit?); retrying in 2.0s
music_recognizer: Shazam attempt 2/3 hit an error page (rate limit?); retrying in 2.0s
music_recognizer: No match from Shazam
music_recognizer: No match from Shazam
music_recognizer: No match from Shazam
music_recognizer: Shazam attempt 1/3 hit an error page (rate limit?); retrying in 1.0s
music_recognizer: Shazam attempt 2/3 hit an error page (rate limit?); retrying in 2.0s
music_recognizer: Shazam attempt 1/3 hit an error page (rate limit?); retrying in 1.0s
music_recognizer: Audio bytes identification failed: Check args, URL is invalid
URL- https://amp.shazam.com/discovery/v5/en/GB/iphone/-/tag/15EBAF7F-0C28-4AA5-B065-03A03D575B08/748D9260-A6C5-4294-8056-77F882EB173D?sync=true&webv3=true&sampling=true&connected=&shazamapiversion=v3&sharehub=true&hubv5minorversion=v5.1&hidelb=true&video=v3
music_recognizer: Shazam attempt 2/3 hit an error page (rate limit?); retrying in 2.0s
music_recognizer: No match from Shazam
music_recognizer: No match from Shazam
music_recognizer: No match from Shazam
music_recognizer: Shazam attempt 1/3 hit an error page (rate limit?); retrying in 1.0s
music_recognizer: Shazam attempt 1/3 hit an error page (rate limit?); retrying in 1.0s
music_recognizer: Shazam attempt 2/3 hit an error page (rate limit?); retrying in 2.0s
music_recognizer: Shazam attempt 2/3 hit an error page (rate limit?); retrying in 2.0s
music_recognizer: No match from Shazam
music_recognizer: No match from Shazam
music_recognizer: No match from Shazam
music_recognizer: Shazam attempt 1/3 hit an error page (rate limit?); retrying in 1.0s
music_recognizer: Shazam attempt 2/3 hit an error page (rate limit?); retrying in 2.0s
music_recognizer: Shazam attempt 1/3 hit an error page (rate limit?); retrying in 1.0s
music_recognizer: Audio bytes identification failed: Check args, URL is invalid
URL- https://amp.shazam.com/discovery/v5/en/GB/iphone/-/tag/A2A2D62D-7B90-4283-BC88-1BAD451996B8/3EB32E74-89B3-42C2-9F1F-384AEA8B46BB?sync=true&webv3=true&sampling=true&connected=&shazamapiversion=v3&sharehub=true&hubv5minorversion=v5.1&hidelb=true&video=v3
music_recognizer: Shazam attempt 2/3 hit an error page (rate limit?); retrying in 2.0s
music_recognizer: No match from Shazam
music_recognizer: No match from Shazam
music_recognizer: No match from Shazam
music_recognizer: Shazam attempt 1/3 hit an error page (rate limit?); retrying in 1.0s
music_recognizer: Shazam attempt 1/3 hit an error page (rate limit?); retrying in 1.0s
music_recognizer: Shazam attempt 2/3 hit an error page (rate limit?); retrying in 2.0s
music_recognizer: Shazam attempt 2/3 hit an error page (rate limit?); retrying in 2.0s
music_recognizer: No match from Shazam
music_recognizer: No match from Shazam
music_recognizer: No match from Shazam
music_recognizer: Shazam attempt 1/3 hit an error page (rate limit?); retrying in 1.0s
music_recognizer: Shazam attempt 2/3 hit an error page (rate limit?); retrying in 2.0s
music_recognizer: Shazam attempt 1/3 hit an error page (rate limit?); retrying in 1.0s
music_recognizer: Audio bytes identification failed: Check args, URL is invalid
URL- https://amp.shazam.com/discovery/v5/en/GB/iphone/-/tag/64199721-D9FB-4903-8A85-A4D608150B2D/00B2447C-33D5-40CA-AFBA-BC2B5F13EC62?sync=true&webv3=true&sampling=true&connected=&shazamapiversion=v3&sharehub=true&hubv5minorversion=v5.1&hidelb=true&video=v3
music_recognizer: Shazam attempt 2/3 hit an error page (rate limit?); retrying in 2.0s
music_recognizer: No match from Shazam
music_recognizer: No match from Shazam
music_recognizer: No match from Shazam
music_recognizer: Shazam attempt 1/3 hit an error page (rate limit?); retrying in 1.0s
music_recognizer: Shazam attempt 1/3 hit an error page (rate limit?); retrying in 1.0s
music_recognizer: Shazam attempt 2/3 hit an error page (rate limit?); retrying in 2.0s
music_recognizer: Shazam attempt 2/3 hit an error page (rate limit?); retrying in 2.0s
music_recognizer: No match from Shazam
music_recognizer: No match from Shazam
music_recognizer: No match from Shazam
music_recognizer: Shazam attempt 1/3 hit an error page (rate limit?); retrying in 1.0s
music_recognizer: Shazam attempt 2/3 hit an error page (rate limit?); retrying in 2.0s
music_recognizer: Shazam attempt 1/3 hit an error page (rate limit?); retrying in 1.0s
music_recognizer: Audio bytes identification failed: Check args, URL is invalid
URL- https://amp.shazam.com/discovery/v5/en/GB/iphone/-/tag/06D9FE44-2A28-4F74-A5F1-269BA5512DAD/4AEEEAF6-E9AA-4233-850A-9E0F521D34A6?sync=true&webv3=true&sampling=true&connected=&shazamapiversion=v3&sharehub=true&hubv5minorversion=v5.1&hidelb=true&video=v3
music_recognizer: Shazam attempt 2/3 hit an error page (rate limit?); retrying in 2.0s
music_recognizer: No match from Shazam
music_recognizer: No match from Shazam
music_recognizer: No match from Shazam
music_recognizer: Shazam attempt 1/3 hit an error page (rate limit?); retrying in 1.0s
music_recognizer: Shazam attempt 1/3 hit an error page (rate limit?); retrying in 1.0s
music_recognizer: Shazam attempt 2/3 hit an error page (rate limit?); retrying in 2.0s
music_recognizer: Shazam attempt 2/3 hit an error page (rate limit?); retrying in 2.0s
music_recognizer: No match from Shazam
music_recognizer: No match from Shazam
music_recognizer: No match from Shazam
music_recognizer: Shazam attempt 1/3 hit an error page (rate limit?); retrying in 1.0s
music_recognizer: Shazam attempt 2/3 hit an error page (rate limit?); retrying in 2.0s
music_recognizer: Shazam attempt 1/3 hit an error page (rate limit?); retrying in 1.0s
music_recognizer: Audio bytes identification failed: Check args, URL is invalid
URL- https://amp.shazam.com/discovery/v5/en/GB/iphone/-/tag/06CBBA35-4A3B-4D1E-91B5-0E881C8F7599/DE57469B-1622-4263-9B1C-984DC230AB3C?sync=true&webv3=true&sampling=true&connected=&shazamapiversion=v3&sharehub=true&hubv5minorversion=v5.1&hidelb=true&video=v3
music_recognizer: Shazam attempt 2/3 hit an error page (rate limit?); retrying in 2.0s
music_recognizer: No match from Shazam
music_recognizer: No match from Shazam
music_recognizer: No match from Shazam
music_recognizer: Shazam attempt 1/3 hit an error page (rate limit?); retrying in 1.0s
music_recognizer: Shazam attempt 1/3 hit an error page (rate limit?); retrying in 1.0s
music_recognizer: Shazam attempt 2/3 hit an error page (rate limit?); retrying in 2.0s
music_recognizer: Shazam attempt 2/3 hit an error page (rate limit?); retrying in 2.0s
music_recognizer: No match from Shazam
music_recognizer: No match from Shazam
music_recognizer: No match from Shazam
music_recognizer: Shazam attempt 1/3 hit an error page (rate limit?); retrying in 1.0s
music_recognizer: Shazam attempt 2/3 hit an error page (rate limit?); retrying in 2.0s
music_recognizer: Shazam attempt 1/3 hit an error page (rate limit?); retrying in 1.0s
music_recognizer: Audio bytes identification failed: Check args, URL is invalid
URL- https://amp.shazam.com/discovery/v5/en/GB/iphone/-/tag/066895BE-3A57-49EF-80C3-8555479750BD/389E6E05-E85F-4663-BFA0-6C9AE58115BC?sync=true&webv3=true&sampling=true&connected=&shazamapiversion=v3&sharehub=true&hubv5minorversion=v5.1&hidelb=true&video=v3
music_recognizer: Shazam attempt 2/3 hit an error page (rate limit?); retrying in 2.0s
music_recognizer: No match from Shazam
music_recognizer: No match from Shazam
music_recognizer: No match from Shazam
music_recognizer: Shazam attempt 1/3 hit an error page (rate limit?); retrying in 1.0s
music_recognizer: Shazam attempt 1/3 hit an error page (rate limit?); retrying in 1.0s
music_recognizer: Shazam attempt 2/3 hit an error page (rate limit?); retrying in 2.0s
music_recognizer: Shazam attempt 2/3 hit an error page (rate limit?); retrying in 2.0s
music_recognizer: No match from Shazam
music_recognizer: No match from Shazam
music_recognizer: No match from Shazam
music_recognizer: Shazam attempt 1/3 hit an error page (rate limit?); retrying in 1.0s
music_recognizer: Shazam attempt 2/3 hit an error page (rate limit?); retrying in 2.0s
music_recognizer: Shazam attempt 1/3 hit an error page (rate limit?); retrying in 1.0s
music_recognizer: Audio bytes identification failed: Check args, URL is invalid
URL- https://amp.shazam.com/discovery/v5/en/GB/iphone/-/tag/5A451457-3CB9-439A-BB5B-2B4BD1A9D7B8/EFF6614B-0252-4D1B-BD09-BBE758B6A0FE?sync=true&webv3=true&sampling=true&connected=&shazamapiversion=v3&sharehub=true&hubv5minorversion=v5.1&hidelb=true&video=v3
music_recognizer: Shazam attempt 2/3 hit an error page (rate limit?); retrying in 2.0s
music_recognizer: No match from Shazam
music_recognizer: No match from Shazam
music_recognizer: No match from Shazam
music_recognizer: Shazam attempt 1/3 hit an error page (rate limit?); retrying in 1.0s
music_recognizer: Shazam attempt 1/3 hit an error page (rate limit?); retrying in 1.0s
music_recognizer: Shazam attempt 2/3 hit an error page (rate limit?); retrying in 2.0s
music_recognizer: Shazam attempt 2/3 hit an error page (rate limit?); retrying in 2.0s
music_recognizer: No match from Shazam
music_recognizer: No match from Shazam
music_recognizer: No match from Shazam
music_recognizer: Shazam attempt 1/3 hit an error page (rate limit?); retrying in 1.0s
music_recognizer: Shazam attempt 2/3 hit an error page (rate limit?); retrying in 2.0s
music_recognizer: Shazam attempt 1/3 hit an error page (rate limit?); retrying in 1.0s
music_recognizer: Audio bytes identification failed: Check args, URL is invalid
URL- https://amp.shazam.com/discovery/v5/en/GB/iphone/-/tag/1FD27ACA-466F-4EE6-AA95-13A88E690C27/CFEFE669-BB2A-4835-94BA-543B85AE091A?sync=true&webv3=true&sampling=true&connected=&shazamapiversion=v3&sharehub=true&hubv5minorversion=v5.1&hidelb=true&video=v3
music_recognizer: Shazam attempt 2/3 hit an error page (rate limit?); retrying in 2.0s
music_recognizer: No match from Shazam
music_recognizer: No match from Shazam
music_recognizer: No match from Shazam
music_recognizer: Shazam attempt 1/3 hit an error page (rate limit?); retrying in 1.0s
music_recognizer: Shazam attempt 1/3 hit an error page (rate limit?); retrying in 1.0s
music_recognizer: Shazam attempt 2/3 hit an error page (rate limit?); retrying in 2.0s
music_recognizer: Shazam attempt 2/3 hit an error page (rate limit?); retrying in 2.0s
music_recognizer: No match from Shazam
music_recognizer: No match from Shazam
music_recognizer: No match from Shazam
music_recognizer: Shazam attempt 1/3 hit an error page (rate limit?); retrying in 1.0s
music_recognizer: Shazam attempt 2/3 hit an error page (rate limit?); retrying in 2.0s
music_recognizer: Shazam attempt 1/3 hit an error page (rate limit?); retrying in 1.0s
music_recognizer: Audio bytes identification failed: Check args, URL is invalid
URL- https://amp.shazam.com/discovery/v5/en/GB/iphone/-/tag/B6F4DF5E-332B-408D-ACCD-FCD771337EB6/0C1A272A-7D10-48EC-8EB9-9DA878DBBC78?sync=true&webv3=true&sampling=true&connected=&shazamapiversion=v3&sharehub=true&hubv5minorversion=v5.1&hidelb=true&video=v3
music_recognizer: Shazam attempt 2/3 hit an error page (rate limit?); retrying in 2.0s
music_recognizer: No match from Shazam
music_recognizer: No match from Shazam
music_recognizer: No match from Shazam
music_recognizer: Shazam attempt 1/3 hit an error page (rate limit?); retrying in 1.0s
music_recognizer: Shazam attempt 1/3 hit an error page (rate limit?); retrying in 1.0s
music_recognizer: Shazam attempt 2/3 hit an error page (rate limit?); retrying in 2.0s
music_recognizer: Shazam attempt 2/3 hit an error page (rate limit?); retrying in 2.0s
music_recognizer: No match from Shazam
music_recognizer: No match from Shazam
music_recognizer: No match from Shazam
music_recognizer: Shazam attempt 1/3 hit an error page (rate limit?); retrying in 1.0s
music_recognizer: Shazam attempt 2/3 hit an error page (rate limit?); retrying in 2.0s
music_recognizer: Shazam attempt 1/3 hit an error page (rate limit?); retrying in 1.0s
music_recognizer: Audio bytes identification failed: Check args, URL is invalid
URL- https://amp.shazam.com/discovery/v5/en/GB/iphone/-/tag/B30C8F58-C741-45B1-9051-BE00A8DDE2D4/88040B9E-C475-4B79-B34E-29BA4C45560A?sync=true&webv3=true&sampling=true&connected=&shazamapiversion=v3&sharehub=true&hubv5minorversion=v5.1&hidelb=true&video=v3
music_recognizer: Shazam attempt 2/3 hit an error page (rate limit?); retrying in 2.0s
music_recognizer: No match from Shazam
music_recognizer: No match from Shazam
music_recognizer: No match from Shazam
music_recognizer: Shazam attempt 1/3 hit an error page (rate limit?); retrying in 1.0s
music_recognizer: Shazam attempt 1/3 hit an error page (rate limit?); retrying in 1.0s
music_recognizer: Shazam attempt 2/3 hit an error page (rate limit?); retrying in 2.0s
music_recognizer: Shazam attempt 2/3 hit an error page (rate limit?); retrying in 2.0s
music_recognizer: No match from Shazam
music_recognizer: No match from Shazam
music_recognizer: No match from Shazam
music_recognizer: Shazam attempt 1/3 hit an error page (rate limit?); retrying in 1.0s
music_recognizer: Shazam attempt 2/3 hit an error page (rate limit?); retrying in 2.0s
music_recognizer: Shazam attempt 1/3 hit an error page (rate limit?); retrying in 1.0s
music_recognizer: Audio bytes identification failed: Check args, URL is invalid
URL- https://amp.shazam.com/discovery/v5/en/GB/iphone/-/tag/CD357BE4-F154-40D5-A61C-A9FA45B3BB59/55B696D0-30E7-49D9-A70B-DB0314244806?sync=true&webv3=true&sampling=true&connected=&shazamapiversion=v3&sharehub=true&hubv5minorversion=v5.1&hidelb=true&video=v3
music_recognizer: Shazam attempt 2/3 hit an error page (rate limit?); retrying in 2.0s
music_recognizer: No match from Shazam
music_recognizer: No match from Shazam
music_recognizer: No match from Shazam
music_recognizer: Shazam attempt 1/3 hit an error page (rate limit?); retrying in 1.0s
music_recognizer: Shazam attempt 1/3 hit an error page (rate limit?); retrying in 1.0s
music_recognizer: Shazam attempt 2/3 hit an error page (rate limit?); retrying in 2.0s
music_recognizer: Shazam attempt 2/3 hit an error page (rate limit?); retrying in 2.0s
music_recognizer: No match from Shazam
music_recognizer: No match from Shazam
music_recognizer: No match from Shazam
music_recognizer: Shazam attempt 1/3 hit an error page (rate limit?); retrying in 1.0s
music_recognizer: Shazam attempt 2/3 hit an error page (rate limit?); retrying in 2.0s
music_recognizer: Shazam attempt 1/3 hit an error page (rate limit?); retrying in 1.0s
music_recognizer: Audio bytes identification failed: Check args, URL is invalid
URL- https://amp.shazam.com/discovery/v5/en/GB/iphone/-/tag/BB3CCDD4-BB62-4D28-8647-2184A2F6FE51/80D52A7B-130D-464A-9A76-238A4502AE7A?sync=true&webv3=true&sampling=true&connected=&shazamapiversion=v3&sharehub=true&hubv5minorversion=v5.1&hidelb=true&video=v3
music_recognizer: Shazam attempt 2/3 hit an error page (rate limit?); retrying in 2.0s
music_recognizer: No match from Shazam
music_recognizer: No match from Shazam
music_recognizer: No match from Shazam
music_recognizer: Shazam attempt 1/3 hit an error page (rate limit?); retrying in 1.0s
music_recognizer: Shazam attempt 1/3 hit an error page (rate limit?); retrying in 1.0s
music_recognizer: Shazam attempt 2/3 hit an error page (rate limit?); retrying in 2.0s
music_recognizer: Shazam attempt 2/3 hit an error page (rate limit?); retrying in 2.0s
music_recognizer: No match from Shazam
music_recognizer: No match from Shazam
music_recognizer: No match from Shazam
music_recognizer: Shazam attempt 1/3 hit an error page (rate limit?); retrying in 1.0s
music_recognizer: Shazam attempt 2/3 hit an error page (rate limit?); retrying in 2.0s
music_recognizer: Shazam attempt 1/3 hit an error page (rate limit?); retrying in 1.0s
music_recognizer: Audio bytes identification failed: Check args, URL is invalid
URL- https://amp.shazam.com/discovery/v5/en/GB/iphone/-/tag/0AEA6D56-8355-4CAD-893B-66452B5FA483/401025C4-D98E-4CD7-BF8B-6731E82720FF?sync=true&webv3=true&sampling=true&connected=&shazamapiversion=v3&sharehub=true&hubv5minorversion=v5.1&hidelb=true&video=v3
music_recognizer: Shazam attempt 2/3 hit an error page (rate limit?); retrying in 2.0s
music_recognizer: No match from Shazam
music_recognizer: No match from Shazam
music_recognizer: No match from Shazam
music_recognizer: Shazam attempt 1/3 hit an error page (rate limit?); retrying in 1.0s
music_recognizer: Shazam attempt 1/3 hit an error page (rate limit?); retrying in 1.0s
music_recognizer: Shazam attempt 2/3 hit an error page (rate limit?); retrying in 2.0s
music_recognizer: Shazam attempt 2/3 hit an error page (rate limit?); retrying in 2.0s
music_recognizer: No match from Shazam
music_recognizer: No match from Shazam
music_recognizer: No match from Shazam
music_recognizer: Shazam attempt 1/3 hit an error page (rate limit?); retrying in 1.0s
music_recognizer: Shazam attempt 2/3 hit an error page (rate limit?); retrying in 2.0s
music_recognizer: Shazam attempt 1/3 hit an error page (rate limit?); retrying in 1.0s
music_recognizer: Audio bytes identification failed: Check args, URL is invalid
URL- https://amp.shazam.com/discovery/v5/en/GB/iphone/-/tag/D14E46D3-6E42-459E-B7F2-2F20AE3EB382/87E04065-2B05-4213-B1D1-66E71DDB2CAD?sync=true&webv3=true&sampling=true&connected=&shazamapiversion=v3&sharehub=true&hubv5minorversion=v5.1&hidelb=true&video=v3
music_recognizer: Shazam attempt 2/3 hit an error page (rate limit?); retrying in 2.0s
music_recognizer: No match from Shazam
music_recognizer: No match from Shazam
music_recognizer: No match from Shazam
music_recognizer: Shazam attempt 1/3 hit an error page (rate limit?); retrying in 1.0s
music_recognizer: Shazam attempt 1/3 hit an error page (rate limit?); retrying in 1.0s
music_recognizer: Shazam attempt 2/3 hit an error page (rate limit?); retrying in 2.0s
music_recognizer: Shazam attempt 2/3 hit an error page (rate limit?); retrying in 2.0s
music_recognizer: No match from Shazam
music_recognizer: No match from Shazam
music_recognizer: No match from Shazam
music_recognizer: Shazam attempt 1/3 hit an error page (rate limit?); retrying in 1.0s
music_recognizer: Shazam attempt 2/3 hit an error page (rate limit?); retrying in 2.0s
music_recognizer: Shazam attempt 1/3 hit an error page (rate limit?); retrying in 1.0s
music_recognizer: Audio bytes identification failed: Check args, URL is invalid
URL- https://amp.shazam.com/discovery/v5/en/GB/iphone/-/tag/427F71A9-EEAC-4970-82F5-D029B3603FB2/E128382D-DD02-45DC-853B-917A09AA0377?sync=true&webv3=true&sampling=true&connected=&shazamapiversion=v3&sharehub=true&hubv5minorversion=v5.1&hidelb=true&video=v3
music_recognizer: Shazam attempt 2/3 hit an error page (rate limit?); retrying in 2.0s
music_recognizer: No match from Shazam
music_recognizer: No match from Shazam
music_recognizer: No match from Shazam
music_recognizer: Shazam attempt 1/3 hit an error page (rate limit?); retrying in 1.0s
music_recognizer: Shazam attempt 1/3 hit an error page (rate limit?); retrying in 1.0s
music_recognizer: Shazam attempt 2/3 hit an error page (rate limit?); retrying in 2.0s
music_recognizer: Shazam attempt 2/3 hit an error page (rate limit?); retrying in 2.0s
music_recognizer: No match from Shazam
music_recognizer: No match from Shazam
music_recognizer: No match from Shazam
music_recognizer: Shazam attempt 1/3 hit an error page (rate limit?); retrying in 1.0s
music_recognizer: Shazam attempt 2/3 hit an error page (rate limit?); retrying in 2.0s
music_recognizer: Shazam attempt 1/3 hit an error page (rate limit?); retrying in 1.0s
music_recognizer: Audio bytes identification failed: Check args, URL is invalid
URL- https://amp.shazam.com/discovery/v5/en/GB/iphone/-/tag/4F6987B9-468E-461C-84DE-3D1932381278/B28F21CB-6CA1-4FA7-8E98-628CDBC3D079?sync=true&webv3=true&sampling=true&connected=&shazamapiversion=v3&sharehub=true&hubv5minorversion=v5.1&hidelb=true&video=v3
music_recognizer: Shazam attempt 2/3 hit an error page (rate limit?); retrying in 2.0s
music_recognizer: No match from Shazam
music_recognizer: No match from Shazam
music_recognizer: No match from Shazam
music_recognizer: Shazam attempt 1/3 hit an error page (rate limit?); retrying in 1.0s
music_recognizer: Shazam attempt 1/3 hit an error page (rate limit?); retrying in 1.0s
music_recognizer: Shazam attempt 2/3 hit an error page (rate limit?); retrying in 2.0s
music_recognizer: Shazam attempt 2/3 hit an error page (rate limit?); retrying in 2.0s
music_recognizer: No match from Shazam
music_recognizer: No match from Shazam
music_recognizer: No match from Shazam
music_recognizer: Shazam attempt 1/3 hit an error page (rate limit?); retrying in 1.0s
music_recognizer: Shazam attempt 2/3 hit an error page (rate limit?); retrying in 2.0s
music_recognizer: Shazam attempt 1/3 hit an error page (rate limit?); retrying in 1.0s
music_recognizer: Audio bytes identification failed: Check args, URL is invalid
URL- https://amp.shazam.com/discovery/v5/en/GB/iphone/-/tag/9422EEA0-791C-4727-94DF-46293BE549EE/5D8535F7-5FA4-4669-A8FB-E49EA504AD63?sync=true&webv3=true&sampling=true&connected=&shazamapiversion=v3&sharehub=true&hubv5minorversion=v5.1&hidelb=true&video=v3
music_recognizer: Shazam attempt 2/3 hit an error page (rate limit?); retrying in 2.0s
music_recognizer: No match from Shazam
music_recognizer: No match from Shazam
music_recognizer: No match from Shazam
music_recognizer: Shazam attempt 1/3 hit an error page (rate limit?); retrying in 1.0s
music_recognizer: Shazam attempt 1/3 hit an error page (rate limit?); retrying in 1.0s
music_recognizer: Shazam attempt 2/3 hit an error page (rate limit?); retrying in 2.0s
music_recognizer: Shazam attempt 2/3 hit an error page (rate limit?); retrying in 2.0s
music_recognizer: No match from Shazam
music_recognizer: No match from Shazam
music_recognizer: No match from Shazam
music_recognizer: Shazam attempt 1/3 hit an error page (rate limit?); retrying in 1.0s
music_recognizer: Shazam attempt 2/3 hit an error page (rate limit?); retrying in 2.0s
music_recognizer: Shazam attempt 1/3 hit an error page (rate limit?); retrying in 1.0s
music_recognizer: Audio bytes identification failed: Check args, URL is invalid
URL- https://amp.shazam.com/discovery/v5/en/GB/iphone/-/tag/4EB84F00-C022-4984-ABD4-B8446DAA210D/F0F86B0E-FD6D-492F-A6B0-F0072F386D43?sync=true&webv3=true&sampling=true&connected=&shazamapiversion=v3&sharehub=true&hubv5minorversion=v5.1&hidelb=true&video=v3
music_recognizer: Shazam attempt 2/3 hit an error page (rate limit?); retrying in 2.0s
music_recognizer: No match from Shazam
music_recognizer: No match from Shazam
music_recognizer: No match from Shazam
music_recognizer: Shazam attempt 1/3 hit an error page (rate limit?); retrying in 1.0s
music_recognizer: Shazam attempt 1/3 hit an error page (rate limit?); retrying in 1.0s
music_recognizer: Shazam attempt 2/3 hit an error page (rate limit?); retrying in 2.0s
music_recognizer: Shazam attempt 2/3 hit an error page (rate limit?); retrying in 2.0s
music_recognizer: No match from Shazam
music_recognizer: No match from Shazam
music_recognizer: No match from Shazam
music_recognizer: Shazam attempt 1/3 hit an error page (rate limit?); retrying in 1.0s
music_recognizer: Shazam attempt 2/3 hit an error page (rate limit?); retrying in 2.0s
music_recognizer: Shazam attempt 1/3 hit an error page (rate limit?); retrying in 1.0s
music_recognizer: Audio bytes identification failed: Check args, URL is invalid
URL- https://amp.shazam.com/discovery/v5/en/GB/iphone/-/tag/863EC835-2232-47D8-B4C3-DA2510CE9D7C/F2E819FB-2CB5-40DA-9260-8A18DA3E09BF?sync=true&webv3=true&sampling=true&connected=&shazamapiversion=v3&sharehub=true&hubv5minorversion=v5.1&hidelb=true&video=v3
music_recognizer: Shazam attempt 2/3 hit an error page (rate limit?); retrying in 2.0s
music_recognizer: No match from Shazam
music_recognizer: No match from Shazam
music_recognizer: No match from Shazam
music_recognizer: Shazam attempt 1/3 hit an error page (rate limit?); retrying in 1.0s
music_recognizer: Shazam attempt 1/3 hit an error page (rate limit?); retrying in 1.0s
music_recognizer: Shazam attempt 2/3 hit an error page (rate limit?); retrying in 2.0s
music_recognizer: Shazam attempt 2/3 hit an error page (rate limit?); retrying in 2.0s
music_recognizer: No match from Shazam
music_recognizer: No match from Shazam
music_recognizer: No match from Shazam
music_recognizer: Shazam attempt 1/3 hit an error page (rate limit?); retrying in 1.0s
music_recognizer: Shazam attempt 2/3 hit an error page (rate limit?); retrying in 2.0s
music_recognizer: Shazam attempt 1/3 hit an error page (rate limit?); retrying in 1.0s
music_recognizer: Audio bytes identification failed: Check args, URL is invalid
URL- https://amp.shazam.com/discovery/v5/en/GB/iphone/-/tag/EFC4CDA7-A025-4546-9BE3-EEE3F8EC9248/BCED710B-682B-4B02-A1C3-A524A63839D6?sync=true&webv3=true&sampling=true&connected=&shazamapiversion=v3&sharehub=true&hubv5minorversion=v5.1&hidelb=true&video=v3
music_recognizer: Shazam attempt 2/3 hit an error page (rate limit?); retrying in 2.0s
music_recognizer: No match from Shazam
music_recognizer: No match from Shazam
music_recognizer: No match from Shazam
music_recognizer: Shazam attempt 1/3 hit an error page (rate limit?); retrying in 1.0s
music_recognizer: Shazam attempt 1/3 hit an error page (rate limit?); retrying in 1.0s
music_recognizer: Shazam attempt 2/3 hit an error page (rate limit?); retrying in 2.0s
music_recognizer: Shazam attempt 2/3 hit an error page (rate limit?); retrying in 2.0s
music_recognizer: No match from Shazam
music_recognizer: No match from Shazam
music_recognizer: No match from Shazam
music_recognizer: Shazam attempt 1/3 hit an error page (rate limit?); retrying in 1.0s
music_recognizer: Shazam attempt 2/3 hit an error page (rate limit?); retrying in 2.0s
music_recognizer: Shazam attempt 1/3 hit an error page (rate limit?); retrying in 1.0s
music_recognizer: Audio bytes identification failed: Check args, URL is invalid
URL- https://amp.shazam.com/discovery/v5/en/GB/iphone/-/tag/BD220832-C0DE-4BC3-8373-1BEC43C30C4D/291A9DE2-E541-47C9-A5EE-701F28F8C295?sync=true&webv3=true&sampling=true&connected=&shazamapiversion=v3&sharehub=true&hubv5minorversion=v5.1&hidelb=true&video=v3
music_recognizer: Shazam attempt 2/3 hit an error page (rate limit?); retrying in 2.0s
music_recognizer: No match from Shazam
music_recognizer: No match from Shazam
music_recognizer: No match from Shazam
music_recognizer: Shazam attempt 1/3 hit an error page (rate limit?); retrying in 1.0s
music_recognizer: Shazam attempt 1/3 hit an error page (rate limit?); retrying in 1.0s
music_recognizer: Shazam attempt 2/3 hit an error page (rate limit?); retrying in 2.0s
music_recognizer: Shazam attempt 2/3 hit an error page (rate limit?); retrying in 2.0s
music_recognizer: No match from Shazam
music_recognizer: No match from Shazam
music_recognizer: No match from Shazam
music_recognizer: Shazam attempt 1/3 hit an error page (rate limit?); retrying in 1.0s
music_recognizer: Shazam attempt 2/3 hit an error page (rate limit?); retrying in 2.0s
music_recognizer: Shazam attempt 1/3 hit an error page (rate limit?); retrying in 1.0s
music_recognizer: Audio bytes identification failed: Check args, URL is invalid
URL- https://amp.shazam.com/discovery/v5/en/GB/iphone/-/tag/284ACA4E-9F5F-4EEA-B951-F132C02520E5/1C748F26-4734-4DD7-A0B6-BAC2485D853B?sync=true&webv3=true&sampling=true&connected=&shazamapiversion=v3&sharehub=true&hubv5minorversion=v5.1&hidelb=true&video=v3
music_recognizer: Shazam attempt 2/3 hit an error page (rate limit?); retrying in 2.0s
music_recognizer: No match from Shazam
music_recognizer: No match from Shazam
music_recognizer: No match from Shazam
music_recognizer: Shazam attempt 1/3 hit an error page (rate limit?); retrying in 1.0s
music_recognizer: Shazam attempt 1/3 hit an error page (rate limit?); retrying in 1.0s
music_recognizer: Shazam attempt 2/3 hit an error page (rate limit?); retrying in 2.0s
music_recognizer: Shazam attempt 2/3 hit an error page (rate limit?); retrying in 2.0s
music_recognizer: No match from Shazam
music_recognizer: No match from Shazam
music_recognizer: No match from Shazam
music_recognizer: Shazam attempt 1/3 hit an error page (rate limit?); retrying in 1.0s
music_recognizer: Shazam attempt 2/3 hit an error page (rate limit?); retrying in 2.0s
music_recognizer: Shazam attempt 1/3 hit an error page (rate limit?); retrying in 1.0s
music_recognizer: Audio bytes identification failed: Check args, URL is invalid
URL- https://amp.shazam.com/discovery/v5/en/GB/iphone/-/tag/6EECC3BC-E3A9-4D7A-A501-E9C0BF0699CC/BE3A9AAC-FDB9-4BE7-A5F3-4496180518D2?sync=true&webv3=true&sampling=true&connected=&shazamapiversion=v3&sharehub=true&hubv5minorversion=v5.1&hidelb=true&video=v3
music_recognizer: Shazam attempt 2/3 hit an error page (rate limit?); retrying in 2.0s
music_recognizer: No match from Shazam
music_recognizer: No match from Shazam
music_recognizer: No match from Shazam
music_recognizer: Shazam attempt 1/3 hit an error page (rate limit?); retrying in 1.0s
music_recognizer: Shazam attempt 1/3 hit an error page (rate limit?); retrying in 1.0s
music_recognizer: Shazam attempt 2/3 hit an error page (rate limit?); retrying in 2.0s
music_recognizer: Shazam attempt 2/3 hit an error page (rate limit?); retrying in 2.0s
music_recognizer: No match from Shazam
music_recognizer: No match from Shazam
music_recognizer: No match from Shazam
music_recognizer: Shazam attempt 1/3 hit an error page (rate limit?); retrying in 1.0s
music_recognizer: Shazam attempt 2/3 hit an error page (rate limit?); retrying in 2.0s
music_recognizer: Shazam attempt 1/3 hit an error page (rate limit?); retrying in 1.0s
music_recognizer: Audio bytes identification failed: Check args, URL is invalid
URL- https://amp.shazam.com/discovery/v5/en/GB/iphone/-/tag/48956A33-31CD-4A32-B205-AD7E59D35744/3989C9FF-FF53-4346-84BD-6ECD6B40CC48?sync=true&webv3=true&sampling=true&connected=&shazamapiversion=v3&sharehub=true&hubv5minorversion=v5.1&hidelb=true&video=v3
music_recognizer: Shazam attempt 2/3 hit an error page (rate limit?); retrying in 2.0s
music_recognizer: No match from Shazam
music_recognizer: No match from Shazam
music_recognizer: No match from Shazam
music_recognizer: Shazam attempt 1/3 hit an error page (rate limit?); retrying in 1.0s
music_recognizer: Shazam attempt 1/3 hit an error page (rate limit?); retrying in 1.0s
music_recognizer: Shazam attempt 2/3 hit an error page (rate limit?); retrying in 2.0s
music_recognizer: Shazam attempt 2/3 hit an error page (rate limit?); retrying in 2.0s
music_recognizer: No match from Shazam
music_recognizer: No match from Shazam
music_recognizer: No match from Shazam
music_recognizer: Shazam attempt 1/3 hit an error page (rate limit?); retrying in 1.0s
music_recognizer: Shazam attempt 2/3 hit an error page (rate limit?); retrying in 2.0s
music_recognizer: Shazam attempt 1/3 hit an error page (rate limit?); retrying in 1.0s
music_recognizer: Audio bytes identification failed: Check args, URL is invalid
URL- https://amp.shazam.com/discovery/v5/en/GB/iphone/-/tag/5373FBDA-74EB-42AD-B3B5-ED7BEB3CDCFB/74EFDC72-6572-4C26-A59B-F2E8757C950E?sync=true&webv3=true&sampling=true&connected=&shazamapiversion=v3&sharehub=true&hubv5minorversion=v5.1&hidelb=true&video=v3
music_recognizer: Shazam attempt 2/3 hit an error page (rate limit?); retrying in 2.0s
music_recognizer: No match from Shazam
music_recognizer: No match from Shazam
music_recognizer: No match from Shazam
music_recognizer: Shazam attempt 1/3 hit an error page (rate limit?); retrying in 1.0s
music_recognizer: Shazam attempt 1/3 hit an error page (rate limit?); retrying in 1.0s
music_recognizer: Shazam attempt 2/3 hit an error page (rate limit?); retrying in 2.0s
music_recognizer: Shazam attempt 2/3 hit an error page (rate limit?); retrying in 2.0s
music_recognizer: No match from Shazam
music_recognizer: No match from Shazam
music_recognizer: No match from Shazam
music_recognizer: Shazam attempt 1/3 hit an error page (rate limit?); retrying in 1.0s
music_recognizer: Shazam attempt 2/3 hit an error page (rate limit?); retrying in 2.0s
music_recognizer: Shazam attempt 1/3 hit an error page (rate limit?); retrying in 1.0s
music_recognizer: Audio bytes identification failed: Check args, URL is invalid
URL- https://amp.shazam.com/discovery/v5/en/GB/iphone/-/tag/D10AFC7D-B446-44A2-B95B-04B472DD0C3D/2DD99C58-4F55-4C97-B468-282CB131ECFB?sync=true&webv3=true&sampling=true&connected=&shazamapiversion=v3&sharehub=true&hubv5minorversion=v5.1&hidelb=true&video=v3
music_recognizer: Shazam attempt 2/3 hit an error page (rate limit?); retrying in 2.0s
music_recognizer: No match from Shazam
music_recognizer: No match from Shazam
music_recognizer: No match from Shazam
music_recognizer: Shazam attempt 1/3 hit an error page (rate limit?); retrying in 1.0s
music_recognizer: Shazam attempt 1/3 hit an error page (rate limit?); retrying in 1.0s
music_recognizer: Shazam attempt 2/3 hit an error page (rate limit?); retrying in 2.0s
music_recognizer: Shazam attempt 2/3 hit an error page (rate limit?); retrying in 2.0s
music_recognizer: No match from Shazam
music_recognizer: No match from Shazam
music_recognizer: No match from Shazam
music_recognizer: Shazam attempt 1/3 hit an error page (rate limit?); retrying in 1.0s
music_recognizer: Shazam attempt 2/3 hit an error page (rate limit?); retrying in 2.0s
music_recognizer: Shazam attempt 1/3 hit an error page (rate limit?); retrying in 1.0s
music_recognizer: Audio bytes identification failed: Check args, URL is invalid
URL- https://amp.shazam.com/discovery/v5/en/GB/iphone/-/tag/4E651BD6-CCD1-4B8D-B315-1DF8E278FD00/31EB2B7D-A096-4BEE-A6A3-A789F9175750?sync=true&webv3=true&sampling=true&connected=&shazamapiversion=v3&sharehub=true&hubv5minorversion=v5.1&hidelb=true&video=v3
music_recognizer: Shazam attempt 2/3 hit an error page (rate limit?); retrying in 2.0s
music_recognizer: No match from Shazam
music_recognizer: No match from Shazam
music_recognizer: No match from Shazam
music_recognizer: Shazam attempt 1/3 hit an error page (rate limit?); retrying in 1.0s
music_recognizer: Shazam attempt 1/3 hit an error page (rate limit?); retrying in 1.0s
music_recognizer: Shazam attempt 2/3 hit an error page (rate limit?); retrying in 2.0s
music_recognizer: Shazam attempt 2/3 hit an error page (rate limit?); retrying in 2.0s
music_recognizer: No match from Shazam
music_recognizer: No match from Shazam
music_recognizer: No match from Shazam
music_recognizer: Shazam attempt 1/3 hit an error page (rate limit?); retrying in 1.0s
music_recognizer: Shazam attempt 2/3 hit an error page (rate limit?); retrying in 2.0s
music_recognizer: Shazam attempt 1/3 hit an error page (rate limit?); retrying in 1.0s
music_recognizer: Audio bytes identification failed: Check args, URL is invalid
URL- https://amp.shazam.com/discovery/v5/en/GB/iphone/-/tag/0CDDB7DC-7AFD-4ABB-9B9C-1409D9718019/FA8A678C-AD3E-458C-8850-94A2CDF94951?sync=true&webv3=true&sampling=true&connected=&shazamapiversion=v3&sharehub=true&hubv5minorversion=v5.1&hidelb=true&video=v3
music_recognizer: Shazam attempt 2/3 hit an error page (rate limit?); retrying in 2.0s
music_recognizer: No match from Shazam
music_recognizer: No match from Shazam
music_recognizer: No match from Shazam
music_recognizer: Shazam attempt 1/3 hit an error page (rate limit?); retrying in 1.0s
music_recognizer: Shazam attempt 1/3 hit an error page (rate limit?); retrying in 1.0s
music_recognizer: Shazam attempt 2/3 hit an error page (rate limit?); retrying in 2.0s
music_recognizer: Shazam attempt 2/3 hit an error page (rate limit?); retrying in 2.0s
music_recognizer: No match from Shazam
music_recognizer: No match from Shazam
music_recognizer: No match from Shazam
music_recognizer: Shazam attempt 1/3 hit an error page (rate limit?); retrying in 1.0s
music_recognizer: Shazam attempt 2/3 hit an error page (rate limit?); retrying in 2.0s
music_recognizer: Shazam attempt 1/3 hit an error page (rate limit?); retrying in 1.0s
music_recognizer: Audio bytes identification failed: Check args, URL is invalid
URL- https://amp.shazam.com/discovery/v5/en/GB/iphone/-/tag/14477F50-26B6-493F-AB0D-2F0A14F2082F/CE4348DE-5E34-4520-A6E4-AC4580E194E3?sync=true&webv3=true&sampling=true&connected=&shazamapiversion=v3&sharehub=true&hubv5minorversion=v5.1&hidelb=true&video=v3
music_recognizer: Shazam attempt 2/3 hit an error page (rate limit?); retrying in 2.0s
music_recognizer: No match from Shazam
music_recognizer: No match from Shazam
music_recognizer: No match from Shazam
music_recognizer: Shazam attempt 1/3 hit an error page (rate limit?); retrying in 1.0s
music_recognizer: Shazam attempt 1/3 hit an error page (rate limit?); retrying in 1.0s
music_recognizer: Shazam attempt 2/3 hit an error page (rate limit?); retrying in 2.0s
music_recognizer: Shazam attempt 2/3 hit an error page (rate limit?); retrying in 2.0s
music_recognizer: No match from Shazam
music_recognizer: No match from Shazam
music_recognizer: No match from Shazam
music_recognizer: Shazam attempt 1/3 hit an error page (rate limit?); retrying in 1.0s
music_recognizer: Shazam attempt 2/3 hit an error page (rate limit?); retrying in 2.0s
music_recognizer: Shazam attempt 1/3 hit an error page (rate limit?); retrying in 1.0s
music_recognizer: Audio bytes identification failed: Check args, URL is invalid
URL- https://amp.shazam.com/discovery/v5/en/GB/iphone/-/tag/B5AB50CA-B23B-4FC6-8474-8A8AE42FF040/E0901D50-A79C-48AB-A50A-F8607C16B5C8?sync=true&webv3=true&sampling=true&connected=&shazamapiversion=v3&sharehub=true&hubv5minorversion=v5.1&hidelb=true&video=v3
music_recognizer: Shazam attempt 2/3 hit an error page (rate limit?); retrying in 2.0s
music_recognizer: No match from Shazam
music_recognizer: No match from Shazam
music_recognizer: No match from Shazam
music_recognizer: Shazam attempt 1/3 hit an error page (rate limit?); retrying in 1.0s
music_recognizer: Shazam attempt 1/3 hit an error page (rate limit?); retrying in 1.0s
music_recognizer: Shazam attempt 2/3 hit an error page (rate limit?); retrying in 2.0s
music_recognizer: Shazam attempt 2/3 hit an error page (rate limit?); retrying in 2.0s
music_recognizer: No match from Shazam
music_recognizer: No match from Shazam
music_recognizer: No match from Shazam
music_recognizer: Shazam attempt 1/3 hit an error page (rate limit?); retrying in 1.0s
music_recognizer: Shazam attempt 2/3 hit an error page (rate limit?); retrying in 2.0s
music_recognizer: Shazam attempt 1/3 hit an error page (rate limit?); retrying in 1.0s
music_recognizer: Audio bytes identification failed: Check args, URL is invalid
URL- https://amp.shazam.com/discovery/v5/en/GB/iphone/-/tag/C5A7E73B-FAC6-4398-A14D-B86072FF5550/15CD211C-E6C7-4F9B-82FD-E1E9515D21A2?sync=true&webv3=true&sampling=true&connected=&shazamapiversion=v3&sharehub=true&hubv5minorversion=v5.1&hidelb=true&video=v3
music_recognizer: Shazam attempt 2/3 hit an error page (rate limit?); retrying in 2.0s
music_recognizer: No match from Shazam
music_recognizer: No match from Shazam
music_recognizer: No match from Shazam
music_recognizer: Shazam attempt 1/3 hit an error page (rate limit?); retrying in 1.0s
music_recognizer: Shazam attempt 1/3 hit an error page (rate limit?); retrying in 1.0s
music_recognizer: Shazam attempt 2/3 hit an error page (rate limit?); retrying in 2.0s
music_recognizer: Shazam attempt 2/3 hit an error page (rate limit?); retrying in 2.0s
music_recognizer: No match from Shazam
music_recognizer: No match from Shazam
music_recognizer: No match from Shazam
music_recognizer: Shazam attempt 1/3 hit an error page (rate limit?); retrying in 1.0s
music_recognizer: Shazam attempt 2/3 hit an error page (rate limit?); retrying in 2.0s
music_recognizer: Shazam attempt 1/3 hit an error page (rate limit?); retrying in 1.0s
music_recognizer: Audio bytes identification failed: Check args, URL is invalid
URL- https://amp.shazam.com/discovery/v5/en/GB/iphone/-/tag/4D4CC0B4-5AEE-4588-888A-3ABA6CE9AA93/1EF5C536-71D2-45E6-8713-42C8F4BE796A?sync=true&webv3=true&sampling=true&connected=&shazamapiversion=v3&sharehub=true&hubv5minorversion=v5.1&hidelb=true&video=v3
music_recognizer: Shazam attempt 2/3 hit an error page (rate limit?); retrying in 2.0s
music_recognizer: No match from Shazam
music_recognizer: No match from Shazam
music_recognizer: No match from Shazam
music_recognizer: Shazam attempt 1/3 hit an error page (rate limit?); retrying in 1.0s
music_recognizer: Shazam attempt 1/3 hit an error page (rate limit?); retrying in 1.0s
music_recognizer: Shazam attempt 2/3 hit an error page (rate limit?); retrying in 2.0s
music_recognizer: Shazam attempt 2/3 hit an error page (rate limit?); retrying in 2.0s
music_recognizer: No match from Shazam
music_recognizer: No match from Shazam
music_recognizer: No match from Shazam
music_recognizer: Shazam attempt 1/3 hit an error page (rate limit?); retrying in 1.0s
music_recognizer: Shazam attempt 2/3 hit an error page (rate limit?); retrying in 2.0s
music_recognizer: Shazam attempt 1/3 hit an error page (rate limit?); retrying in 1.0s
music_recognizer: Audio bytes identification failed: Check args, URL is invalid
URL- https://amp.shazam.com/discovery/v5/en/GB/iphone/-/tag/C616CD65-5E82-410A-8942-109E06A27307/3C6BB518-2577-49ED-AA8B-329151C3D3EF?sync=true&webv3=true&sampling=true&connected=&shazamapiversion=v3&sharehub=true&hubv5minorversion=v5.1&hidelb=true&video=v3
music_recognizer: Shazam attempt 2/3 hit an error page (rate limit?); retrying in 2.0s
music_recognizer: No match from Shazam
music_recognizer: No match from Shazam
music_recognizer: No match from Shazam
music_recognizer: Shazam attempt 1/3 hit an error page (rate limit?); retrying in 1.0s
music_recognizer: Shazam attempt 1/3 hit an error page (rate limit?); retrying in 1.0s
music_recognizer: Shazam attempt 2/3 hit an error page (rate limit?); retrying in 2.0s
music_recognizer: Shazam attempt 2/3 hit an error page (rate limit?); retrying in 2.0s
music_recognizer: No match from Shazam
music_recognizer: No match from Shazam
music_recognizer: No match from Shazam
music_recognizer: Shazam attempt 1/3 hit an error page (rate limit?); retrying in 1.0s
music_recognizer: Shazam attempt 2/3 hit an error page (rate limit?); retrying in 2.0s
music_recognizer: Shazam attempt 1/3 hit an error page (rate limit?); retrying in 1.0s
music_recognizer: Audio bytes identification failed: Check args, URL is invalid
URL- https://amp.shazam.com/discovery/v5/en/GB/iphone/-/tag/2C193274-0597-4B6F-9219-2F5F549F869C/4661F652-7A8A-4AC1-BDD3-CC8690E77E5B?sync=true&webv3=true&sampling=true&connected=&shazamapiversion=v3&sharehub=true&hubv5minorversion=v5.1&hidelb=true&video=v3
music_recognizer: Shazam attempt 2/3 hit an error page (rate limit?); retrying in 2.0s
music_recognizer: No match from Shazam
music_recognizer: No match from Shazam
music_recognizer: No match from Shazam
music_recognizer: Shazam attempt 1/3 hit an error page (rate limit?); retrying in 1.0s
music_recognizer: Shazam attempt 1/3 hit an error page (rate limit?); retrying in 1.0s
music_recognizer: Shazam attempt 2/3 hit an error page (rate limit?); retrying in 2.0s
music_recognizer: Shazam attempt 2/3 hit an error page (rate limit?); retrying in 2.0s
music_recognizer: No match from Shazam
music_recognizer: No match from Shazam
music_recognizer: No match from Shazam
music_recognizer: Shazam attempt 1/3 hit an error page (rate limit?); retrying in 1.0s
music_recognizer: Shazam attempt 2/3 hit an error page (rate limit?); retrying in 2.0s
music_recognizer: Shazam attempt 1/3 hit an error page (rate limit?); retrying in 1.0s
music_recognizer: Audio bytes identification failed: Check args, URL is invalid
URL- https://amp.shazam.com/discovery/v5/en/GB/iphone/-/tag/4F34AE31-F5A3-4B95-A6B0-A095715AD4B2/0844CA06-20F1-4460-AB05-CBF26326724C?sync=true&webv3=true&sampling=true&connected=&shazamapiversion=v3&sharehub=true&hubv5minorversion=v5.1&hidelb=true&video=v3
music_recognizer: Shazam attempt 2/3 hit an error page (rate limit?); retrying in 2.0s
music_recognizer: No match from Shazam
music_recognizer: No match from Shazam
music_recognizer: No match from Shazam
music_recognizer: Shazam attempt 1/3 hit an error page (rate limit?); retrying in 1.0s
music_recognizer: Shazam attempt 1/3 hit an error page (rate limit?); retrying in 1.0s
music_recognizer: Shazam attempt 2/3 hit an error page (rate limit?); retrying in 2.0s
music_recognizer: Shazam attempt 2/3 hit an error page (rate limit?); retrying in 2.0s
music_recognizer: No match from Shazam
music_recognizer: No match from Shazam
music_recognizer: No match from Shazam
music_recognizer: Shazam attempt 1/3 hit an error page (rate limit?); retrying in 1.0s
music_recognizer: Shazam attempt 2/3 hit an error page (rate limit?); retrying in 2.0s
music_recognizer: Shazam attempt 1/3 hit an error page (rate limit?); retrying in 1.0s
music_recognizer: Audio bytes identification failed: Check args, URL is invalid
URL- https://amp.shazam.com/discovery/v5/en/GB/iphone/-/tag/5B449E6A-5CF8-4BEA-A7EF-58B47E6F7B72/59727715-0E3F-4E41-AA25-A55C0CF0A0A8?sync=true&webv3=true&sampling=true&connected=&shazamapiversion=v3&sharehub=true&hubv5minorversion=v5.1&hidelb=true&video=v3
music_recognizer: Shazam attempt 2/3 hit an error page (rate limit?); retrying in 2.0s
music_recognizer: No match from Shazam
music_recognizer: No match from Shazam
music_recognizer: No match from Shazam
music_recognizer: Shazam attempt 1/3 hit an error page (rate limit?); retrying in 1.0s
music_recognizer: Shazam attempt 1/3 hit an error page (rate limit?); retrying in 1.0s
music_recognizer: Shazam attempt 2/3 hit an error page (rate limit?); retrying in 2.0s
music_recognizer: Shazam attempt 2/3 hit an error page (rate limit?); retrying in 2.0s
music_recognizer: No match from Shazam
music_recognizer: No match from Shazam
music_recognizer: No match from Shazam
music_recognizer: Shazam attempt 1/3 hit an error page (rate limit?); retrying in 1.0s
music_recognizer: Shazam attempt 2/3 hit an error page (rate limit?); retrying in 2.0s
music_recognizer: Shazam attempt 1/3 hit an error page (rate limit?); retrying in 1.0s
music_recognizer: Audio bytes identification failed: Check args, URL is invalid
URL- https://amp.shazam.com/discovery/v5/en/GB/iphone/-/tag/5BBF30EE-CEFF-4D95-BAE7-A99FD2EB24A1/E0827CAF-D075-49A4-936A-20CF42CC88FD?sync=true&webv3=true&sampling=true&connected=&shazamapiversion=v3&sharehub=true&hubv5minorversion=v5.1&hidelb=true&video=v3
music_recognizer: Shazam attempt 2/3 hit an error page (rate limit?); retrying in 2.0s
music_recognizer: No match from Shazam
music_recognizer: No match from Shazam
music_recognizer: No match from Shazam
music_recognizer: Shazam attempt 1/3 hit an error page (rate limit?); retrying in 1.0s
music_recognizer: Shazam attempt 1/3 hit an error page (rate limit?); retrying in 1.0s
music_recognizer: Shazam attempt 2/3 hit an error page (rate limit?); retrying in 2.0s
music_recognizer: Shazam attempt 2/3 hit an error page (rate limit?); retrying in 2.0s
music_recognizer: No match from Shazam
music_recognizer: No match from Shazam
music_recognizer: No match from Shazam
music_recognizer: Shazam attempt 1/3 hit an error page (rate limit?); retrying in 1.0s
music_recognizer: Shazam attempt 2/3 hit an error page (rate limit?); retrying in 2.0s
music_recognizer: Shazam attempt 1/3 hit an error page (rate limit?); retrying in 1.0s
music_recognizer: Audio bytes identification failed: Check args, URL is invalid
URL- https://amp.shazam.com/discovery/v5/en/GB/iphone/-/tag/8ACD5C5A-D8A5-4071-B394-90324BF13070/5005EF59-2DC2-40FD-A8E0-B1DA98F2C1B0?sync=true&webv3=true&sampling=true&connected=&shazamapiversion=v3&sharehub=true&hubv5minorversion=v5.1&hidelb=true&video=v3
music_recognizer: Shazam attempt 2/3 hit an error page (rate limit?); retrying in 2.0s
music_recognizer: No match from Shazam
music_recognizer: No match from Shazam
music_recognizer: No match from Shazam
music_recognizer: Shazam attempt 1/3 hit an error page (rate limit?); retrying in 1.0s
music_recognizer: Shazam attempt 1/3 hit an error page (rate limit?); retrying in 1.0s
music_recognizer: Shazam attempt 2/3 hit an error page (rate limit?); retrying in 2.0s
music_recognizer: Shazam attempt 2/3 hit an error page (rate limit?); retrying in 2.0s
music_recognizer: No match from Shazam
music_recognizer: No match from Shazam
music_recognizer: No match from Shazam
music_recognizer: Shazam attempt 1/3 hit an error page (rate limit?); retrying in 1.0s
music_recognizer: Shazam attempt 2/3 hit an error page (rate limit?); retrying in 2.0s
music_recognizer: Shazam attempt 1/3 hit an error page (rate limit?); retrying in 1.0s
music_recognizer: Audio bytes identification failed: Check args, URL is invalid
URL- https://amp.shazam.com/discovery/v5/en/GB/iphone/-/tag/40B8A3C6-F6D1-413E-8AB0-90EB78CA5C17/BF65B580-5C60-4300-A51C-A2CE1FDB90F4?sync=true&webv3=true&sampling=true&connected=&shazamapiversion=v3&sharehub=true&hubv5minorversion=v5.1&hidelb=true&video=v3
music_recognizer: Shazam attempt 2/3 hit an error page (rate limit?); retrying in 2.0s
music_recognizer: No match from Shazam
music_recognizer: No match from Shazam
music_recognizer: No match from Shazam
music_recognizer: Shazam attempt 1/3 hit an error page (rate limit?); retrying in 1.0s
music_recognizer: Shazam attempt 1/3 hit an error page (rate limit?); retrying in 1.0s
music_recognizer: Shazam attempt 2/3 hit an error page (rate limit?); retrying in 2.0s
music_recognizer: Shazam attempt 2/3 hit an error page (rate limit?); retrying in 2.0s
music_recognizer: No match from Shazam
music_recognizer: No match from Shazam
music_recognizer: No match from Shazam
music_recognizer: Shazam attempt 1/3 hit an error page (rate limit?); retrying in 1.0s
music_recognizer: Shazam attempt 2/3 hit an error page (rate limit?); retrying in 2.0s
music_recognizer: Shazam attempt 1/3 hit an error page (rate limit?); retrying in 1.0s
music_recognizer: Audio bytes identification failed: Check args, URL is invalid
URL- https://amp.shazam.com/discovery/v5/en/GB/iphone/-/tag/AC816D0A-C0B6-4C9D-BA28-BB176C1356DA/D4D90268-D699-47A8-8FFF-3BBED0E86DFA?sync=true&webv3=true&sampling=true&connected=&shazamapiversion=v3&sharehub=true&hubv5minorversion=v5.1&hidelb=true&video=v3
music_recognizer: Shazam attempt 2/3 hit an error page (rate limit?); retrying in 2.0s
music_recognizer: No match from Shazam
music_recognizer: No match from Shazam
music_recognizer: No match from Shazam
music_recognizer: Shazam attempt 1/3 hit an error page (rate limit?); retrying in 1.0s
music_recognizer: Shazam attempt 1/3 hit an error page (rate limit?); retrying in 1.0s
music_recognizer: Shazam attempt 2/3 hit an error page (rate limit?); retrying in 2.0s
music_recognizer: Shazam attempt 2/3 hit an error page (rate limit?); retrying in 2.0s
music_recognizer: No match from Shazam
music_recognizer: No match from Shazam
music_recognizer: No match from Shazam
music_recognizer: Shazam attempt 1/3 hit an error page (rate limit?); retrying in 1.0s
music_recognizer: Shazam attempt 2/3 hit an error page (rate limit?); retrying in 2.0s
music_recognizer: Shazam attempt 1/3 hit an error page (rate limit?); retrying in 1.0s
music_recognizer: Audio bytes identification failed: Check args, URL is invalid
URL- https://amp.shazam.com/discovery/v5/en/GB/iphone/-/tag/B0727C2C-5710-4C67-ADE8-E353E1975059/96501430-4BBA-41EC-935A-89327A847C42?sync=true&webv3=true&sampling=true&connected=&shazamapiversion=v3&sharehub=true&hubv5minorversion=v5.1&hidelb=true&video=v3
music_recognizer: Shazam attempt 2/3 hit an error page (rate limit?); retrying in 2.0s
music_recognizer: No match from Shazam
music_recognizer: No match from Shazam
music_recognizer: No match from Shazam
music_recognizer: Shazam attempt 1/3 hit an error page (rate limit?); retrying in 1.0s
music_recognizer: Shazam attempt 1/3 hit an error page (rate limit?); retrying in 1.0s
music_recognizer: Shazam attempt 2/3 hit an error page (rate limit?); retrying in 2.0s
music_recognizer: Shazam attempt 2/3 hit an error page (rate limit?); retrying in 2.0s
music_recognizer: No match from Shazam
music_recognizer: No match from Shazam
music_recognizer: No match from Shazam
music_recognizer: Shazam attempt 1/3 hit an error page (rate limit?); retrying in 1.0s
music_recognizer: Shazam attempt 2/3 hit an error page (rate limit?); retrying in 2.0s
music_recognizer: Shazam attempt 1/3 hit an error page (rate limit?); retrying in 1.0s
music_recognizer: Audio bytes identification failed: Check args, URL is invalid
URL- https://amp.shazam.com/discovery/v5/en/GB/iphone/-/tag/8246D368-C03A-458C-9DC6-34EA1506B3EB/2C509B75-3258-47F5-8CFA-4E71880C46C3?sync=true&webv3=true&sampling=true&connected=&shazamapiversion=v3&sharehub=true&hubv5minorversion=v5.1&hidelb=true&video=v3
music_recognizer: Shazam attempt 2/3 hit an error page (rate limit?); retrying in 2.0s
music_recognizer: No match from Shazam
music_recognizer: No match from Shazam
music_recognizer: No match from Shazam
music_recognizer: Shazam attempt 1/3 hit an error page (rate limit?); retrying in 1.0s
music_recognizer: Shazam attempt 1/3 hit an error page (rate limit?); retrying in 1.0s
music_recognizer: Shazam attempt 2/3 hit an error page (rate limit?); retrying in 2.0s
music_recognizer: Shazam attempt 2/3 hit an error page (rate limit?); retrying in 2.0s
music_recognizer: No match from Shazam
music_recognizer: No match from Shazam
music_recognizer: No match from Shazam
music_recognizer: Shazam attempt 1/3 hit an error page (rate limit?); retrying in 1.0s
music_recognizer: Shazam attempt 2/3 hit an error page (rate limit?); retrying in 2.0s
music_recognizer: Shazam attempt 1/3 hit an error page (rate limit?); retrying in 1.0s
music_recognizer: Audio bytes identification failed: Check args, URL is invalid
URL- https://amp.shazam.com/discovery/v5/en/GB/iphone/-/tag/8D855F83-9043-474C-B354-39013A3DA588/9AEFA7C7-2680-4C7C-8DEC-C241078532B6?sync=true&webv3=true&sampling=true&connected=&shazamapiversion=v3&sharehub=true&hubv5minorversion=v5.1&hidelb=true&video=v3
music_recognizer: Shazam attempt 2/3 hit an error page (rate limit?); retrying in 2.0s
music_recognizer: No match from Shazam
music_recognizer: No match from Shazam
music_recognizer: No match from Shazam
music_recognizer: Shazam attempt 1/3 hit an error page (rate limit?); retrying in 1.0s
music_recognizer: Shazam attempt 1/3 hit an error page (rate limit?); retrying in 1.0s
music_recognizer: Shazam attempt 2/3 hit an error page (rate limit?); retrying in 2.0s
music_recognizer: Shazam attempt 2/3 hit an error page (rate limit?); retrying in 2.0s
music_recognizer: No match from Shazam
music_recognizer: No match from Shazam
music_recognizer: No match from Shazam
music_recognizer: Shazam attempt 1/3 hit an error page (rate limit?); retrying in 1.0s
music_recognizer: Shazam attempt 2/3 hit an error page (rate limit?); retrying in 2.0s
music_recognizer: Shazam attempt 1/3 hit an error page (rate limit?); retrying in 1.0s
music_recognizer: Audio bytes identification failed: Check args, URL is invalid
URL- https://amp.shazam.com/discovery/v5/en/GB/iphone/-/tag/1E744C0A-2E73-4DA9-8A2E-AF941A594659/67FE85A1-DF09-4455-809F-4251B5D9BA2D?sync=true&webv3=true&sampling=true&connected=&shazamapiversion=v3&sharehub=true&hubv5minorversion=v5.1&hidelb=true&video=v3
music_recognizer: Shazam attempt 2/3 hit an error page (rate limit?); retrying in 2.0s
music_recognizer: No match from Shazam
music_recognizer: No match from Shazam
music_recognizer: No match from Shazam
music_recognizer: Shazam attempt 1/3 hit an error page (rate limit?); retrying in 1.0s
music_recognizer: Shazam attempt 1/3 hit an error page (rate limit?); retrying in 1.0s
music_recognizer: Shazam attempt 2/3 hit an error page (rate limit?); retrying in 2.0s
music_recognizer: Shazam attempt 2/3 hit an error page (rate limit?); retrying in 2.0s
music_recognizer: No match from Shazam
music_recognizer: No match from Shazam
music_recognizer: No match from Shazam
music_recognizer: Shazam attempt 1/3 hit an error page (rate limit?); retrying in 1.0s
music_recognizer: Shazam attempt 2/3 hit an error page (rate limit?); retrying in 2.0s
music_recognizer: Shazam attempt 1/3 hit an error page (rate limit?); retrying in 1.0s
music_recognizer: Audio bytes identification failed: Check args, URL is invalid
URL- https://amp.shazam.com/discovery/v5/en/GB/iphone/-/tag/AEAFC2F3-49D1-4A07-9488-11497A50A1E6/5D24C789-0000-4451-9E64-DADFB966961A?sync=true&webv3=true&sampling=true&connected=&shazamapiversion=v3&sharehub=true&hubv5minorversion=v5.1&hidelb=true&video=v3
music_recognizer: Shazam attempt 2/3 hit an error page (rate limit?); retrying in 2.0s
music_recognizer: No match from Shazam
music_recognizer: No match from Shazam
music_recognizer: No match from Shazam
music_recognizer: Shazam attempt 1/3 hit an error page (rate limit?); retrying in 1.0s
music_recognizer: Shazam attempt 1/3 hit an error page (rate limit?); retrying in 1.0s
music_recognizer: Shazam attempt 2/3 hit an error page (rate limit?); retrying in 2.0s
music_recognizer: Shazam attempt 2/3 hit an error page (rate limit?); retrying in 2.0s
music_recognizer: No match from Shazam
music_recognizer: No match from Shazam
music_recognizer: No match from Shazam
music_recognizer: Shazam attempt 1/3 hit an error page (rate limit?); retrying in 1.0s
music_recognizer: Shazam attempt 2/3 hit an error page (rate limit?); retrying in 2.0s
music_recognizer: Shazam attempt 1/3 hit an error page (rate limit?); retrying in 1.0s
music_recognizer: Audio bytes identification failed: Check args, URL is invalid
URL- https://amp.shazam.com/discovery/v5/en/GB/iphone/-/tag/9207BCD4-8E5C-4B23-8B17-DCFE58D86C1C/CA2870BA-8153-4867-849A-4016BAD90EA0?sync=true&webv3=true&sampling=true&connected=&shazamapiversion=v3&sharehub=true&hubv5minorversion=v5.1&hidelb=true&video=v3
music_recognizer: Shazam attempt 2/3 hit an error page (rate limit?); retrying in 2.0s
music_recognizer: No match from Shazam
music_recognizer: No match from Shazam
music_recognizer: No match from Shazam
music_recognizer: Shazam attempt 1/3 hit an error page (rate limit?); retrying in 1.0s
music_recognizer: Shazam attempt 1/3 hit an error page (rate limit?); retrying in 1.0s
music_recognizer: Shazam attempt 2/3 hit an error page (rate limit?); retrying in 2.0s
music_recognizer: Shazam attempt 2/3 hit an error page (rate limit?); retrying in 2.0s
music_recognizer: No match from Shazam
music_recognizer: No match from Shazam
music_recognizer: No match from Shazam
music_recognizer: Shazam attempt 1/3 hit an error page (rate limit?); retrying in 1.0s
music_recognizer: Shazam attempt 2/3 hit an error page (rate limit?); retrying in 2.0s
music_recognizer: Shazam attempt 1/3 hit an error page (rate limit?); retrying in 1.0s
music_recognizer: Audio bytes identification failed: Check args, URL is invalid
URL- https://amp.shazam.com/discovery/v5/en/GB/iphone/-/tag/3F4CC598-1861-4743-8C91-5A84C0671334/B3442629-6527-4DDE-AAEC-3BB6192EAFA0?sync=true&webv3=true&sampling=true&connected=&shazamapiversion=v3&sharehub=true&hubv5minorversion=v5.1&hidelb=true&video=v3
music_recognizer: Shazam attempt 2/3 hit an error page (rate limit?); retrying in 2.0s
music_recognizer: No match from Shazam
music_recognizer: No match from Shazam
music_recognizer: No match from Shazam
music_recognizer: Shazam attempt 1/3 hit an error page (rate limit?); retrying in 1.0s
music_recognizer: Shazam attempt 1/3 hit an error page (rate limit?); retrying in 1.0s
music_recognizer: Shazam attempt 2/3 hit an error page (rate limit?); retrying in 2.0s
music_recognizer: Shazam attempt 2/3 hit an error page (rate limit?); retrying in 2.0s
music_recognizer: No match from Shazam
music_recognizer: No match from Shazam
music_recognizer: No match from Shazam
music_recognizer: Shazam attempt 1/3 hit an error page (rate limit?); retrying in 1.0s
music_recognizer: Shazam attempt 2/3 hit an error page (rate limit?); retrying in 2.0s
music_recognizer: Shazam attempt 1/3 hit an error page (rate limit?); retrying in 1.0s
music_recognizer: Audio bytes identification failed: Check args, URL is invalid
URL- https://amp.shazam.com/discovery/v5/en/GB/iphone/-/tag/204F3BBC-C8AE-49EB-932A-6D3EF3603105/AA1F93DF-7B71-4C53-949F-6DE565479107?sync=true&webv3=true&sampling=true&connected=&shazamapiversion=v3&sharehub=true&hubv5minorversion=v5.1&hidelb=true&video=v3
music_recognizer: Shazam attempt 2/3 hit an error page (rate limit?); retrying in 2.0s
music_recognizer: No match from Shazam
music_recognizer: No match from Shazam
music_recognizer: No match from Shazam
music_recognizer: Shazam attempt 1/3 hit an error page (rate limit?); retrying in 1.0s
music_recognizer: Shazam attempt 1/3 hit an error page (rate limit?); retrying in 1.0s
music_recognizer: Shazam attempt 2/3 hit an error page (rate limit?); retrying in 2.0s
music_recognizer: Shazam attempt 2/3 hit an error page (rate limit?); retrying in 2.0s
music_recognizer: No match from Shazam
music_recognizer: No match from Shazam
music_recognizer: No match from Shazam
music_recognizer: Shazam attempt 1/3 hit an error page (rate limit?); retrying in 1.0s
music_recognizer: Shazam attempt 2/3 hit an error page (rate limit?); retrying in 2.0s
music_recognizer: Shazam attempt 1/3 hit an error page (rate limit?); retrying in 1.0s
music_recognizer: Audio bytes identification failed: Check args, URL is invalid
URL- https://amp.shazam.com/discovery/v5/en/GB/iphone/-/tag/D548FE92-4D90-4AC0-880F-7F34D114F16C/4C9AE1A9-9A63-4EE4-8B14-D14650EF5FA0?sync=true&webv3=true&sampling=true&connected=&shazamapiversion=v3&sharehub=true&hubv5minorversion=v5.1&hidelb=true&video=v3
music_recognizer: Shazam attempt 2/3 hit an error page (rate limit?); retrying in 2.0s
music_recognizer: No match from Shazam
music_recognizer: No match from Shazam
music_recognizer: No match from Shazam
music_recognizer: Shazam attempt 1/3 hit an error page (rate limit?); retrying in 1.0s
music_recognizer: Shazam attempt 1/3 hit an error page (rate limit?); retrying in 1.0s
music_recognizer: Shazam attempt 2/3 hit an error page (rate limit?); retrying in 2.0s
music_recognizer: Shazam attempt 2/3 hit an error page (rate limit?); retrying in 2.0s
music_recognizer: No match from Shazam
music_recognizer: No match from Shazam
music_recognizer: No match from Shazam
music_recognizer: Shazam attempt 1/3 hit an error page (rate limit?); retrying in 1.0s
music_recognizer: Shazam attempt 2/3 hit an error page (rate limit?); retrying in 2.0s
music_recognizer: Shazam attempt 1/3 hit an error page (rate limit?); retrying in 1.0s
music_recognizer: Audio bytes identification failed: Check args, URL is invalid
URL- https://amp.shazam.com/discovery/v5/en/GB/iphone/-/tag/BAC1984C-6C97-43A7-9C4E-07155C832EA7/12AA5F42-8760-46AF-A631-4B86309C0D3F?sync=true&webv3=true&sampling=true&connected=&shazamapiversion=v3&sharehub=true&hubv5minorversion=v5.1&hidelb=true&video=v3
music_recognizer: Shazam attempt 2/3 hit an error page (rate limit?); retrying in 2.0s
music_recognizer: No match from Shazam
music_recognizer: No match from Shazam
music_recognizer: No match from Shazam
music_recognizer: Shazam attempt 1/3 hit an error page (rate limit?); retrying in 1.0s
music_recognizer: Shazam attempt 1/3 hit an error page (rate limit?); retrying in 1.0s
music_recognizer: Shazam attempt 2/3 hit an error page (rate limit?); retrying in 2.0s
music_recognizer: Shazam attempt 2/3 hit an error page (rate limit?); retrying in 2.0s
music_recognizer: No match from Shazam
music_recognizer: No match from Shazam
music_recognizer: No match from Shazam
music_recognizer: Shazam attempt 1/3 hit an error page (rate limit?); retrying in 1.0s
music_recognizer: Shazam attempt 2/3 hit an error page (rate limit?); retrying in 2.0s
music_recognizer: Shazam attempt 1/3 hit an error page (rate limit?); retrying in 1.0s
music_recognizer: Audio bytes identification failed: Check args, URL is invalid
URL- https://amp.shazam.com/discovery/v5/en/GB/iphone/-/tag/AC8B0A90-3C48-4D0B-8ECF-B78828B3882A/55BA5A2E-E918-4CBA-8B23-5B524908897A?sync=true&webv3=true&sampling=true&connected=&shazamapiversion=v3&sharehub=true&hubv5minorversion=v5.1&hidelb=true&video=v3
music_recognizer: Shazam attempt 2/3 hit an error page (rate limit?); retrying in 2.0s
music_recognizer: No match from Shazam
music_recognizer: No match from Shazam
music_recognizer: No match from Shazam
music_recognizer: Shazam attempt 1/3 hit an error page (rate limit?); retrying in 1.0s
music_recognizer: Shazam attempt 1/3 hit an error page (rate limit?); retrying in 1.0s
music_recognizer: Shazam attempt 2/3 hit an error page (rate limit?); retrying in 2.0s
music_recognizer: Shazam attempt 2/3 hit an error page (rate limit?); retrying in 2.0s
music_recognizer: No match from Shazam
music_recognizer: No match from Shazam
music_recognizer: No match from Shazam
music_recognizer: Shazam attempt 1/3 hit an error page (rate limit?); retrying in 1.0s
music_recognizer: Shazam attempt 2/3 hit an error page (rate limit?); retrying in 2.0s
music_recognizer: Shazam attempt 1/3 hit an error page (rate limit?); retrying in 1.0s
music_recognizer: Audio bytes identification failed: Check args, URL is invalid
URL- https://amp.shazam.com/discovery/v5/en/GB/iphone/-/tag/1F3364DA-41CE-4294-A19D-046A2349DD61/58D47063-B522-4479-AFE8-2455A3F433A0?sync=true&webv3=true&sampling=true&connected=&shazamapiversion=v3&sharehub=true&hubv5minorversion=v5.1&hidelb=true&video=v3
music_recognizer: Shazam attempt 2/3 hit an error page (rate limit?); retrying in 2.0s
music_recognizer: No match from Shazam
music_recognizer: No match from Shazam
music_recognizer: No match from Shazam
music_recognizer: Shazam attempt 1/3 hit an error page (rate limit?); retrying in 1.0s
music_recognizer: Shazam attempt 1/3 hit an error page (rate limit?); retrying in 1.0s
music_recognizer: Shazam attempt 2/3 hit an error page (rate limit?); retrying in 2.0s
music_recognizer: Shazam attempt 2/3 hit an error page (rate limit?); retrying in 2.0s
music_recognizer: No match from Shazam
music_recognizer: No match from Shazam
music_recognizer: No match from Shazam
music_recognizer: Shazam attempt 1/3 hit an error page (rate limit?); retrying in 1.0s
music_recognizer: Shazam attempt 2/3 hit an error page (rate limit?); retrying in 2.0s
music_recognizer: Shazam attempt 1/3 hit an error page (rate limit?); retrying in 1.0s
music_recognizer: Audio bytes identification failed: Check args, URL is invalid
URL- https://amp.shazam.com/discovery/v5/en/GB/iphone/-/tag/2B620D3E-769A-4E47-ADE6-BB6621068595/2DB08260-7687-4142-B41D-7B03D5C7BD12?sync=true&webv3=true&sampling=true&connected=&shazamapiversion=v3&sharehub=true&hubv5minorversion=v5.1&hidelb=true&video=v3
music_recognizer: Shazam attempt 2/3 hit an error page (rate limit?); retrying in 2.0s
music_recognizer: No match from Shazam
music_recognizer: No match from Shazam
music_recognizer: No match from Shazam
music_recognizer: Shazam attempt 1/3 hit an error page (rate limit?); retrying in 1.0s
music_recognizer: Shazam attempt 1/3 hit an error page (rate limit?); retrying in 1.0s
music_recognizer: Shazam attempt 2/3 hit an error page (rate limit?); retrying in 2.0s
music_recognizer: Shazam attempt 2/3 hit an error page (rate limit?); retrying in 2.0s
music_recognizer: No match from Shazam
music_recognizer: No match from Shazam
music_recognizer: No match from Shazam
music_recognizer: Shazam attempt 1/3 hit an error page (rate limit?); retrying in 1.0s
music_recognizer: Shazam attempt 2/3 hit an error page (rate limit?); retrying in 2.0s
music_recognizer: Shazam attempt 1/3 hit an error page (rate limit?); retrying in 1.0s
music_recognizer: Audio bytes identification failed: Check args, URL is invalid
URL- https://amp.shazam.com/discovery/v5/en/GB/iphone/-/tag/AF530DA2-EDA7-4B67-979F-8C08B375CAF7/9FACB05D-99D4-4CD9-AF64-392CDB939EA2?sync=true&webv3=true&sampling=true&connected=&shazamapiversion=v3&sharehub=true&hubv5minorversion=v5.1&hidelb=true&video=v3
music_recognizer: Shazam attempt 2/3 hit an error page (rate limit?); retrying in 2.0s
music_recognizer: No match from Shazam
music_recognizer: No match from Shazam
music_recognizer: No match from Shazam
music_recognizer: Shazam attempt 1/3 hit an error page (rate limit?); retrying in 1.0s
music_recognizer: Shazam attempt 1/3 hit an error page (rate limit?); retrying in 1.0s
music_recognizer: Shazam attempt 2/3 hit an error page (rate limit?); retrying in 2.0s
music_recognizer: Shazam attempt 2/3 hit an error page (rate limit?); retrying in 2.0s
music_recognizer: No match from Shazam
music_recognizer: No match from Shazam
music_recognizer: No match from Shazam
music_recognizer: Shazam attempt 1/3 hit an error page (rate limit?); retrying in 1.0s
music_recognizer: Shazam attempt 2/3 hit an error page (rate limit?); retrying in 2.0s
music_recognizer: Shazam attempt 1/3 hit an error page (rate limit?); retrying in 1.0s
music_recognizer: Audio bytes identification failed: Check args, URL is invalid
URL- https://amp.shazam.com/discovery/v5/en/GB/iphone/-/tag/0EAB504F-1EDC-4E09-B897-30BCC43CDE56/2EF821E9-BFED-4797-84F0-683CEA7B489A?sync=true&webv3=true&sampling=true&connected=&shazamapiversion=v3&sharehub=true&hubv5minorversion=v5.1&hidelb=true&video=v3
music_recognizer: Shazam attempt 2/3 hit an error page (rate limit?); retrying in 2.0s
music_recognizer: No match from Shazam
music_recognizer: No match from Shazam
music_recognizer: No match from Shazam
music_recognizer: Shazam attempt 1/3 hit an error page (rate limit?); retrying in 1.0s
music_recognizer: Shazam attempt 1/3 hit an error page (rate limit?); retrying in 1.0s
music_recognizer: Shazam attempt 2/3 hit an error page (rate limit?); retrying in 2.0s
music_recognizer: Shazam attempt 2/3 hit an error page (rate limit?); retrying in 2.0s
music_recognizer: No match from Shazam
music_recognizer: No match from Shazam
music_recognizer: No match from Shazam
music_recognizer: Shazam attempt 1/3 hit an error page (rate limit?); retrying in 1.0s
music_recognizer: Shazam attempt 2/3 hit an error page (rate limit?); retrying in 2.0s
music_recognizer: Shazam attempt 1/3 hit an error page (rate limit?); retrying in 1.0s
music_recognizer: Audio bytes identification failed: Check args, URL is invalid
URL- https://amp.shazam.com/discovery/v5/en/GB/iphone/-/tag/087577E3-1B9D-4D06-BFFF-BD8AB3833B60/4B3A3017-789A-4D11-A00F-17EE0774AD04?sync=true&webv3=true&sampling=true&connected=&shazamapiversion=v3&sharehub=true&hubv5minorversion=v5.1&hidelb=true&video=v3
music_recognizer: Shazam attempt 2/3 hit an error page (rate limit?); retrying in 2.0s
music_recognizer: No match from Shazam
music_recognizer: No match from Shazam
music_recognizer: No match from Shazam
music_recognizer: Shazam attempt 1/3 hit an error page (rate limit?); retrying in 1.0s
music_recognizer: Shazam attempt 1/3 hit an error page (rate limit?); retrying in 1.0s
music_recognizer: Shazam attempt 2/3 hit an error page (rate limit?); retrying in 2.0s
music_recognizer: Shazam attempt 2/3 hit an error page (rate limit?); retrying in 2.0s
music_recognizer: No match from Shazam
music_recognizer: No match from Shazam
music_recognizer: No match from Shazam
music_recognizer: Shazam attempt 1/3 hit an error page (rate limit?); retrying in 1.0s
music_recognizer: Shazam attempt 2/3 hit an error page (rate limit?); retrying in 2.0s
music_recognizer: Shazam attempt 1/3 hit an error page (rate limit?); retrying in 1.0s
music_recognizer: Audio bytes identification failed: Check args, URL is invalid
URL- https://amp.shazam.com/discovery/v5/en/GB/iphone/-/tag/0EEDDB08-A762-4361-AF65-C6BD6A13D0CD/3BDBF72F-039E-4686-A3FA-289037859E4D?sync=true&webv3=true&sampling=true&connected=&shazamapiversion=v3&sharehub=true&hubv5minorversion=v5.1&hidelb=true&video=v3
music_recognizer: Shazam attempt 2/3 hit an error page (rate limit?); retrying in 2.0s
music_recognizer: No match from Shazam
music_recognizer: No match from Shazam
music_recognizer: No match from Shazam
music_recognizer: Shazam attempt 1/3 hit an error page (rate limit?); retrying in 1.0s
music_recognizer: Shazam attempt 1/3 hit an error page (rate limit?); retrying in 1.0s
music_recognizer: Shazam attempt 2/3 hit an error page (rate limit?); retrying in 2.0s
music_recognizer: Shazam attempt 2/3 hit an error page (rate limit?); retrying in 2.0s
music_recognizer: No match from Shazam
music_recognizer: No match from Shazam
music_recognizer: No match from Shazam
music_recognizer: Shazam attempt 1/3 hit an error page (rate limit?); retrying in 1.0s
music_recognizer: Shazam attempt 2/3 hit an error page (rate limit?); retrying in 2.0s
music_recognizer: Shazam attempt 1/3 hit an error page (rate limit?); retrying in 1.0s
music_recognizer: Audio bytes identification failed: Check args, URL is invalid
URL- https://amp.shazam.com/discovery/v5/en/GB/iphone/-/tag/786B44B7-E85B-483D-96B7-31923CE10515/7044F224-6634-4829-AFB7-E0565131353D?sync=true&webv3=true&sampling=true&connected=&shazamapiversion=v3&sharehub=true&hubv5minorversion=v5.1&hidelb=true&video=v3
music_recognizer: Shazam attempt 2/3 hit an error page (rate limit?); retrying in 2.0s
music_recognizer: No match from Shazam
music_recognizer: No match from Shazam
music_recognizer: No match from Shazam
music_recognizer: Shazam attempt 1/3 hit an error page (rate limit?); retrying in 1.0s
music_recognizer: Shazam attempt 1/3 hit an error page (rate limit?); retrying in 1.0s
music_recognizer: Shazam attempt 2/3 hit an error page (rate limit?); retrying in 2.0s
music_recognizer: Shazam attempt 2/3 hit an error page (rate limit?); retrying in 2.0s
music_recognizer: No match from Shazam
music_recognizer: No match from Shazam
music_recognizer: No match from Shazam
music_recognizer: Shazam attempt 1/3 hit an error page (rate limit?); retrying in 1.0s
music_recognizer: Shazam attempt 2/3 hit an error page (rate limit?); retrying in 2.0s
music_recognizer: Shazam attempt 1/3 hit an error page (rate limit?); retrying in 1.0s
music_recognizer: Audio bytes identification failed: Check args, URL is invalid
URL- https://amp.shazam.com/discovery/v5/en/GB/iphone/-/tag/E6DF4D70-DFEC-44E6-9959-048A8F677AEA/F9405C73-61D1-4AB7-B147-44E269089A1C?sync=true&webv3=true&sampling=true&connected=&shazamapiversion=v3&sharehub=true&hubv5minorversion=v5.1&hidelb=true&video=v3
music_recognizer: Shazam attempt 2/3 hit an error page (rate limit?); retrying in 2.0s
music_recognizer: No match from Shazam
music_recognizer: No match from Shazam
music_recognizer: No match from Shazam
music_recognizer: Shazam attempt 1/3 hit an error page (rate limit?); retrying in 1.0s
music_recognizer: Shazam attempt 1/3 hit an error page (rate limit?); retrying in 1.0s
music_recognizer: Shazam attempt 2/3 hit an error page (rate limit?); retrying in 2.0s
music_recognizer: Shazam attempt 2/3 hit an error page (rate limit?); retrying in 2.0s
music_recognizer: No match from Shazam
music_recognizer: No match from Shazam
music_recognizer: No match from Shazam
music_recognizer: Shazam attempt 1/3 hit an error page (rate limit?); retrying in 1.0s
music_recognizer: Shazam attempt 2/3 hit an error page (rate limit?); retrying in 2.0s
music_recognizer: Shazam attempt 1/3 hit an error page (rate limit?); retrying in 1.0s
music_recognizer: Audio bytes identification failed: Check args, URL is invalid
URL- https://amp.shazam.com/discovery/v5/en/GB/iphone/-/tag/CFC2096F-72C6-4D5D-B0A0-9B09BDDBDA50/4B7A6F63-13D4-49EC-A125-27A5F203F11D?sync=true&webv3=true&sampling=true&connected=&shazamapiversion=v3&sharehub=true&hubv5minorversion=v5.1&hidelb=true&video=v3
music_recognizer: Shazam attempt 2/3 hit an error page (rate limit?); retrying in 2.0s
music_recognizer: No match from Shazam
music_recognizer: No match from Shazam
music_recognizer: No match from Shazam
music_recognizer: Shazam attempt 1/3 hit an error page (rate limit?); retrying in 1.0s
music_recognizer: Shazam attempt 1/3 hit an error page (rate limit?); retrying in 1.0s
music_recognizer: Shazam attempt 2/3 hit an error page (rate limit?); retrying in 2.0s
music_recognizer: Shazam attempt 2/3 hit an error page (rate limit?); retrying in 2.0s
music_recognizer: No match from Shazam
music_recognizer: No match from Shazam
music_recognizer: No match from Shazam
music_recognizer: Shazam attempt 1/3 hit an error page (rate limit?); retrying in 1.0s
music_recognizer: Shazam attempt 2/3 hit an error page (rate limit?); retrying in 2.0s
music_recognizer: Shazam attempt 1/3 hit an error page (rate limit?); retrying in 1.0s
music_recognizer: Audio bytes identification failed: Check args, URL is invalid
URL- https://amp.shazam.com/discovery/v5/en/GB/iphone/-/tag/DB4F9957-8A70-4274-AD31-0D3920E894E8/B77D6ACE-00EE-4C51-A04E-1964AE933F6A?sync=true&webv3=true&sampling=true&connected=&shazamapiversion=v3&sharehub=true&hubv5minorversion=v5.1&hidelb=true&video=v3
music_recognizer: Shazam attempt 2/3 hit an error page (rate limit?); retrying in 2.0s
music_recognizer: No match from Shazam
music_recognizer: No match from Shazam
music_recognizer: No match from Shazam
music_recognizer: Shazam attempt 1/3 hit an error page (rate limit?); retrying in 1.0s
music_recognizer: Shazam attempt 1/3 hit an error page (rate limit?); retrying in 1.0s
music_recognizer: Shazam attempt 2/3 hit an error page (rate limit?); retrying in 2.0s
music_recognizer: Shazam attempt 2/3 hit an error page (rate limit?); retrying in 2.0s
music_recognizer: No match from Shazam
music_recognizer: No match from Shazam
music_recognizer: No match from Shazam
music_recognizer: Shazam attempt 1/3 hit an error page (rate limit?); retrying in 1.0s
music_recognizer: Shazam attempt 2/3 hit an error page (rate limit?); retrying in 2.0s
music_recognizer: Shazam attempt 1/3 hit an error page (rate limit?); retrying in 1.0s
music_recognizer: Audio bytes identification failed: Check args, URL is invalid
URL- https://amp.shazam.com/discovery/v5/en/GB/iphone/-/tag/DE9319CB-2E3B-4F85-92F2-DC9158B5CBD7/5ADFD2D1-5108-41AA-B0BE-3894C3E7FA21?sync=true&webv3=true&sampling=true&connected=&shazamapiversion=v3&sharehub=true&hubv5minorversion=v5.1&hidelb=true&video=v3
music_recognizer: Shazam attempt 2/3 hit an error page (rate limit?); retrying in 2.0s
music_recognizer: No match from Shazam
music_recognizer: No match from Shazam
music_recognizer: No match from Shazam
music_recognizer: Shazam attempt 1/3 hit an error page (rate limit?); retrying in 1.0s
music_recognizer: Shazam attempt 1/3 hit an error page (rate limit?); retrying in 1.0s
music_recognizer: Shazam attempt 2/3 hit an error page (rate limit?); retrying in 2.0s
music_recognizer: Shazam attempt 2/3 hit an error page (rate limit?); retrying in 2.0s
music_recognizer: No match from Shazam
music_recognizer: No match from Shazam
music_recognizer: No match from Shazam
music_recognizer: Shazam attempt 1/3 hit an error page (rate limit?); retrying in 1.0s
music_recognizer: Shazam attempt 2/3 hit an error page (rate limit?); retrying in 2.0s
music_recognizer: Shazam attempt 1/3 hit an error page (rate limit?); retrying in 1.0s
music_recognizer: Audio bytes identification failed: Check args, URL is invalid
URL- https://amp.shazam.com/discovery/v5/en/GB/iphone/-/tag/AE1B543D-B244-4015-B975-A9356C82AFD4/E1750114-8B91-4F72-B0F6-F3C84E640A5F?sync=true&webv3=true&sampling=true&connected=&shazamapiversion=v3&sharehub=true&hubv5minorversion=v5.1&hidelb=true&video=v3
music_recognizer: Shazam attempt 2/3 hit an error page (rate limit?); retrying in 2.0s
music_recognizer: No match from Shazam
music_recognizer: No match from Shazam
music_recognizer: No match from Shazam
music_recognizer: Shazam attempt 1/3 hit an error page (rate limit?); retrying in 1.0s
music_recognizer: Shazam attempt 1/3 hit an error page (rate limit?); retrying in 1.0s
music_recognizer: Shazam attempt 2/3 hit an error page (rate limit?); retrying in 2.0s
music_recognizer: Shazam attempt 2/3 hit an error page (rate limit?); retrying in 2.0s
music_recognizer: No match from Shazam
music_recognizer: No match from Shazam
music_recognizer: No match from Shazam
music_recognizer: Shazam attempt 1/3 hit an error page (rate limit?); retrying in 1.0s
music_recognizer: Shazam attempt 2/3 hit an error page (rate limit?); retrying in 2.0s
music_recognizer: Shazam attempt 1/3 hit an error page (rate limit?); retrying in 1.0s
music_recognizer: Audio bytes identification failed: Check args, URL is invalid
URL- https://amp.shazam.com/discovery/v5/en/GB/iphone/-/tag/7B4BA3E6-37C7-4F22-82F9-5875865D442E/44B54EA8-640A-4868-ADFF-98AFB5AF525E?sync=true&webv3=true&sampling=true&connected=&shazamapiversion=v3&sharehub=true&hubv5minorversion=v5.1&hidelb=true&video=v3
music_recognizer: Shazam attempt 2/3 hit an error page (rate limit?); retrying in 2.0s
music_recognizer: No match from Shazam
music_recognizer: No match from Shazam
music_recognizer: No match from Shazam
music_recognizer: Shazam attempt 1/3 hit an error page (rate limit?); retrying in 1.0s
music_recognizer: Shazam attempt 1/3 hit an error page (rate limit?); retrying in 1.0s
music_recognizer: Shazam attempt 2/3 hit an error page (rate limit?); retrying in 2.0s
music_recognizer: Shazam attempt 2/3 hit an error page (rate limit?); retrying in 2.0s
music_recognizer: No match from Shazam
music_recognizer: No match from Shazam
music_recognizer: No match from Shazam
music_recognizer: Shazam attempt 1/3 hit an error page (rate limit?); retrying in 1.0s
music_recognizer: Shazam attempt 2/3 hit an error page (rate limit?); retrying in 2.0s
music_recognizer: Shazam attempt 1/3 hit an error page (rate limit?); retrying in 1.0s
music_recognizer: Audio bytes identification failed: Check args, URL is invalid
URL- https://amp.shazam.com/discovery/v5/en/GB/iphone/-/tag/24A987F6-93AC-4CFD-A87E-811572FFEC6C/6FC3881D-C8C5-4100-9840-EF5F1D5BEB85?sync=true&webv3=true&sampling=true&connected=&shazamapiversion=v3&sharehub=true&hubv5minorversion=v5.1&hidelb=true&video=v3
music_recognizer: Shazam attempt 2/3 hit an error page (rate limit?); retrying in 2.0s
music_recognizer: No match from Shazam
music_recognizer: No match from Shazam
music_recognizer: No match from Shazam
music_recognizer: Shazam attempt 1/3 hit an error page (rate limit?); retrying in 1.0s
music_recognizer: Shazam attempt 1/3 hit an error page (rate limit?); retrying in 1.0s
music_recognizer: Shazam attempt 2/3 hit an error page (rate limit?); retrying in 2.0s
music_recognizer: Shazam attempt 2/3 hit an error page (rate limit?); retrying in 2.0s
music_recognizer: No match from Shazam
music_recognizer: No match from Shazam
music_recognizer: No match from Shazam
music_recognizer: Shazam attempt 1/3 hit an error page (rate limit?); retrying in 1.0s
music_recognizer: Shazam attempt 2/3 hit an error page (rate limit?); retrying in 2.0s
music_recognizer: Shazam attempt 1/3 hit an error page (rate limit?); retrying in 1.0s
music_recognizer: Audio bytes identification failed: Check args, URL is invalid
URL- https://amp.shazam.com/discovery/v5/en/GB/iphone/-/tag/755B61C8-838E-4EAD-A9DB-C969D7F63967/D51CEB6D-BA14-4A09-BF8A-FB6166077839?sync=true&webv3=true&sampling=true&connected=&shazamapiversion=v3&sharehub=true&hubv5minorversion=v5.1&hidelb=true&video=v3
music_recognizer: Shazam attempt 2/3 hit an error page (rate limit?); retrying in 2.0s
music_recognizer: No match from Shazam
music_recognizer: No match from Shazam
music_recognizer: No match from Shazam
music_recognizer: Shazam attempt 1/3 hit an error page (rate limit?); retrying in 1.0s
music_recognizer: Shazam attempt 1/3 hit an error page (rate limit?); retrying in 1.0s
music_recognizer: Shazam attempt 2/3 hit an error page (rate limit?); retrying in 2.0s
music_recognizer: Shazam attempt 2/3 hit an error page (rate limit?); retrying in 2.0s
music_recognizer: No match from Shazam
music_recognizer: No match from Shazam
music_recognizer: No match from Shazam
music_recognizer: Shazam attempt 1/3 hit an error page (rate limit?); retrying in 1.0s
music_recognizer: Shazam attempt 2/3 hit an error page (rate limit?); retrying in 2.0s
music_recognizer: Shazam attempt 1/3 hit an error page (rate limit?); retrying in 1.0s
music_recognizer: Audio bytes identification failed: Check args, URL is invalid
URL- https://amp.shazam.com/discovery/v5/en/GB/iphone/-/tag/22856733-51B5-4165-AD14-E26CDF8CDB5B/70629DF9-328A-42BE-BE44-AF80BF3F98C0?sync=true&webv3=true&sampling=true&connected=&shazamapiversion=v3&sharehub=true&hubv5minorversion=v5.1&hidelb=true&video=v3
music_recognizer: Shazam attempt 2/3 hit an error page (rate limit?); retrying in 2.0s
music_recognizer: No match from Shazam
music_recognizer: No match from Shazam
music_recognizer: No match from Shazam
music_recognizer: Shazam attempt 1/3 hit an error page (rate limit?); retrying in 1.0s
music_recognizer: Shazam attempt 1/3 hit an error page (rate limit?); retrying in 1.0s
music_recognizer: Shazam attempt 2/3 hit an error page (rate limit?); retrying in 2.0s
music_recognizer: Shazam attempt 2/3 hit an error page (rate limit?); retrying in 2.0s
music_recognizer: No match from Shazam
music_recognizer: No match from Shazam
music_recognizer: No match from Shazam
music_recognizer: Shazam attempt 1/3 hit an error page (rate limit?); retrying in 1.0s
music_recognizer: Shazam attempt 2/3 hit an error page (rate limit?); retrying in 2.0s
music_recognizer: Shazam attempt 1/3 hit an error page (rate limit?); retrying in 1.0s
music_recognizer: Audio bytes identification failed: Check args, URL is invalid
URL- https://amp.shazam.com/discovery/v5/en/GB/iphone/-/tag/F8E9EB36-58C3-4CB4-B74B-DC589629A45F/DC02465E-7E4E-40BF-8348-71DE97160BD4?sync=true&webv3=true&sampling=true&connected=&shazamapiversion=v3&sharehub=true&hubv5minorversion=v5.1&hidelb=true&video=v3
music_recognizer: Shazam attempt 2/3 hit an error page (rate limit?); retrying in 2.0s
music_recognizer: No match from Shazam
music_recognizer: No match from Shazam
music_recognizer: No match from Shazam
music_recognizer: Shazam attempt 1/3 hit an error page (rate limit?); retrying in 1.0s
music_recognizer: Shazam attempt 1/3 hit an error page (rate limit?); retrying in 1.0s
music_recognizer: Shazam attempt 2/3 hit an error page (rate limit?); retrying in 2.0s
music_recognizer: Shazam attempt 2/3 hit an error page (rate limit?); retrying in 2.0s
music_recognizer: No match from Shazam
music_recognizer: No match from Shazam
music_recognizer: No match from Shazam
music_recognizer: Shazam attempt 1/3 hit an error page (rate limit?); retrying in 1.0s
music_recognizer: Shazam attempt 2/3 hit an error page (rate limit?); retrying in 2.0s
music_recognizer: Shazam attempt 1/3 hit an error page (rate limit?); retrying in 1.0s
music_recognizer: Audio bytes identification failed: Check args, URL is invalid
URL- https://amp.shazam.com/discovery/v5/en/GB/iphone/-/tag/3A01A1F3-2819-4DB7-A67A-5AE5935CEC5C/1D1287CF-78A7-4AE1-9FC1-2EFCAFEBEDC8?sync=true&webv3=true&sampling=true&connected=&shazamapiversion=v3&sharehub=true&hubv5minorversion=v5.1&hidelb=true&video=v3
music_recognizer: Shazam attempt 2/3 hit an error page (rate limit?); retrying in 2.0s
music_recognizer: No match from Shazam
music_recognizer: No match from Shazam
music_recognizer: No match from Shazam
music_recognizer: Shazam attempt 1/3 hit an error page (rate limit?); retrying in 1.0s
music_recognizer: Shazam attempt 1/3 hit an error page (rate limit?); retrying in 1.0s
music_recognizer: Shazam attempt 2/3 hit an error page (rate limit?); retrying in 2.0s
music_recognizer: Shazam attempt 2/3 hit an error page (rate limit?); retrying in 2.0s
music_recognizer: No match from Shazam
music_recognizer: No match from Shazam
music_recognizer: No match from Shazam
music_recognizer: Shazam attempt 1/3 hit an error page (rate limit?); retrying in 1.0s
music_recognizer: Shazam attempt 2/3 hit an error page (rate limit?); retrying in 2.0s
music_recognizer: Shazam attempt 1/3 hit an error page (rate limit?); retrying in 1.0s
music_recognizer: Audio bytes identification failed: Check args, URL is invalid
URL- https://amp.shazam.com/discovery/v5/en/GB/iphone/-/tag/E1639ACD-6083-48E6-B1FE-010CB7CDC8DB/E51C6FAC-15C1-4117-851A-39A99B539F9F?sync=true&webv3=true&sampling=true&connected=&shazamapiversion=v3&sharehub=true&hubv5minorversion=v5.1&hidelb=true&video=v3
music_recognizer: Shazam attempt 2/3 hit an error page (rate limit?); retrying in 2.0s
music_recognizer: No match from Shazam
music_recognizer: No match from Shazam
music_recognizer: No match from Shazam
music_recognizer: Shazam attempt 1/3 hit an error page (rate limit?); retrying in 1.0s
music_recognizer: Shazam attempt 1/3 hit an error page (rate limit?); retrying in 1.0s
music_recognizer: Shazam attempt 2/3 hit an error page (rate limit?); retrying in 2.0s
music_recognizer: Shazam attempt 2/3 hit an error page (rate limit?); retrying in 2.0s
music_recognizer: No match from Shazam
music_recognizer: No match from Shazam
music_recognizer: No match from Shazam
music_recognizer: Shazam attempt 1/3 hit an error page (rate limit?); retrying in 1.0s
music_recognizer: Shazam attempt 2/3 hit an error page (rate limit?); retrying in 2.0s
music_recognizer: Shazam attempt 1/3 hit an error page (rate limit?); retrying in 1.0s
music_recognizer: Audio bytes identification failed: Check args, URL is invalid
URL- https://amp.shazam.com/discovery/v5/en/GB/iphone/-/tag/9153355B-56E7-4708-A8A5-CFB84415898E/3483F010-9E65-4BE8-A461-B385B38AAD50?sync=true&webv3=true&sampling=true&connected=&shazamapiversion=v3&sharehub=true&hubv5minorversion=v5.1&hidelb=true&video=v3
music_recognizer: Shazam attempt 2/3 hit an error page (rate limit?); retrying in 2.0s
music_recognizer: No match from Shazam
music_recognizer: No match from Shazam
music_recognizer: No match from Shazam
music_recognizer: Shazam attempt 1/3 hit an error page (rate limit?); retrying in 1.0s
music_recognizer: Shazam attempt 1/3 hit an error page (rate limit?); retrying in 1.0s
music_recognizer: Shazam attempt 2/3 hit an error page (rate limit?); retrying in 2.0s
music_recognizer: Shazam attempt 2/3 hit an error page (rate limit?); retrying in 2.0s
music_recognizer: No match from Shazam
music_recognizer: No match from Shazam
music_recognizer: No match from Shazam
music_recognizer: Shazam attempt 1/3 hit an error page (rate limit?); retrying in 1.0s
music_recognizer: Shazam attempt 2/3 hit an error page (rate limit?); retrying in 2.0s
music_recognizer: Shazam attempt 1/3 hit an error page (rate limit?); retrying in 1.0s
music_recognizer: Audio bytes identification failed: Check args, URL is invalid
URL- https://amp.shazam.com/discovery/v5/en/GB/iphone/-/tag/DEC7E080-0439-45F4-9AA1-8E8F8A656FC8/123417E4-F972-4D0E-BD62-701BAFF8D025?sync=true&webv3=true&sampling=true&connected=&shazamapiversion=v3&sharehub=true&hubv5minorversion=v5.1&hidelb=true&video=v3
music_recognizer: Shazam attempt 2/3 hit an error page (rate limit?); retrying in 2.0s
music_recognizer: No match from Shazam
music_recognizer: No match from Shazam
music_recognizer: No match from Shazam
music_recognizer: Shazam attempt 1/3 hit an error page (rate limit?); retrying in 1.0s
music_recognizer: Shazam attempt 1/3 hit an error page (rate limit?); retrying in 1.0s
music_recognizer: Shazam attempt 2/3 hit an error page (rate limit?); retrying in 2.0s
music_recognizer: Shazam attempt 2/3 hit an error page (rate limit?); retrying in 2.0s
music_recognizer: No match from Shazam
music_recognizer: No match from Shazam
music_recognizer: No match from Shazam
music_recognizer: Shazam attempt 1/3 hit an error page (rate limit?); retrying in 1.0s
music_recognizer: Shazam attempt 2/3 hit an error page (rate limit?); retrying in 2.0s
music_recognizer: Shazam attempt 1/3 hit an error page (rate limit?); retrying in 1.0s
music_recognizer: Audio bytes identification failed: Check args, URL is invalid
URL- https://amp.shazam.com/discovery/v5/en/GB/iphone/-/tag/E7DB533F-1728-44A0-BD6C-2C277B9945A1/EC43D002-D0C8-4BCE-ACC8-370603B11310?sync=true&webv3=true&sampling=true&connected=&shazamapiversion=v3&sharehub=true&hubv5minorversion=v5.1&hidelb=true&video=v3
music_recognizer: Shazam attempt 2/3 hit an error page (rate limit?); retrying in 2.0s
music_recognizer: No match from Shazam
music_recognizer: No match from Shazam
music_recognizer: No match from Shazam
music_recognizer: Shazam attempt 1/3 hit an error page (rate limit?); retrying in 1.0s
music_recognizer: Shazam attempt 1/3 hit an error page (rate limit?); retrying in 1.0s
music_recognizer: Shazam attempt 2/3 hit an error page (rate limit?); retrying in 2.0s
music_recognizer: Shazam attempt 2/3 hit an error page (rate limit?); retrying in 2.0s
music_recognizer: No match from Shazam
music_recognizer: No match from Shazam
music_recognizer: No match from Shazam
music_recognizer: Shazam attempt 1/3 hit an error page (rate limit?); retrying in 1.0s
music_recognizer: Shazam attempt 2/3 hit an error page (rate limit?); retrying in 2.0s
music_recognizer: Shazam attempt 1/3 hit an error page (rate limit?); retrying in 1.0s
music_recognizer: Audio bytes identification failed: Check args, URL is invalid
URL- https://amp.shazam.com/discovery/v5/en/GB/iphone/-/tag/F93767B1-5D9A-4BF3-9707-375ED87800EC/3D28C5CB-5A2B-4811-83ED-5EFAAEE74129?sync=true&webv3=true&sampling=true&connected=&shazamapiversion=v3&sharehub=true&hubv5minorversion=v5.1&hidelb=true&video=v3
music_recognizer: Shazam attempt 2/3 hit an error page (rate limit?); retrying in 2.0s
music_recognizer: No match from Shazam
music_recognizer: No match from Shazam
music_recognizer: No match from Shazam
music_recognizer: Shazam attempt 1/3 hit an error page (rate limit?); retrying in 1.0s
music_recognizer: Shazam attempt 1/3 hit an error page (rate limit?); retrying in 1.0s
music_recognizer: Shazam attempt 2/3 hit an error page (rate limit?); retrying in 2.0s
music_recognizer: Shazam attempt 2/3 hit an error page (rate limit?); retrying in 2.0s
music_recognizer: No match from Shazam
music_recognizer: No match from Shazam
music_recognizer: No match from Shazam
music_recognizer: Shazam attempt 1/3 hit an error page (rate limit?); retrying in 1.0s
music_recognizer: Shazam attempt 2/3 hit an error page (rate limit?); retrying in 2.0s
music_recognizer: Shazam attempt 1/3 hit an error page (rate limit?); retrying in 1.0s
music_recognizer: Audio bytes identification failed: Check args, URL is invalid
URL- https://amp.shazam.com/discovery/v5/en/GB/iphone/-/tag/F264CE6F-95CC-484A-94D1-FF333A9F28F8/7FE4C841-43D3-4338-8BBB-B638A40C0C06?sync=true&webv3=true&sampling=true&connected=&shazamapiversion=v3&sharehub=true&hubv5minorversion=v5.1&hidelb=true&video=v3
music_recognizer: Shazam attempt 2/3 hit an error page (rate limit?); retrying in 2.0s
music_recognizer: No match from Shazam
music_recognizer: No match from Shazam
music_recognizer: No match from Shazam
music_recognizer: Shazam attempt 1/3 hit an error page (rate limit?); retrying in 1.0s
music_recognizer: Shazam attempt 1/3 hit an error page (rate limit?); retrying in 1.0s
music_recognizer: Shazam attempt 2/3 hit an error page (rate limit?); retrying in 2.0s
music_recognizer: Shazam attempt 2/3 hit an error page (rate limit?); retrying in 2.0s
music_recognizer: No match from Shazam
music_recognizer: No match from Shazam
music_recognizer: No match from Shazam
music_recognizer: Shazam attempt 1/3 hit an error page (rate limit?); retrying in 1.0s
music_recognizer: Shazam attempt 2/3 hit an error page (rate limit?); retrying in 2.0s
music_recognizer: Shazam attempt 1/3 hit an error page (rate limit?); retrying in 1.0s
music_recognizer: Audio bytes identification failed: Check args, URL is invalid
URL- https://amp.shazam.com/discovery/v5/en/GB/iphone/-/tag/07553FE5-4227-4F2A-8734-C3ED745CD1EA/64CE8238-CE4F-4E76-8F02-44DBC162DF7F?sync=true&webv3=true&sampling=true&connected=&shazamapiversion=v3&sharehub=true&hubv5minorversion=v5.1&hidelb=true&video=v3
music_recognizer: Shazam attempt 2/3 hit an error page (rate limit?); retrying in 2.0s
music_recognizer: No match from Shazam
music_recognizer: No match from Shazam
music_recognizer: No match from Shazam
music_recognizer: Shazam attempt 1/3 hit an error page (rate limit?); retrying in 1.0s
music_recognizer: Shazam attempt 1/3 hit an error page (rate limit?); retrying in 1.0s
music_recognizer: Shazam attempt 2/3 hit an error page (rate limit?); retrying in 2.0s
music_recognizer: Shazam attempt 2/3 hit an error page (rate limit?); retrying in 2.0s
music_recognizer: No match from Shazam
music_recognizer: No match from Shazam
music_recognizer: No match from Shazam
music_recognizer: Shazam attempt 1/3 hit an error page (rate limit?); retrying in 1.0s
music_recognizer: Shazam attempt 2/3 hit an error page (rate limit?); retrying in 2.0s
music_recognizer: Shazam attempt 1/3 hit an error page (rate limit?); retrying in 1.0s
music_recognizer: Audio bytes identification failed: Check args, URL is invalid
URL- https://amp.shazam.com/discovery/v5/en/GB/iphone/-/tag/E6867F24-F48C-4F0B-B07F-CB650230CDE9/86D40641-631D-48A9-85E3-E355F25435A3?sync=true&webv3=true&sampling=true&connected=&shazamapiversion=v3&sharehub=true&hubv5minorversion=v5.1&hidelb=true&video=v3
music_recognizer: Shazam attempt 2/3 hit an error page (rate limit?); retrying in 2.0s
music_recognizer: No match from Shazam
music_recognizer: No match from Shazam
music_recognizer: No match from Shazam
music_recognizer: Shazam attempt 1/3 hit an error page (rate limit?); retrying in 1.0s
music_recognizer: Shazam attempt 1/3 hit an error page (rate limit?); retrying in 1.0s
music_recognizer: Shazam attempt 2/3 hit an error page (rate limit?); retrying in 2.0s
music_recognizer: Shazam attempt 2/3 hit an error page (rate limit?); retrying in 2.0s
music_recognizer: No match from Shazam
music_recognizer: No match from Shazam
music_recognizer: No match from Shazam
music_recognizer: Shazam attempt 1/3 hit an error page (rate limit?); retrying in 1.0s
music_recognizer: Shazam attempt 2/3 hit an error page (rate limit?); retrying in 2.0s
music_recognizer: Shazam attempt 1/3 hit an error page (rate limit?); retrying in 1.0s
music_recognizer: Audio bytes identification failed: Check args, URL is invalid
URL- https://amp.shazam.com/discovery/v5/en/GB/iphone/-/tag/B9F4064C-FA89-4065-B9AA-73B8E788D15C/4CA7530B-02B6-4B4E-B180-DB9AD6A683B6?sync=true&webv3=true&sampling=true&connected=&shazamapiversion=v3&sharehub=true&hubv5minorversion=v5.1&hidelb=true&video=v3
music_recognizer: Shazam attempt 2/3 hit an error page (rate limit?); retrying in 2.0s
music_recognizer: No match from Shazam
music_recognizer: No match from Shazam
music_recognizer: No match from Shazam
music_recognizer: Shazam attempt 1/3 hit an error page (rate limit?); retrying in 1.0s
music_recognizer: Shazam attempt 1/3 hit an error page (rate limit?); retrying in 1.0s
music_recognizer: Shazam attempt 2/3 hit an error page (rate limit?); retrying in 2.0s
music_recognizer: Shazam attempt 2/3 hit an error page (rate limit?); retrying in 2.0s
music_recognizer: No match from Shazam
music_recognizer: No match from Shazam
music_recognizer: No match from Shazam
music_recognizer: Shazam attempt 1/3 hit an error page (rate limit?); retrying in 1.0s
music_recognizer: Shazam attempt 2/3 hit an error page (rate limit?); retrying in 2.0s
music_recognizer: Shazam attempt 1/3 hit an error page (rate limit?); retrying in 1.0s
music_recognizer: Audio bytes identification failed: Check args, URL is invalid
URL- https://amp.shazam.com/discovery/v5/en/GB/iphone/-/tag/65AC4504-2FCC-47A5-B777-434C3204E085/2975E01F-6C48-450D-BF09-FCAF2831B4C8?sync=true&webv3=true&sampling=true&connected=&shazamapiversion=v3&sharehub=true&hubv5minorversion=v5.1&hidelb=true&video=v3
music_recognizer: Shazam attempt 2/3 hit an error page (rate limit?); retrying in 2.0s
music_recognizer: No match from Shazam
music_recognizer: No match from Shazam
music_recognizer: No match from Shazam
music_recognizer: Shazam attempt 1/3 hit an error page (rate limit?); retrying in 1.0s
music_recognizer: Shazam attempt 1/3 hit an error page (rate limit?); retrying in 1.0s
music_recognizer: Shazam attempt 2/3 hit an error page (rate limit?); retrying in 2.0s
music_recognizer: Shazam attempt 2/3 hit an error page (rate limit?); retrying in 2.0s
music_recognizer: No match from Shazam
music_recognizer: No match from Shazam
music_recognizer: No match from Shazam
music_recognizer: Shazam attempt 1/3 hit an error page (rate limit?); retrying in 1.0s
music_recognizer: Shazam attempt 2/3 hit an error page (rate limit?); retrying in 2.0s
music_recognizer: Shazam attempt 1/3 hit an error page (rate limit?); retrying in 1.0s
music_recognizer: Audio bytes identification failed: Check args, URL is invalid
URL- https://amp.shazam.com/discovery/v5/en/GB/iphone/-/tag/A643CFAB-5049-4E4D-A46F-80AECD81E4A0/FCB2292D-6909-47C5-B0BB-00A45BBFAE47?sync=true&webv3=true&sampling=true&connected=&shazamapiversion=v3&sharehub=true&hubv5minorversion=v5.1&hidelb=true&video=v3
music_recognizer: Shazam attempt 2/3 hit an error page (rate limit?); retrying in 2.0s
music_recognizer: No match from Shazam
music_recognizer: No match from Shazam
music_recognizer: No match from Shazam
music_recognizer: Shazam attempt 1/3 hit an error page (rate limit?); retrying in 1.0s
music_recognizer: Shazam attempt 1/3 hit an error page (rate limit?); retrying in 1.0s
music_recognizer: Shazam attempt 2/3 hit an error page (rate limit?); retrying in 2.0s
music_recognizer: Shazam attempt 2/3 hit an error page (rate limit?); retrying in 2.0s
music_recognizer: No match from Shazam
music_recognizer: No match from Shazam
music_recognizer: No match from Shazam
music_recognizer: Shazam attempt 1/3 hit an error page (rate limit?); retrying in 1.0s
music_recognizer: Shazam attempt 2/3 hit an error page (rate limit?); retrying in 2.0s
music_recognizer: Shazam attempt 1/3 hit an error page (rate limit?); retrying in 1.0s
music_recognizer: Audio bytes identification failed: Check args, URL is invalid
URL- https://amp.shazam.com/discovery/v5/en/GB/iphone/-/tag/E90544EF-6957-4066-B76D-8F2EEAF5031B/55BF7E43-858E-4FF8-A4EC-737EC34DAB54?sync=true&webv3=true&sampling=true&connected=&shazamapiversion=v3&sharehub=true&hubv5minorversion=v5.1&hidelb=true&video=v3
music_recognizer: Shazam attempt 2/3 hit an error page (rate limit?); retrying in 2.0s
music_recognizer: No match from Shazam
music_recognizer: No match from Shazam
music_recognizer: No match from Shazam
music_recognizer: Shazam attempt 1/3 hit an error page (rate limit?); retrying in 1.0s
music_recognizer: Shazam attempt 1/3 hit an error page (rate limit?); retrying in 1.0s
music_recognizer: Shazam attempt 2/3 hit an error page (rate limit?); retrying in 2.0s
music_recognizer: Shazam attempt 2/3 hit an error page (rate limit?); retrying in 2.0s
music_recognizer: No match from Shazam
music_recognizer: No match from Shazam
music_recognizer: No match from Shazam
music_recognizer: Shazam attempt 1/3 hit an error page (rate limit?); retrying in 1.0s
music_recognizer: Shazam attempt 2/3 hit an error page (rate limit?); retrying in 2.0s
music_recognizer: Shazam attempt 1/3 hit an error page (rate limit?); retrying in 1.0s
music_recognizer: Audio bytes identification failed: Check args, URL is invalid
URL- https://amp.shazam.com/discovery/v5/en/GB/iphone/-/tag/56086289-73E2-411C-AB48-3F4DA105F071/92BC3D0D-7178-41E1-AC90-7CFD4004EE94?sync=true&webv3=true&sampling=true&connected=&shazamapiversion=v3&sharehub=true&hubv5minorversion=v5.1&hidelb=true&video=v3
music_recognizer: Shazam attempt 2/3 hit an error page (rate limit?); retrying in 2.0s
music_recognizer: No match from Shazam
music_recognizer: No match from Shazam
music_recognizer: No match from Shazam
music_recognizer: Shazam attempt 1/3 hit an error page (rate limit?); retrying in 1.0s
music_recognizer: Shazam attempt 1/3 hit an error page (rate limit?); retrying in 1.0s
music_recognizer: Shazam attempt 2/3 hit an error page (rate limit?); retrying in 2.0s
music_recognizer: Shazam attempt 2/3 hit an error page (rate limit?); retrying in 2.0s
music_recognizer: No match from Shazam
music_recognizer: No match from Shazam
music_recognizer: No match from Shazam
music_recognizer: Shazam attempt 1/3 hit an error page (rate limit?); retrying in 1.0s
music_recognizer: Shazam attempt 2/3 hit an error page (rate limit?); retrying in 2.0s
music_recognizer: Shazam attempt 1/3 hit an error page (rate limit?); retrying in 1.0s
music_recognizer: Audio bytes identification failed: Check args, URL is invalid
URL- https://amp.shazam.com/discovery/v5/en/GB/iphone/-/tag/25F8D408-A092-4C8D-BC9B-489C4E4FC56C/B879A103-4A05-4814-9D5F-CF00BAEBC137?sync=true&webv3=true&sampling=true&connected=&shazamapiversion=v3&sharehub=true&hubv5minorversion=v5.1&hidelb=true&video=v3
music_recognizer: Shazam attempt 2/3 hit an error page (rate limit?); retrying in 2.0s
music_recognizer: No match from Shazam
music_recognizer: No match from Shazam
music_recognizer: No match from Shazam
music_recognizer: Shazam attempt 1/3 hit an error page (rate limit?); retrying in 1.0s
music_recognizer: Shazam attempt 1/3 hit an error page (rate limit?); retrying in 1.0s
music_recognizer: Shazam attempt 2/3 hit an error page (rate limit?); retrying in 2.0s
music_recognizer: Shazam attempt 2/3 hit an error page (rate limit?); retrying in 2.0s
music_recognizer: No match from Shazam
music_recognizer: No match from Shazam
music_recognizer: No match from Shazam
music_recognizer: Shazam attempt 1/3 hit an error page (rate limit?); retrying in 1.0s
music_recognizer: Shazam attempt 2/3 hit an error page (rate limit?); retrying in 2.0s
music_recognizer: Shazam attempt 1/3 hit an error page (rate limit?); retrying in 1.0s
music_recognizer: Audio bytes identification failed: Check args, URL is invalid
URL- https://amp.shazam.com/discovery/v5/en/GB/iphone/-/tag/2EF0958A-AF92-4576-B0C1-FC46FBD86E75/69B4536B-DCD3-4968-B330-00BBB0B1CE17?sync=true&webv3=true&sampling=true&connected=&shazamapiversion=v3&sharehub=true&hubv5minorversion=v5.1&hidelb=true&video=v3
music_recognizer: Shazam attempt 2/3 hit an error page (rate limit?); retrying in 2.0s
music_recognizer: No match from Shazam
music_recognizer: No match from Shazam
music_recognizer: No match from Shazam
music_recognizer: Shazam attempt 1/3 hit an error page (rate limit?); retrying in 1.0s
music_recognizer: Shazam attempt 1/3 hit an error page (rate limit?); retrying in 1.0s
music_recognizer: Shazam attempt 2/3 hit an error page (rate limit?); retrying in 2.0s
music_recognizer: Shazam attempt 2/3 hit an error page (rate limit?); retrying in 2.0s
music_recognizer: No match from Shazam
music_recognizer: No match from Shazam
music_recognizer: No match from Shazam
music_recognizer: Shazam attempt 1/3 hit an error page (rate limit?); retrying in 1.0s
music_recognizer: Shazam attempt 2/3 hit an error page (rate limit?); retrying in 2.0s
music_recognizer: Shazam attempt 1/3 hit an error page (rate limit?); retrying in 1.0s
music_recognizer: Audio bytes identification failed: Check args, URL is invalid
URL- https://amp.shazam.com/discovery/v5/en/GB/iphone/-/tag/79255A7B-51ED-4D87-B725-B62ECD01313B/377CDB8F-A6AC-4EE5-A1B1-95ECC53CE914?sync=true&webv3=true&sampling=true&connected=&shazamapiversion=v3&sharehub=true&hubv5minorversion=v5.1&hidelb=true&video=v3
music_recognizer: Shazam attempt 2/3 hit an error page (rate limit?); retrying in 2.0s
music_recognizer: No match from Shazam
music_recognizer: No match from Shazam
music_recognizer: No match from Shazam
music_recognizer: Shazam attempt 1/3 hit an error page (rate limit?); retrying in 1.0s
music_recognizer: Shazam attempt 1/3 hit an error page (rate limit?); retrying in 1.0s
music_recognizer: Shazam attempt 2/3 hit an error page (rate limit?); retrying in 2.0s
music_recognizer: Shazam attempt 2/3 hit an error page (rate limit?); retrying in 2.0s
music_recognizer: No match from Shazam
music_recognizer: No match from Shazam
music_recognizer: No match from Shazam
music_recognizer: Shazam attempt 1/3 hit an error page (rate limit?); retrying in 1.0s
music_recognizer: Shazam attempt 2/3 hit an error page (rate limit?); retrying in 2.0s
music_recognizer: Shazam attempt 1/3 hit an error page (rate limit?); retrying in 1.0s
music_recognizer: Audio bytes identification failed: Check args, URL is invalid
URL- https://amp.shazam.com/discovery/v5/en/GB/iphone/-/tag/077C3D96-661F-455B-8BE7-FF46FCAD5B7B/33D40A4A-704A-4703-ADE5-A6FA25BE7937?sync=true&webv3=true&sampling=true&connected=&shazamapiversion=v3&sharehub=true&hubv5minorversion=v5.1&hidelb=true&video=v3
music_recognizer: Shazam attempt 2/3 hit an error page (rate limit?); retrying in 2.0s
music_recognizer: No match from Shazam
music_recognizer: No match from Shazam
music_recognizer: No match from Shazam
music_recognizer: Shazam attempt 1/3 hit an error page (rate limit?); retrying in 1.0s
music_recognizer: Shazam attempt 1/3 hit an error page (rate limit?); retrying in 1.0s
music_recognizer: Shazam attempt 2/3 hit an error page (rate limit?); retrying in 2.0s
music_recognizer: Shazam attempt 2/3 hit an error page (rate limit?); retrying in 2.0s
music_recognizer: No match from Shazam
music_recognizer: No match from Shazam
music_recognizer: No match from Shazam
music_recognizer: Shazam attempt 1/3 hit an error page (rate limit?); retrying in 1.0s
music_recognizer: Shazam attempt 2/3 hit an error page (rate limit?); retrying in 2.0s
music_recognizer: Shazam attempt 1/3 hit an error page (rate limit?); retrying in 1.0s
music_recognizer: Audio bytes identification failed: Check args, URL is invalid
URL- https://amp.shazam.com/discovery/v5/en/GB/iphone/-/tag/77694157-A809-4D25-89E3-7B2C33AAA27D/494EA48F-D34C-4E69-BB9C-2E92042ECC8F?sync=true&webv3=true&sampling=true&connected=&shazamapiversion=v3&sharehub=true&hubv5minorversion=v5.1&hidelb=true&video=v3
music_recognizer: Shazam attempt 2/3 hit an error page (rate limit?); retrying in 2.0s
music_recognizer: No match from Shazam
music_recognizer: No match from Shazam
music_recognizer: No match from Shazam
music_recognizer: Shazam attempt 1/3 hit an error page (rate limit?); retrying in 1.0s
music_recognizer: Shazam attempt 1/3 hit an error page (rate limit?); retrying in 1.0s
music_recognizer: Shazam attempt 2/3 hit an error page (rate limit?); retrying in 2.0s
music_recognizer: Shazam attempt 2/3 hit an error page (rate limit?); retrying in 2.0s
music_recognizer: No match from Shazam
music_recognizer: No match from Shazam
music_recognizer: No match from Shazam
music_recognizer: Shazam attempt 1/3 hit an error page (rate limit?); retrying in 1.0s
music_recognizer: Shazam attempt 2/3 hit an error page (rate limit?); retrying in 2.0s
music_recognizer: Shazam attempt 1/3 hit an error page (rate limit?); retrying in 1.0s
music_recognizer: Audio bytes identification failed: Check args, URL is invalid
URL- https://amp.shazam.com/discovery/v5/en/GB/iphone/-/tag/E5F3748F-7CF5-4579-9A73-A4125AAB0E17/81460FD0-AA33-4CA8-889D-B850F22807FC?sync=true&webv3=true&sampling=true&connected=&shazamapiversion=v3&sharehub=true&hubv5minorversion=v5.1&hidelb=true&video=v3
music_recognizer: Shazam attempt 2/3 hit an error page (rate limit?); retrying in 2.0s
music_recognizer: No match from Shazam
music_recognizer: No match from Shazam
music_recognizer: No match from Shazam
music_recognizer: Shazam attempt 1/3 hit an error page (rate limit?); retrying in 1.0s
music_recognizer: Shazam attempt 1/3 hit an error page (rate limit?); retrying in 1.0s
music_recognizer: Shazam attempt 2/3 hit an error page (rate limit?); retrying in 2.0s
music_recognizer: Shazam attempt 2/3 hit an error page (rate limit?); retrying in 2.0s
music_recognizer: No match from Shazam
music_recognizer: No match from Shazam
light_gui: Executed schedule: 08:00 -> on
light_gui: Executed schedule: 08:00 -> on
light_gui: Executed schedule: 08:00 -> on
light_gui: Executed schedule: 08:00 -> on
light_gui: Executed schedule: 08:00 -> on
light_gui: Executed schedule: 08:00 -> on
light_gui: Executed schedule: 08:00 -> on
light_gui: Executed schedule: 08:00 -> on
light_gui: Executed schedule: 08:00 -> on
lightss.fleet: get_state from controller 'left' failed: Could not reach light controller at http://10.27.27.110/json/state: <urlopen error [Errno 101] Network is unreachable>
lightss fleet: get_state from controller 'left' failed: Could not reach light controller at http://10.27.27.110/json/state: <urlopen error [Errno 101] Network is unreachable>
lightss.fleet: get_state from controller 'right' failed: Could not reach light controller at http://10.27.27.112/json/state: <urlopen error [Errno 101] Network is unreachable>
lightss fleet: get_state from controller 'right' failed: Could not reach light controller at http://10.27.27.112/json/state: <urlopen error [Errno 101] Network is unreachable>
lightss.fleet: get_state from controller 'left' failed: Could not reach light controller at http://10.27.27.110/json/state: <urlopen error timed out>
lightss fleet: get_state from controller 'left' failed: Could not reach light controller at http://10.27.27.110/json/state: <urlopen error timed out>
lightss.fleet: post_state to controller 'left' failed: Could not reach light controller at http://10.27.27.110/json/state: <urlopen error [Errno 113] No route to host>
lightss fleet: post_state to controller 'left' failed: Could not reach light controller at http://10.27.27.110/json/state: <urlopen error [Errno 113] No route to host>
lightss.fleet: get_state from controller 'right' failed: Could not reach light controller at http://10.27.27.112/json/state: <urlopen error [Errno 113] No route to host>
lightss fleet: get_state from controller 'right' failed: Could not reach light controller at http://10.27.27.112/json/state: <urlopen error [Errno 113] No route to host>
lightss.fleet: get_state from controller 'left' failed: Could not reach light controller at http://10.27.27.110/json/state: <urlopen error [Errno 113] No route to host>
lightss fleet: get_state from controller 'left' failed: Could not reach light controller at http://10.27.27.110/json/state: <urlopen error [Errno 113] No route to host>
lightss.fleet: post_state to controller 'right' failed: Could not reach light controller at http://10.27.27.112/json/state: <urlopen error [Errno 113] No route to host>
lightss fleet: post_state to controller 'right' failed: Could not reach light controller at http://10.27.27.112/json/state: <urlopen error [Errno 113] No route to host>
lightss.fleet: get_state from controller 'right' failed: Could not reach light controller at http://10.27.27.112/json/state: <urlopen error [Errno 113] No route to host>
lightss fleet: get_state from controller 'right' failed: Could not reach light controller at http://10.27.27.112/json/state: <urlopen error [Errno 113] No route to host>
lightss.fleet: post_state to controller 'left' failed: Could not reach light controller at http://10.27.27.110/json/state: <urlopen error [Errno 113] No route to host>
lightss fleet: post_state to controller 'left' failed: Could not reach light controller at http://10.27.27.110/json/state: <urlopen error [Errno 113] No route to host>
lightss.fleet: post_state to controller 'right' failed: Could not reach light controller at http://10.27.27.112/json/state: <urlopen error [Errno 113] No route to host>
lightss fleet: post_state to controller 'right' failed: Could not reach light controller at http://10.27.27.112/json/state: <urlopen error [Errno 113] No route to host>
lightss.fleet: get_state from controller 'left' failed: Could not reach light controller at http://10.27.27.110/json/state: <urlopen error [Errno 113] No route to host>
lightss fleet: get_state from controller 'left' failed: Could not reach light controller at http://10.27.27.110/json/state: <urlopen error [Errno 113] No route to host>
lightss.fleet: get_state from controller 'right' failed: Could not reach light controller at http://10.27.27.112/json/state: <urlopen error [Errno 113] No route to host>
lightss fleet: get_state from controller 'right' failed: Could not reach light controller at http://10.27.27.112/json/state: <urlopen error [Errno 113] No route to host>
lightss.fleet: get_state from controller 'left' failed: Could not reach light controller at http://10.27.27.110/json/state: <urlopen error [Errno 113] No route to host>
lightss fleet: get_state from controller 'left' failed: Could not reach light controller at http://10.27.27.110/json/state: <urlopen error [Errno 113] No route to host>
lightss.fleet: post_state to controller 'left' failed: Could not reach light controller at http://10.27.27.110/json/state: <urlopen error [Errno 113] No route to host>
lightss fleet: post_state to controller 'left' failed: Could not reach light controller at http://10.27.27.110/json/state: <urlopen error [Errno 113] No route to host>
lightss.fleet: get_state from controller 'right' failed: Could not reach light controller at http://10.27.27.112/json/state: <urlopen error [Errno 113] No route to host>
lightss fleet: get_state from controller 'right' failed: Could not reach light controller at http://10.27.27.112/json/state: <urlopen error [Errno 113] No route to host>
lightss.fleet: post_state to controller 'right' failed: Could not reach light controller at http://10.27.27.112/json/state: <urlopen error [Errno 113] No route to host>
lightss fleet: post_state to controller 'right' failed: Could not reach light controller at http://10.27.27.112/json/state: <urlopen error [Errno 113] No route to host>
lightss.fleet: get_state from controller 'left' failed: Could not reach light controller at http://10.27.27.110/json/state: <urlopen error [Errno 113] No route to host>
lightss fleet: get_state from controller 'left' failed: Could not reach light controller at http://10.27.27.110/json/state: <urlopen error [Errno 113] No route to host>
lightss.fleet: get_state from controller 'right' failed: Could not reach light controller at http://10.27.27.112/json/state: <urlopen error [Errno 113] No route to host>
lightss fleet: get_state from controller 'right' failed: Could not reach light controller at http://10.27.27.112/json/state: <urlopen error [Errno 113] No route to host>
lightss.fleet: post_state to controller 'left' failed: Could not reach light controller at http://10.27.27.110/json/state: <urlopen error [Errno 113] No route to host>
lightss fleet: post_state to controller 'left' failed: Could not reach light controller at http://10.27.27.110/json/state: <urlopen error [Errno 113] No route to host>
lightss.fleet: post_state to controller 'right' failed: Could not reach light controller at http://10.27.27.112/json/state: <urlopen error [Errno 113] No route to host>
lightss fleet: post_state to controller 'right' failed: Could not reach light controller at http://10.27.27.112/json/state: <urlopen error [Errno 113] No route to host>
lightss.fleet: get_state from controller 'left' failed: Could not reach light controller at http://10.27.27.110/json/state: <urlopen error [Errno 113] No route to host>
lightss fleet: get_state from controller 'left' failed: Could not reach light controller at http://10.27.27.110/json/state: <urlopen error [Errno 113] No route to host>
lightss.fleet: get_state from controller 'right' failed: Could not reach light controller at http://10.27.27.112/json/state: <urlopen error [Errno 113] No route to host>
lightss fleet: get_state from controller 'right' failed: Could not reach light controller at http://10.27.27.112/json/state: <urlopen error [Errno 113] No route to host>
lightss.fleet: get_state from controller 'left' failed: Could not reach light controller at http://10.27.27.110/json/state: <urlopen error [Errno 113] No route to host>
lightss fleet: get_state from controller 'left' failed: Could not reach light controller at http://10.27.27.110/json/state: <urlopen error [Errno 113] No route to host>
lightss.fleet: get_state from controller 'right' failed: Could not reach light controller at http://10.27.27.112/json/state: <urlopen error [Errno 113] No route to host>
lightss fleet: get_state from controller 'right' failed: Could not reach light controller at http://10.27.27.112/json/state: <urlopen error [Errno 113] No route to host>
lightss.fleet: post_state to controller 'left' failed: Could not reach light controller at http://10.27.27.110/json/state: <urlopen error [Errno 113] No route to host>
lightss fleet: post_state to controller 'left' failed: Could not reach light controller at http://10.27.27.110/json/state: <urlopen error [Errno 113] No route to host>
lightss.fleet: post_state to controller 'right' failed: Could not reach light controller at http://10.27.27.112/json/state: <urlopen error [Errno 113] No route to host>
lightss fleet: post_state to controller 'right' failed: Could not reach light controller at http://10.27.27.112/json/state: <urlopen error [Errno 113] No route to host>
lightss.fleet: get_state from controller 'left' failed: Could not reach light controller at http://10.27.27.110/json/state: <urlopen error [Errno 113] No route to host>
lightss fleet: get_state from controller 'left' failed: Could not reach light controller at http://10.27.27.110/json/state: <urlopen error [Errno 113] No route to host>
lightss.fleet: post_state to controller 'left' failed: Could not reach light controller at http://10.27.27.110/json/state: <urlopen error [Errno 113] No route to host>
lightss fleet: post_state to controller 'left' failed: Could not reach light controller at http://10.27.27.110/json/state: <urlopen error [Errno 113] No route to host>
lightss.fleet: get_state from controller 'right' failed: Could not reach light controller at http://10.27.27.112/json/state: <urlopen error [Errno 113] No route to host>
lightss fleet: get_state from controller 'right' failed: Could not reach light controller at http://10.27.27.112/json/state: <urlopen error [Errno 113] No route to host>
lightss.fleet: post_state to controller 'right' failed: Could not reach light controller at http://10.27.27.112/json/state: <urlopen error [Errno 113] No route to host>
lightss fleet: post_state to controller 'right' failed: Could not reach light controller at http://10.27.27.112/json/state: <urlopen error [Errno 113] No route to host>
lightss.fleet: get_state from controller 'left' failed: Could not reach light controller at http://10.27.27.110/json/state: <urlopen error [Errno 113] No route to host>
lightss fleet: get_state from controller 'left' failed: Could not reach light controller at http://10.27.27.110/json/state: <urlopen error [Errno 113] No route to host>
lightss.fleet: get_state from controller 'right' failed: Could not reach light controller at http://10.27.27.112/json/state: <urlopen error [Errno 113] No route to host>
lightss fleet: get_state from controller 'right' failed: Could not reach light controller at http://10.27.27.112/json/state: <urlopen error [Errno 113] No route to host>
lightss.fleet: get_state from controller 'left' failed: Could not reach light controller at http://10.27.27.110/json/state: <urlopen error [Errno 113] No route to host>
lightss fleet: get_state from controller 'left' failed: Could not reach light controller at http://10.27.27.110/json/state: <urlopen error [Errno 113] No route to host>
lightss.fleet: post_state to controller 'left' failed: Could not reach light controller at http://10.27.27.110/json/state: <urlopen error [Errno 113] No route to host>
lightss fleet: post_state to controller 'left' failed: Could not reach light controller at http://10.27.27.110/json/state: <urlopen error [Errno 113] No route to host>
lightss.fleet: get_state from controller 'right' failed: Could not reach light controller at http://10.27.27.112/json/state: <urlopen error [Errno 113] No route to host>
lightss fleet: get_state from controller 'right' failed: Could not reach light controller at http://10.27.27.112/json/state: <urlopen error [Errno 113] No route to host>
lightss.fleet: post_state to controller 'right' failed: Could not reach light controller at http://10.27.27.112/json/state: <urlopen error [Errno 113] No route to host>
lightss fleet: post_state to controller 'right' failed: Could not reach light controller at http://10.27.27.112/json/state: <urlopen error [Errno 113] No route to host>
lightss.fleet: get_state from controller 'left' failed: Could not reach light controller at http://10.27.27.110/json/state: <urlopen error [Errno 113] No route to host>
lightss fleet: get_state from controller 'left' failed: Could not reach light controller at http://10.27.27.110/json/state: <urlopen error [Errno 113] No route to host>
lightss.fleet: post_state to controller 'left' failed: Could not reach light controller at http://10.27.27.110/json/state: <urlopen error [Errno 113] No route to host>
lightss fleet: post_state to controller 'left' failed: Could not reach light controller at http://10.27.27.110/json/state: <urlopen error [Errno 113] No route to host>
lightss.fleet: get_state from controller 'right' failed: Could not reach light controller at http://10.27.27.112/json/state: <urlopen error [Errno 113] No route to host>
lightss fleet: get_state from controller 'right' failed: Could not reach light controller at http://10.27.27.112/json/state: <urlopen error [Errno 113] No route to host>
lightss.fleet: post_state to controller 'right' failed: Could not reach light controller at http://10.27.27.112/json/state: <urlopen error [Errno 113] No route to host>
lightss fleet: post_state to controller 'right' failed: Could not reach light controller at http://10.27.27.112/json/state: <urlopen error [Errno 113] No route to host>
lightss.fleet: get_state from controller 'left' failed: Could not reach light controller at http://10.27.27.110/json/state: <urlopen error [Errno 113] No route to host>
lightss fleet: get_state from controller 'left' failed: Could not reach light controller at http://10.27.27.110/json/state: <urlopen error [Errno 113] No route to host>
lightss.fleet: get_state from controller 'right' failed: Could not reach light controller at http://10.27.27.112/json/state: <urlopen error [Errno 113] No route to host>
lightss fleet: get_state from controller 'right' failed: Could not reach light controller at http://10.27.27.112/json/state: <urlopen error [Errno 113] No route to host>
lightss.fleet: get_state from controller 'left' failed: Could not reach light controller at http://10.27.27.110/json/state: <urlopen error [Errno 113] No route to host>
lightss fleet: get_state from controller 'left' failed: Could not reach light controller at http://10.27.27.110/json/state: <urlopen error [Errno 113] No route to host>
lightss.fleet: get_state from controller 'right' failed: Could not reach light controller at http://10.27.27.112/json/state: <urlopen error [Errno 113] No route to host>
lightss fleet: get_state from controller 'right' failed: Could not reach light controller at http://10.27.27.112/json/state: <urlopen error [Errno 113] No route to host>
lightss.fleet: post_state to controller 'left' failed: Could not reach light controller at http://10.27.27.110/json/state: <urlopen error [Errno 113] No route to host>
lightss fleet: post_state to controller 'left' failed: Could not reach light controller at http://10.27.27.110/json/state: <urlopen error [Errno 113] No route to host>
lightss.fleet: post_state to controller 'right' failed: Could not reach light controller at http://10.27.27.112/json/state: <urlopen error [Errno 113] No route to host>
lightss fleet: post_state to controller 'right' failed: Could not reach light controller at http://10.27.27.112/json/state: <urlopen error [Errno 113] No route to host>
lightss.fleet: get_state from controller 'left' failed: Could not reach light controller at http://10.27.27.110/json/state: <urlopen error [Errno 113] No route to host>
lightss fleet: get_state from controller 'left' failed: Could not reach light controller at http://10.27.27.110/json/state: <urlopen error [Errno 113] No route to host>
lightss.fleet: post_state to controller 'left' failed: Could not reach light controller at http://10.27.27.110/json/state: <urlopen error [Errno 113] No route to host>
lightss fleet: post_state to controller 'left' failed: Could not reach light controller at http://10.27.27.110/json/state: <urlopen error [Errno 113] No route to host>
lightss.fleet: get_state from controller 'right' failed: Could not reach light controller at http://10.27.27.112/json/state: <urlopen error [Errno 113] No route to host>
lightss fleet: get_state from controller 'right' failed: Could not reach light controller at http://10.27.27.112/json/state: <urlopen error [Errno 113] No route to host>
lightss.fleet: get_state from controller 'left' failed: Could not reach light controller at http://10.27.27.110/json/state: <urlopen error [Errno 113] No route to host>
lightss fleet: get_state from controller 'left' failed: Could not reach light controller at http://10.27.27.110/json/state: <urlopen error [Errno 113] No route to host>
lightss.fleet: post_state to controller 'right' failed: Could not reach light controller at http://10.27.27.112/json/state: <urlopen error [Errno 113] No route to host>
lightss fleet: post_state to controller 'right' failed: Could not reach light controller at http://10.27.27.112/json/state: <urlopen error [Errno 113] No route to host>
lightss.fleet: get_state from controller 'right' failed: Could not reach light controller at http://10.27.27.112/json/state: <urlopen error [Errno 113] No route to host>
lightss fleet: get_state from controller 'right' failed: Could not reach light controller at http://10.27.27.112/json/state: <urlopen error [Errno 113] No route to host>
lightss.fleet: get_state from controller 'left' failed: Could not reach light controller at http://10.27.27.110/json/state: <urlopen error [Errno 113] No route to host>
lightss fleet: get_state from controller 'left' failed: Could not reach light controller at http://10.27.27.110/json/state: <urlopen error [Errno 113] No route to host>
lightss.fleet: get_state from controller 'right' failed: Could not reach light controller at http://10.27.27.112/json/state: <urlopen error [Errno 113] No route to host>
lightss fleet: get_state from controller 'right' failed: Could not reach light controller at http://10.27.27.112/json/state: <urlopen error [Errno 113] No route to host>
lightss.fleet: post_state to controller 'left' failed: Could not reach light controller at http://10.27.27.110/json/state: <urlopen error [Errno 113] No route to host>
lightss fleet: post_state to controller 'left' failed: Could not reach light controller at http://10.27.27.110/json/state: <urlopen error [Errno 113] No route to host>
lightss.fleet: post_state to controller 'right' failed: Could not reach light controller at http://10.27.27.112/json/state: <urlopen error [Errno 113] No route to host>
lightss fleet: post_state to controller 'right' failed: Could not reach light controller at http://10.27.27.112/json/state: <urlopen error [Errno 113] No route to host>
lightss.fleet: get_state from controller 'left' failed: Could not reach light controller at http://10.27.27.110/json/state: <urlopen error [Errno 113] No route to host>
lightss fleet: get_state from controller 'left' failed: Could not reach light controller at http://10.27.27.110/json/state: <urlopen error [Errno 113] No route to host>
lightss.fleet: get_state from controller 'right' failed: Could not reach light controller at http://10.27.27.112/json/state: <urlopen error [Errno 113] No route to host>
lightss fleet: get_state from controller 'right' failed: Could not reach light controller at http://10.27.27.112/json/state: <urlopen error [Errno 113] No route to host>
lightss.fleet: post_state to controller 'left' failed: Could not reach light controller at http://10.27.27.110/json/state: <urlopen error [Errno 113] No route to host>
lightss fleet: post_state to controller 'left' failed: Could not reach light controller at http://10.27.27.110/json/state: <urlopen error [Errno 113] No route to host>
lightss.fleet: get_state from controller 'left' failed: Could not reach light controller at http://10.27.27.110/json/state: <urlopen error [Errno 113] No route to host>
lightss fleet: get_state from controller 'left' failed: Could not reach light controller at http://10.27.27.110/json/state: <urlopen error [Errno 113] No route to host>
lightss.fleet: post_state to controller 'right' failed: Could not reach light controller at http://10.27.27.112/json/state: <urlopen error [Errno 113] No route to host>
lightss fleet: post_state to controller 'right' failed: Could not reach light controller at http://10.27.27.112/json/state: <urlopen error [Errno 113] No route to host>
lightss.fleet: get_state from controller 'right' failed: Could not reach light controller at http://10.27.27.112/json/state: <urlopen error [Errno 113] No route to host>
lightss fleet: get_state from controller 'right' failed: Could not reach light controller at http://10.27.27.112/json/state: <urlopen error [Errno 113] No route to host>
lightss.fleet: get_state from controller 'left' failed: Could not reach light controller at http://10.27.27.110/json/state: <urlopen error [Errno 113] No route to host>
lightss fleet: get_state from controller 'left' failed: Could not reach light controller at http://10.27.27.110/json/state: <urlopen error [Errno 113] No route to host>
lightss.fleet: get_state from controller 'right' failed: Could not reach light controller at http://10.27.27.112/json/state: <urlopen error [Errno 113] No route to host>
lightss fleet: get_state from controller 'right' failed: Could not reach light controller at http://10.27.27.112/json/state: <urlopen error [Errno 113] No route to host>
lightss.fleet: post_state to controller 'left' failed: Could not reach light controller at http://10.27.27.110/json/state: <urlopen error [Errno 113] No route to host>
lightss fleet: post_state to controller 'left' failed: Could not reach light controller at http://10.27.27.110/json/state: <urlopen error [Errno 113] No route to host>
lightss.fleet: post_state to controller 'right' failed: Could not reach light controller at http://10.27.27.112/json/state: <urlopen error [Errno 113] No route to host>
lightss fleet: post_state to controller 'right' failed: Could not reach light controller at http://10.27.27.112/json/state: <urlopen error [Errno 113] No route to host>
lightss.fleet: get_state from controller 'left' failed: Could not reach light controller at http://10.27.27.110/json/state: <urlopen error [Errno 113] No route to host>
lightss fleet: get_state from controller 'left' failed: Could not reach light controller at http://10.27.27.110/json/state: <urlopen error [Errno 113] No route to host>
lightss.fleet: get_state from controller 'right' failed: Could not reach light controller at http://10.27.27.112/json/state: <urlopen error [Errno 113] No route to host>
lightss fleet: get_state from controller 'right' failed: Could not reach light controller at http://10.27.27.112/json/state: <urlopen error [Errno 113] No route to host>
lightss.fleet: post_state to controller 'left' failed: Could not reach light controller at http://10.27.27.110/json/state: <urlopen error [Errno 113] No route to host>
lightss fleet: post_state to controller 'left' failed: Could not reach light controller at http://10.27.27.110/json/state: <urlopen error [Errno 113] No route to host>
lightss.fleet: post_state to controller 'right' failed: Could not reach light controller at http://10.27.27.112/json/state: <urlopen error [Errno 113] No route to host>
lightss fleet: post_state to controller 'right' failed: Could not reach light controller at http://10.27.27.112/json/state: <urlopen error [Errno 113] No route to host>
lightss.fleet: get_state from controller 'left' failed: Could not reach light controller at http://10.27.27.110/json/state: <urlopen error [Errno 113] No route to host>
lightss fleet: get_state from controller 'left' failed: Could not reach light controller at http://10.27.27.110/json/state: <urlopen error [Errno 113] No route to host>
lightss.fleet: get_state from controller 'right' failed: Could not reach light controller at http://10.27.27.112/json/state: <urlopen error [Errno 113] No route to host>
lightss fleet: get_state from controller 'right' failed: Could not reach light controller at http://10.27.27.112/json/state: <urlopen error [Errno 113] No route to host>
lightss.fleet: get_state from controller 'left' failed: Could not reach light controller at http://10.27.27.110/json/state: <urlopen error [Errno 113] No route to host>
lightss fleet: get_state from controller 'left' failed: Could not reach light controller at http://10.27.27.110/json/state: <urlopen error [Errno 113] No route to host>
lightss.fleet: get_state from controller 'right' failed: Could not reach light controller at http://10.27.27.112/json/state: <urlopen error [Errno 113] No route to host>
lightss fleet: get_state from controller 'right' failed: Could not reach light controller at http://10.27.27.112/json/state: <urlopen error [Errno 113] No route to host>
lightss.fleet: post_state to controller 'left' failed: Could not reach light controller at http://10.27.27.110/json/state: <urlopen error [Errno 113] No route to host>
lightss fleet: post_state to controller 'left' failed: Could not reach light controller at http://10.27.27.110/json/state: <urlopen error [Errno 113] No route to host>
lightss.fleet: post_state to controller 'right' failed: Could not reach light controller at http://10.27.27.112/json/state: <urlopen error [Errno 113] No route to host>
lightss fleet: post_state to controller 'right' failed: Could not reach light controller at http://10.27.27.112/json/state: <urlopen error [Errno 113] No route to host>
lightss.fleet: get_state from controller 'left' failed: Could not reach light controller at http://10.27.27.110/json/state: <urlopen error [Errno 113] No route to host>
lightss fleet: get_state from controller 'left' failed: Could not reach light controller at http://10.27.27.110/json/state: <urlopen error [Errno 113] No route to host>
lightss.fleet: get_state from controller 'right' failed: Could not reach light controller at http://10.27.27.112/json/state: <urlopen error [Errno 113] No route to host>
lightss fleet: get_state from controller 'right' failed: Could not reach light controller at http://10.27.27.112/json/state: <urlopen error [Errno 113] No route to host>
lightss.fleet: post_state to controller 'left' failed: Could not reach light controller at http://10.27.27.110/json/state: <urlopen error [Errno 113] No route to host>
lightss fleet: post_state to controller 'left' failed: Could not reach light controller at http://10.27.27.110/json/state: <urlopen error [Errno 113] No route to host>
lightss.fleet: post_state to controller 'right' failed: Could not reach light controller at http://10.27.27.112/json/state: <urlopen error [Errno 113] No route to host>
lightss fleet: post_state to controller 'right' failed: Could not reach light controller at http://10.27.27.112/json/state: <urlopen error [Errno 113] No route to host>
lightss.fleet: get_state from controller 'left' failed: Could not reach light controller at http://10.27.27.110/json/state: <urlopen error [Errno 113] No route to host>
lightss fleet: get_state from controller 'left' failed: Could not reach light controller at http://10.27.27.110/json/state: <urlopen error [Errno 113] No route to host>
lightss.fleet: get_state from controller 'right' failed: Could not reach light controller at http://10.27.27.112/json/state: <urlopen error [Errno 113] No route to host>
lightss fleet: get_state from controller 'right' failed: Could not reach light controller at http://10.27.27.112/json/state: <urlopen error [Errno 113] No route to host>
lightss.fleet: get_state from controller 'left' failed: Could not reach light controller at http://10.27.27.110/json/state: <urlopen error [Errno 113] No route to host>
lightss fleet: get_state from controller 'left' failed: Could not reach light controller at http://10.27.27.110/json/state: <urlopen error [Errno 113] No route to host>
lightss.fleet: post_state to controller 'left' failed: Could not reach light controller at http://10.27.27.110/json/state: <urlopen error [Errno 113] No route to host>
lightss fleet: post_state to controller 'left' failed: Could not reach light controller at http://10.27.27.110/json/state: <urlopen error [Errno 113] No route to host>
lightss.fleet: get_state from controller 'right' failed: Could not reach light controller at http://10.27.27.112/json/state: <urlopen error [Errno 113] No route to host>
lightss fleet: get_state from controller 'right' failed: Could not reach light controller at http://10.27.27.112/json/state: <urlopen error [Errno 113] No route to host>
lightss.fleet: get_state from controller 'left' failed: Could not reach light controller at http://10.27.27.110/json/state: <urlopen error [Errno 113] No route to host>
lightss fleet: get_state from controller 'left' failed: Could not reach light controller at http://10.27.27.110/json/state: <urlopen error [Errno 113] No route to host>
lightss.fleet: post_state to controller 'right' failed: Could not reach light controller at http://10.27.27.112/json/state: <urlopen error [Errno 113] No route to host>
lightss fleet: post_state to controller 'right' failed: Could not reach light controller at http://10.27.27.112/json/state: <urlopen error [Errno 113] No route to host>
lightss.fleet: post_state to controller 'left' failed: Could not reach light controller at http://10.27.27.110/json/state: <urlopen error [Errno 113] No route to host>
lightss fleet: post_state to controller 'left' failed: Could not reach light controller at http://10.27.27.110/json/state: <urlopen error [Errno 113] No route to host>
lightss.fleet: get_state from controller 'right' failed: Could not reach light controller at http://10.27.27.112/json/state: <urlopen error [Errno 113] No route to host>
lightss fleet: get_state from controller 'right' failed: Could not reach light controller at http://10.27.27.112/json/state: <urlopen error [Errno 113] No route to host>
lightss.fleet: post_state to controller 'right' failed: Could not reach light controller at http://10.27.27.112/json/state: <urlopen error [Errno 113] No route to host>
lightss fleet: post_state to controller 'right' failed: Could not reach light controller at http://10.27.27.112/json/state: <urlopen error [Errno 113] No route to host>
lightss.fleet: get_state from controller 'left' failed: Could not reach light controller at http://10.27.27.110/json/state: <urlopen error [Errno 113] No route to host>
lightss fleet: get_state from controller 'left' failed: Could not reach light controller at http://10.27.27.110/json/state: <urlopen error [Errno 113] No route to host>
lightss.fleet: get_state from controller 'right' failed: Could not reach light controller at http://10.27.27.112/json/state: <urlopen error [Errno 113] No route to host>
lightss fleet: get_state from controller 'right' failed: Could not reach light controller at http://10.27.27.112/json/state: <urlopen error [Errno 113] No route to host>
lightss.fleet: get_state from controller 'left' failed: Could not reach light controller at http://10.27.27.110/json/state: <urlopen error [Errno 113] No route to host>
lightss fleet: get_state from controller 'left' failed: Could not reach light controller at http://10.27.27.110/json/state: <urlopen error [Errno 113] No route to host>
lightss.fleet: get_state from controller 'right' failed: Could not reach light controller at http://10.27.27.112/json/state: <urlopen error [Errno 113] No route to host>
lightss fleet: get_state from controller 'right' failed: Could not reach light controller at http://10.27.27.112/json/state: <urlopen error [Errno 113] No route to host>
lightss.fleet: post_state to controller 'left' failed: Could not reach light controller at http://10.27.27.110/json/state: <urlopen error [Errno 113] No route to host>
lightss fleet: post_state to controller 'left' failed: Could not reach light controller at http://10.27.27.110/json/state: <urlopen error [Errno 113] No route to host>
lightss.fleet: get_state from controller 'left' failed: Could not reach light controller at http://10.27.27.110/json/state: <urlopen error [Errno 113] No route to host>
lightss fleet: get_state from controller 'left' failed: Could not reach light controller at http://10.27.27.110/json/state: <urlopen error [Errno 113] No route to host>
lightss.fleet: post_state to controller 'right' failed: Could not reach light controller at http://10.27.27.112/json/state: <urlopen error [Errno 113] No route to host>
lightss fleet: post_state to controller 'right' failed: Could not reach light controller at http://10.27.27.112/json/state: <urlopen error [Errno 113] No route to host>
lightss.fleet: get_state from controller 'right' failed: Could not reach light controller at http://10.27.27.112/json/state: <urlopen error [Errno 113] No route to host>
lightss fleet: get_state from controller 'right' failed: Could not reach light controller at http://10.27.27.112/json/state: <urlopen error [Errno 113] No route to host>
lightss.fleet: post_state to controller 'left' failed: Could not reach light controller at http://10.27.27.110/json/state: <urlopen error [Errno 113] No route to host>
lightss fleet: post_state to controller 'left' failed: Could not reach light controller at http://10.27.27.110/json/state: <urlopen error [Errno 113] No route to host>
lightss.fleet: post_state to controller 'right' failed: Could not reach light controller at http://10.27.27.112/json/state: <urlopen error [Errno 113] No route to host>
lightss fleet: post_state to controller 'right' failed: Could not reach light controller at http://10.27.27.112/json/state: <urlopen error [Errno 113] No route to host>
lightss.fleet: get_state from controller 'left' failed: Could not reach light controller at http://10.27.27.110/json/state: <urlopen error [Errno 113] No route to host>
lightss fleet: get_state from controller 'left' failed: Could not reach light controller at http://10.27.27.110/json/state: <urlopen error [Errno 113] No route to host>
lightss.fleet: get_state from controller 'right' failed: Could not reach light controller at http://10.27.27.112/json/state: <urlopen error [Errno 113] No route to host>
lightss fleet: get_state from controller 'right' failed: Could not reach light controller at http://10.27.27.112/json/state: <urlopen error [Errno 113] No route to host>
lightss.fleet: get_state from controller 'left' failed: Could not reach light controller at http://10.27.27.110/json/state: <urlopen error [Errno 113] No route to host>
lightss fleet: get_state from controller 'left' failed: Could not reach light controller at http://10.27.27.110/json/state: <urlopen error [Errno 113] No route to host>
lightss.fleet: get_state from controller 'right' failed: Could not reach light controller at http://10.27.27.112/json/state: <urlopen error [Errno 113] No route to host>
lightss fleet: get_state from controller 'right' failed: Could not reach light controller at http://10.27.27.112/json/state: <urlopen error [Errno 113] No route to host>
lightss.fleet: post_state to controller 'left' failed: Could not reach light controller at http://10.27.27.110/json/state: <urlopen error [Errno 113] No route to host>
lightss fleet: post_state to controller 'left' failed: Could not reach light controller at http://10.27.27.110/json/state: <urlopen error [Errno 113] No route to host>
lightss.fleet: get_state from controller 'left' failed: Could not reach light controller at http://10.27.27.110/json/state: <urlopen error [Errno 113] No route to host>
lightss fleet: get_state from controller 'left' failed: Could not reach light controller at http://10.27.27.110/json/state: <urlopen error [Errno 113] No route to host>
lightss.fleet: post_state to controller 'right' failed: Could not reach light controller at http://10.27.27.112/json/state: <urlopen error [Errno 113] No route to host>
lightss fleet: post_state to controller 'right' failed: Could not reach light controller at http://10.27.27.112/json/state: <urlopen error [Errno 113] No route to host>
lightss.fleet: post_state to controller 'left' failed: Could not reach light controller at http://10.27.27.110/json/state: <urlopen error [Errno 113] No route to host>
lightss fleet: post_state to controller 'left' failed: Could not reach light controller at http://10.27.27.110/json/state: <urlopen error [Errno 113] No route to host>
lightss.fleet: get_state from controller 'right' failed: Could not reach light controller at http://10.27.27.112/json/state: <urlopen error [Errno 113] No route to host>
lightss fleet: get_state from controller 'right' failed: Could not reach light controller at http://10.27.27.112/json/state: <urlopen error [Errno 113] No route to host>
lightss.fleet: post_state to controller 'right' failed: Could not reach light controller at http://10.27.27.112/json/state: <urlopen error [Errno 113] No route to host>
lightss fleet: post_state to controller 'right' failed: Could not reach light controller at http://10.27.27.112/json/state: <urlopen error [Errno 113] No route to host>
lightss.fleet: get_state from controller 'left' failed: Could not reach light controller at http://10.27.27.110/json/state: <urlopen error [Errno 113] No route to host>
lightss fleet: get_state from controller 'left' failed: Could not reach light controller at http://10.27.27.110/json/state: <urlopen error [Errno 113] No route to host>
lightss.fleet: get_state from controller 'right' failed: Could not reach light controller at http://10.27.27.112/json/state: <urlopen error [Errno 113] No route to host>
lightss fleet: get_state from controller 'right' failed: Could not reach light controller at http://10.27.27.112/json/state: <urlopen error [Errno 113] No route to host>
lightss.fleet: get_state from controller 'left' failed: Could not reach light controller at http://10.27.27.110/json/state: <urlopen error [Errno 113] No route to host>
lightss fleet: get_state from controller 'left' failed: Could not reach light controller at http://10.27.27.110/json/state: <urlopen error [Errno 113] No route to host>
lightss.fleet: post_state to controller 'left' failed: Could not reach light controller at http://10.27.27.110/json/state: <urlopen error [Errno 113] No route to host>
lightss fleet: post_state to controller 'left' failed: Could not reach light controller at http://10.27.27.110/json/state: <urlopen error [Errno 113] No route to host>
lightss.fleet: get_state from controller 'right' failed: Could not reach light controller at http://10.27.27.112/json/state: <urlopen error [Errno 113] No route to host>
lightss fleet: get_state from controller 'right' failed: Could not reach light controller at http://10.27.27.112/json/state: <urlopen error [Errno 113] No route to host>
lightss.fleet: post_state to controller 'right' failed: Could not reach light controller at http://10.27.27.112/json/state: <urlopen error [Errno 113] No route to host>
lightss fleet: post_state to controller 'right' failed: Could not reach light controller at http://10.27.27.112/json/state: <urlopen error [Errno 113] No route to host>
lightss.fleet: get_state from controller 'left' failed: Could not reach light controller at http://10.27.27.110/json/state: <urlopen error [Errno 113] No route to host>
lightss fleet: get_state from controller 'left' failed: Could not reach light controller at http://10.27.27.110/json/state: <urlopen error [Errno 113] No route to host>
lightss.fleet: get_state from controller 'right' failed: Could not reach light controller at http://10.27.27.112/json/state: <urlopen error [Errno 113] No route to host>
lightss fleet: get_state from controller 'right' failed: Could not reach light controller at http://10.27.27.112/json/state: <urlopen error [Errno 113] No route to host>
lightss.fleet: post_state to controller 'left' failed: Could not reach light controller at http://10.27.27.110/json/state: <urlopen error [Errno 113] No route to host>
lightss fleet: post_state to controller 'left' failed: Could not reach light controller at http://10.27.27.110/json/state: <urlopen error [Errno 113] No route to host>
lightss.fleet: post_state to controller 'right' failed: Could not reach light controller at http://10.27.27.112/json/state: <urlopen error [Errno 113] No route to host>
lightss fleet: post_state to controller 'right' failed: Could not reach light controller at http://10.27.27.112/json/state: <urlopen error [Errno 113] No route to host>
lightss.fleet: get_state from controller 'left' failed: Could not reach light controller at http://10.27.27.110/json/state: <urlopen error [Errno 113] No route to host>
lightss fleet: get_state from controller 'left' failed: Could not reach light controller at http://10.27.27.110/json/state: <urlopen error [Errno 113] No route to host>
lightss.fleet: get_state from controller 'right' failed: Could not reach light controller at http://10.27.27.112/json/state: <urlopen error [Errno 113] No route to host>
lightss fleet: get_state from controller 'right' failed: Could not reach light controller at http://10.27.27.112/json/state: <urlopen error [Errno 113] No route to host>
lightss.fleet: get_state from controller 'left' failed: Could not reach light controller at http://10.27.27.110/json/state: <urlopen error [Errno 113] No route to host>
lightss fleet: get_state from controller 'left' failed: Could not reach light controller at http://10.27.27.110/json/state: <urlopen error [Errno 113] No route to host>
lightss.fleet: get_state from controller 'right' failed: Could not reach light controller at http://10.27.27.112/json/state: <urlopen error [Errno 113] No route to host>
lightss fleet: get_state from controller 'right' failed: Could not reach light controller at http://10.27.27.112/json/state: <urlopen error [Errno 113] No route to host>
lightss.fleet: post_state to controller 'left' failed: Could not reach light controller at http://10.27.27.110/json/state: <urlopen error [Errno 113] No route to host>
lightss fleet: post_state to controller 'left' failed: Could not reach light controller at http://10.27.27.110/json/state: <urlopen error [Errno 113] No route to host>
lightss.fleet: post_state to controller 'right' failed: Could not reach light controller at http://10.27.27.112/json/state: <urlopen error [Errno 113] No route to host>
lightss fleet: post_state to controller 'right' failed: Could not reach light controller at http://10.27.27.112/json/state: <urlopen error [Errno 113] No route to host>
lightss.fleet: get_state from controller 'left' failed: Could not reach light controller at http://10.27.27.110/json/state: <urlopen error [Errno 113] No route to host>
lightss fleet: get_state from controller 'left' failed: Could not reach light controller at http://10.27.27.110/json/state: <urlopen error [Errno 113] No route to host>
lightss.fleet: get_state from controller 'right' failed: Could not reach light controller at http://10.27.27.112/json/state: <urlopen error [Errno 113] No route to host>
lightss fleet: get_state from controller 'right' failed: Could not reach light controller at http://10.27.27.112/json/state: <urlopen error [Errno 113] No route to host>
lightss.fleet: post_state to controller 'left' failed: Could not reach light controller at http://10.27.27.110/json/state: <urlopen error [Errno 113] No route to host>
lightss fleet: post_state to controller 'left' failed: Could not reach light controller at http://10.27.27.110/json/state: <urlopen error [Errno 113] No route to host>
lightss.fleet: post_state to controller 'right' failed: Could not reach light controller at http://10.27.27.112/json/state: <urlopen error [Errno 113] No route to host>
lightss fleet: post_state to controller 'right' failed: Could not reach light controller at http://10.27.27.112/json/state: <urlopen error [Errno 113] No route to host>
lightss.fleet: get_state from controller 'left' failed: Could not reach light controller at http://10.27.27.110/json/state: <urlopen error [Errno 113] No route to host>
lightss fleet: get_state from controller 'left' failed: Could not reach light controller at http://10.27.27.110/json/state: <urlopen error [Errno 113] No route to host>
lightss.fleet: get_state from controller 'right' failed: Could not reach light controller at http://10.27.27.112/json/state: <urlopen error [Errno 113] No route to host>
lightss fleet: get_state from controller 'right' failed: Could not reach light controller at http://10.27.27.112/json/state: <urlopen error [Errno 113] No route to host>
lightss.fleet: get_state from controller 'left' failed: Could not reach light controller at http://10.27.27.110/json/state: <urlopen error [Errno 113] No route to host>
lightss fleet: get_state from controller 'left' failed: Could not reach light controller at http://10.27.27.110/json/state: <urlopen error [Errno 113] No route to host>
lightss.fleet: get_state from controller 'right' failed: Could not reach light controller at http://10.27.27.112/json/state: <urlopen error [Errno 113] No route to host>
lightss fleet: get_state from controller 'right' failed: Could not reach light controller at http://10.27.27.112/json/state: <urlopen error [Errno 113] No route to host>
lightss.fleet: post_state to controller 'left' failed: Could not reach light controller at http://10.27.27.110/json/state: <urlopen error [Errno 113] No route to host>
lightss fleet: post_state to controller 'left' failed: Could not reach light controller at http://10.27.27.110/json/state: <urlopen error [Errno 113] No route to host>
lightss.fleet: post_state to controller 'right' failed: Could not reach light controller at http://10.27.27.112/json/state: <urlopen error [Errno 113] No route to host>
lightss fleet: post_state to controller 'right' failed: Could not reach light controller at http://10.27.27.112/json/state: <urlopen error [Errno 113] No route to host>
lightss.fleet: get_state from controller 'left' failed: Could not reach light controller at http://10.27.27.110/json/state: <urlopen error [Errno 113] No route to host>
lightss fleet: get_state from controller 'left' failed: Could not reach light controller at http://10.27.27.110/json/state: <urlopen error [Errno 113] No route to host>
lightss.fleet: post_state to controller 'left' failed: Could not reach light controller at http://10.27.27.110/json/state: <urlopen error [Errno 113] No route to host>
lightss fleet: post_state to controller 'left' failed: Could not reach light controller at http://10.27.27.110/json/state: <urlopen error [Errno 113] No route to host>
lightss.fleet: get_state from controller 'right' failed: Could not reach light controller at http://10.27.27.112/json/state: <urlopen error [Errno 113] No route to host>
lightss fleet: get_state from controller 'right' failed: Could not reach light controller at http://10.27.27.112/json/state: <urlopen error [Errno 113] No route to host>
lightss.fleet: post_state to controller 'right' failed: Could not reach light controller at http://10.27.27.112/json/state: <urlopen error [Errno 113] No route to host>
lightss fleet: post_state to controller 'right' failed: Could not reach light controller at http://10.27.27.112/json/state: <urlopen error [Errno 113] No route to host>
lightss.fleet: get_state from controller 'left' failed: Could not reach light controller at http://10.27.27.110/json/state: <urlopen error [Errno 113] No route to host>
lightss fleet: get_state from controller 'left' failed: Could not reach light controller at http://10.27.27.110/json/state: <urlopen error [Errno 113] No route to host>
lightss.fleet: get_state from controller 'right' failed: Could not reach light controller at http://10.27.27.112/json/state: <urlopen error [Errno 113] No route to host>
lightss fleet: get_state from controller 'right' failed: Could not reach light controller at http://10.27.27.112/json/state: <urlopen error [Errno 113] No route to host>
lightss.fleet: get_state from controller 'left' failed: Could not reach light controller at http://10.27.27.110/json/state: <urlopen error [Errno 113] No route to host>
lightss fleet: get_state from controller 'left' failed: Could not reach light controller at http://10.27.27.110/json/state: <urlopen error [Errno 113] No route to host>
lightss.fleet: get_state from controller 'right' failed: Could not reach light controller at http://10.27.27.112/json/state: <urlopen error [Errno 113] No route to host>
lightss fleet: get_state from controller 'right' failed: Could not reach light controller at http://10.27.27.112/json/state: <urlopen error [Errno 113] No route to host>
lightss.fleet: post_state to controller 'left' failed: Could not reach light controller at http://10.27.27.110/json/state: <urlopen error [Errno 113] No route to host>
lightss fleet: post_state to controller 'left' failed: Could not reach light controller at http://10.27.27.110/json/state: <urlopen error [Errno 113] No route to host>
lightss.fleet: post_state to controller 'right' failed: Could not reach light controller at http://10.27.27.112/json/state: <urlopen error [Errno 113] No route to host>
lightss fleet: post_state to controller 'right' failed: Could not reach light controller at http://10.27.27.112/json/state: <urlopen error [Errno 113] No route to host>
lightss.fleet: get_state from controller 'left' failed: Could not reach light controller at http://10.27.27.110/json/state: <urlopen error [Errno 113] No route to host>
lightss fleet: get_state from controller 'left' failed: Could not reach light controller at http://10.27.27.110/json/state: <urlopen error [Errno 113] No route to host>
lightss.fleet: get_state from controller 'right' failed: Could not reach light controller at http://10.27.27.112/json/state: <urlopen error [Errno 113] No route to host>
lightss fleet: get_state from controller 'right' failed: Could not reach light controller at http://10.27.27.112/json/state: <urlopen error [Errno 113] No route to host>
lightss.fleet: post_state to controller 'left' failed: Could not reach light controller at http://10.27.27.110/json/state: <urlopen error [Errno 113] No route to host>
lightss fleet: post_state to controller 'left' failed: Could not reach light controller at http://10.27.27.110/json/state: <urlopen error [Errno 113] No route to host>
lightss.fleet: post_state to controller 'right' failed: Could not reach light controller at http://10.27.27.112/json/state: <urlopen error [Errno 113] No route to host>
lightss fleet: post_state to controller 'right' failed: Could not reach light controller at http://10.27.27.112/json/state: <urlopen error [Errno 113] No route to host>
lightss.fleet: get_state from controller 'left' failed: Could not reach light controller at http://10.27.27.110/json/state: <urlopen error [Errno 113] No route to host>
lightss fleet: get_state from controller 'left' failed: Could not reach light controller at http://10.27.27.110/json/state: <urlopen error [Errno 113] No route to host>
lightss.fleet: get_state from controller 'right' failed: Could not reach light controller at http://10.27.27.112/json/state: <urlopen error [Errno 113] No route to host>
lightss fleet: get_state from controller 'right' failed: Could not reach light controller at http://10.27.27.112/json/state: <urlopen error [Errno 113] No route to host>
lightss.fleet: get_state from controller 'left' failed: Could not reach light controller at http://10.27.27.110/json/state: <urlopen error [Errno 113] No route to host>
lightss fleet: get_state from controller 'left' failed: Could not reach light controller at http://10.27.27.110/json/state: <urlopen error [Errno 113] No route to host>
lightss.fleet: post_state to controller 'left' failed: Could not reach light controller at http://10.27.27.110/json/state: <urlopen error [Errno 113] No route to host>
lightss fleet: post_state to controller 'left' failed: Could not reach light controller at http://10.27.27.110/json/state: <urlopen error [Errno 113] No route to host>
lightss.fleet: get_state from controller 'right' failed: Could not reach light controller at http://10.27.27.112/json/state: <urlopen error [Errno 113] No route to host>
lightss fleet: get_state from controller 'right' failed: Could not reach light controller at http://10.27.27.112/json/state: <urlopen error [Errno 113] No route to host>
lightss.fleet: post_state to controller 'right' failed: Could not reach light controller at http://10.27.27.112/json/state: <urlopen error [Errno 113] No route to host>
lightss fleet: post_state to controller 'right' failed: Could not reach light controller at http://10.27.27.112/json/state: <urlopen error [Errno 113] No route to host>
lightss.fleet: get_state from controller 'left' failed: Could not reach light controller at http://10.27.27.110/json/state: <urlopen error [Errno 113] No route to host>
lightss fleet: get_state from controller 'left' failed: Could not reach light controller at http://10.27.27.110/json/state: <urlopen error [Errno 113] No route to host>
lightss.fleet: get_state from controller 'right' failed: Could not reach light controller at http://10.27.27.112/json/state: <urlopen error [Errno 113] No route to host>
lightss fleet: get_state from controller 'right' failed: Could not reach light controller at http://10.27.27.112/json/state: <urlopen error [Errno 113] No route to host>
lightss.fleet: post_state to controller 'left' failed: Could not reach light controller at http://10.27.27.110/json/state: <urlopen error [Errno 113] No route to host>
lightss fleet: post_state to controller 'left' failed: Could not reach light controller at http://10.27.27.110/json/state: <urlopen error [Errno 113] No route to host>
lightss.fleet: post_state to controller 'right' failed: Could not reach light controller at http://10.27.27.112/json/state: <urlopen error [Errno 113] No route to host>
lightss fleet: post_state to controller 'right' failed: Could not reach light controller at http://10.27.27.112/json/state: <urlopen error [Errno 113] No route to host>
lightss.fleet: get_state from controller 'left' failed: Could not reach light controller at http://10.27.27.110/json/state: <urlopen error [Errno 113] No route to host>
lightss fleet: get_state from controller 'left' failed: Could not reach light controller at http://10.27.27.110/json/state: <urlopen error [Errno 113] No route to host>
lightss.fleet: get_state from controller 'right' failed: Could not reach light controller at http://10.27.27.112/json/state: <urlopen error [Errno 113] No route to host>
lightss fleet: get_state from controller 'right' failed: Could not reach light controller at http://10.27.27.112/json/state: <urlopen error [Errno 113] No route to host>
lightss.fleet: get_state from controller 'left' failed: Could not reach light controller at http://10.27.27.110/json/state: <urlopen error [Errno 113] No route to host>
lightss fleet: get_state from controller 'left' failed: Could not reach light controller at http://10.27.27.110/json/state: <urlopen error [Errno 113] No route to host>
lightss.fleet: get_state from controller 'right' failed: Could not reach light controller at http://10.27.27.112/json/state: <urlopen error [Errno 113] No route to host>
lightss fleet: get_state from controller 'right' failed: Could not reach light controller at http://10.27.27.112/json/state: <urlopen error [Errno 113] No route to host>
lightss.fleet: post_state to controller 'left' failed: Could not reach light controller at http://10.27.27.110/json/state: <urlopen error [Errno 113] No route to host>
lightss fleet: post_state to controller 'left' failed: Could not reach light controller at http://10.27.27.110/json/state: <urlopen error [Errno 113] No route to host>
lightss.fleet: post_state to controller 'right' failed: Could not reach light controller at http://10.27.27.112/json/state: <urlopen error [Errno 113] No route to host>
lightss fleet: post_state to controller 'right' failed: Could not reach light controller at http://10.27.27.112/json/state: <urlopen error [Errno 113] No route to host>
lightss.fleet: get_state from controller 'left' failed: Could not reach light controller at http://10.27.27.110/json/state: <urlopen error [Errno 113] No route to host>
lightss fleet: get_state from controller 'left' failed: Could not reach light controller at http://10.27.27.110/json/state: <urlopen error [Errno 113] No route to host>
lightss.fleet: post_state to controller 'left' failed: Could not reach light controller at http://10.27.27.110/json/state: <urlopen error [Errno 113] No route to host>
lightss fleet: post_state to controller 'left' failed: Could not reach light controller at http://10.27.27.110/json/state: <urlopen error [Errno 113] No route to host>
lightss.fleet: get_state from controller 'right' failed: Could not reach light controller at http://10.27.27.112/json/state: <urlopen error [Errno 113] No route to host>
lightss fleet: get_state from controller 'right' failed: Could not reach light controller at http://10.27.27.112/json/state: <urlopen error [Errno 113] No route to host>
lightss.fleet: get_state from controller 'left' failed: Could not reach light controller at http://10.27.27.110/json/state: <urlopen error [Errno 113] No route to host>
lightss fleet: get_state from controller 'left' failed: Could not reach light controller at http://10.27.27.110/json/state: <urlopen error [Errno 113] No route to host>
lightss.fleet: post_state to controller 'right' failed: Could not reach light controller at http://10.27.27.112/json/state: <urlopen error [Errno 113] No route to host>
lightss fleet: post_state to controller 'right' failed: Could not reach light controller at http://10.27.27.112/json/state: <urlopen error [Errno 113] No route to host>
lightss.fleet: get_state from controller 'right' failed: Could not reach light controller at http://10.27.27.112/json/state: <urlopen error [Errno 113] No route to host>
lightss fleet: get_state from controller 'right' failed: Could not reach light controller at http://10.27.27.112/json/state: <urlopen error [Errno 113] No route to host>
lightss.fleet: get_state from controller 'left' failed: Could not reach light controller at http://10.27.27.110/json/state: <urlopen error [Errno 113] No route to host>
lightss fleet: get_state from controller 'left' failed: Could not reach light controller at http://10.27.27.110/json/state: <urlopen error [Errno 113] No route to host>
lightss.fleet: post_state to controller 'left' failed: Could not reach light controller at http://10.27.27.110/json/state: <urlopen error [Errno 113] No route to host>
lightss fleet: post_state to controller 'left' failed: Could not reach light controller at http://10.27.27.110/json/state: <urlopen error [Errno 113] No route to host>
lightss.fleet: get_state from controller 'right' failed: Could not reach light controller at http://10.27.27.112/json/state: <urlopen error [Errno 113] No route to host>
lightss fleet: get_state from controller 'right' failed: Could not reach light controller at http://10.27.27.112/json/state: <urlopen error [Errno 113] No route to host>
lightss.fleet: post_state to controller 'right' failed: Could not reach light controller at http://10.27.27.112/json/state: <urlopen error [Errno 113] No route to host>
lightss fleet: post_state to controller 'right' failed: Could not reach light controller at http://10.27.27.112/json/state: <urlopen error [Errno 113] No route to host>
lightss.fleet: get_state from controller 'left' failed: Could not reach light controller at http://10.27.27.110/json/state: <urlopen error [Errno 113] No route to host>
lightss fleet: get_state from controller 'left' failed: Could not reach light controller at http://10.27.27.110/json/state: <urlopen error [Errno 113] No route to host>
lightss.fleet: post_state to controller 'left' failed: Could not reach light controller at http://10.27.27.110/json/state: <urlopen error [Errno 113] No route to host>
lightss fleet: post_state to controller 'left' failed: Could not reach light controller at http://10.27.27.110/json/state: <urlopen error [Errno 113] No route to host>
lightss.fleet: get_state from controller 'right' failed: Could not reach light controller at http://10.27.27.112/json/state: <urlopen error [Errno 113] No route to host>
lightss fleet: get_state from controller 'right' failed: Could not reach light controller at http://10.27.27.112/json/state: <urlopen error [Errno 113] No route to host>
lightss.fleet: post_state to controller 'right' failed: Could not reach light controller at http://10.27.27.112/json/state: <urlopen error [Errno 113] No route to host>
lightss fleet: post_state to controller 'right' failed: Could not reach light controller at http://10.27.27.112/json/state: <urlopen error [Errno 113] No route to host>
lightss.fleet: get_state from controller 'left' failed: Could not reach light controller at http://10.27.27.110/json/state: <urlopen error [Errno 113] No route to host>
lightss fleet: get_state from controller 'left' failed: Could not reach light controller at http://10.27.27.110/json/state: <urlopen error [Errno 113] No route to host>
lightss.fleet: get_state from controller 'right' failed: Could not reach light controller at http://10.27.27.112/json/state: <urlopen error [Errno 113] No route to host>
lightss fleet: get_state from controller 'right' failed: Could not reach light controller at http://10.27.27.112/json/state: <urlopen error [Errno 113] No route to host>
lightss.fleet: get_state from controller 'left' failed: Could not reach light controller at http://10.27.27.110/json/state: <urlopen error [Errno 113] No route to host>
lightss fleet: get_state from controller 'left' failed: Could not reach light controller at http://10.27.27.110/json/state: <urlopen error [Errno 113] No route to host>
lightss.fleet: get_state from controller 'right' failed: Could not reach light controller at http://10.27.27.112/json/state: <urlopen error [Errno 113] No route to host>
lightss fleet: get_state from controller 'right' failed: Could not reach light controller at http://10.27.27.112/json/state: <urlopen error [Errno 113] No route to host>
lightss.fleet: post_state to controller 'left' failed: Could not reach light controller at http://10.27.27.110/json/state: <urlopen error [Errno 113] No route to host>
lightss fleet: post_state to controller 'left' failed: Could not reach light controller at http://10.27.27.110/json/state: <urlopen error [Errno 113] No route to host>
lightss.fleet: post_state to controller 'right' failed: Could not reach light controller at http://10.27.27.112/json/state: <urlopen error [Errno 113] No route to host>
lightss fleet: post_state to controller 'right' failed: Could not reach light controller at http://10.27.27.112/json/state: <urlopen error [Errno 113] No route to host>
lightss.fleet: get_state from controller 'left' failed: Could not reach light controller at http://10.27.27.110/json/state: <urlopen error [Errno 113] No route to host>
lightss fleet: get_state from controller 'left' failed: Could not reach light controller at http://10.27.27.110/json/state: <urlopen error [Errno 113] No route to host>
lightss.fleet: get_state from controller 'right' failed: Could not reach light controller at http://10.27.27.112/json/state: <urlopen error [Errno 113] No route to host>
lightss fleet: get_state from controller 'right' failed: Could not reach light controller at http://10.27.27.112/json/state: <urlopen error [Errno 113] No route to host>
lightss.fleet: post_state to controller 'left' failed: Could not reach light controller at http://10.27.27.110/json/state: <urlopen error [Errno 113] No route to host>
lightss fleet: post_state to controller 'left' failed: Could not reach light controller at http://10.27.27.110/json/state: <urlopen error [Errno 113] No route to host>
lightss.fleet: post_state to controller 'right' failed: Could not reach light controller at http://10.27.27.112/json/state: <urlopen error [Errno 113] No route to host>
lightss fleet: post_state to controller 'right' failed: Could not reach light controller at http://10.27.27.112/json/state: <urlopen error [Errno 113] No route to host>
lightss.fleet: get_state from controller 'left' failed: Could not reach light controller at http://10.27.27.110/json/state: <urlopen error [Errno 113] No route to host>
lightss fleet: get_state from controller 'left' failed: Could not reach light controller at http://10.27.27.110/json/state: <urlopen error [Errno 113] No route to host>
lightss.fleet: get_state from controller 'right' failed: Could not reach light controller at http://10.27.27.112/json/state: <urlopen error [Errno 113] No route to host>
lightss fleet: get_state from controller 'right' failed: Could not reach light controller at http://10.27.27.112/json/state: <urlopen error [Errno 113] No route to host>
lightss.fleet: get_state from controller 'left' failed: Could not reach light controller at http://10.27.27.110/json/state: <urlopen error [Errno 113] No route to host>
lightss fleet: get_state from controller 'left' failed: Could not reach light controller at http://10.27.27.110/json/state: <urlopen error [Errno 113] No route to host>
lightss.fleet: post_state to controller 'left' failed: Could not reach light controller at http://10.27.27.110/json/state: <urlopen error [Errno 113] No route to host>
lightss fleet: post_state to controller 'left' failed: Could not reach light controller at http://10.27.27.110/json/state: <urlopen error [Errno 113] No route to host>
lightss.fleet: get_state from controller 'right' failed: Could not reach light controller at http://10.27.27.112/json/state: <urlopen error [Errno 113] No route to host>
lightss fleet: get_state from controller 'right' failed: Could not reach light controller at http://10.27.27.112/json/state: <urlopen error [Errno 113] No route to host>
lightss.fleet: post_state to controller 'right' failed: Could not reach light controller at http://10.27.27.112/json/state: <urlopen error [Errno 113] No route to host>
lightss fleet: post_state to controller 'right' failed: Could not reach light controller at http://10.27.27.112/json/state: <urlopen error [Errno 113] No route to host>
lightss.fleet: get_state from controller 'left' failed: Could not reach light controller at http://10.27.27.110/json/state: <urlopen error [Errno 113] No route to host>
lightss fleet: get_state from controller 'left' failed: Could not reach light controller at http://10.27.27.110/json/state: <urlopen error [Errno 113] No route to host>
lightss.fleet: get_state from controller 'right' failed: Could not reach light controller at http://10.27.27.112/json/state: <urlopen error [Errno 113] No route to host>
lightss fleet: get_state from controller 'right' failed: Could not reach light controller at http://10.27.27.112/json/state: <urlopen error [Errno 113] No route to host>
lightss.fleet: post_state to controller 'left' failed: Could not reach light controller at http://10.27.27.110/json/state: <urlopen error [Errno 113] No route to host>
lightss fleet: post_state to controller 'left' failed: Could not reach light controller at http://10.27.27.110/json/state: <urlopen error [Errno 113] No route to host>
lightss.fleet: get_state from controller 'left' failed: Could not reach light controller at http://10.27.27.110/json/state: <urlopen error [Errno 113] No route to host>
lightss fleet: get_state from controller 'left' failed: Could not reach light controller at http://10.27.27.110/json/state: <urlopen error [Errno 113] No route to host>
lightss.fleet: post_state to controller 'right' failed: Could not reach light controller at http://10.27.27.112/json/state: <urlopen error [Errno 113] No route to host>
lightss fleet: post_state to controller 'right' failed: Could not reach light controller at http://10.27.27.112/json/state: <urlopen error [Errno 113] No route to host>
lightss.fleet: get_state from controller 'right' failed: Could not reach light controller at http://10.27.27.112/json/state: <urlopen error [Errno 113] No route to host>
lightss fleet: get_state from controller 'right' failed: Could not reach light controller at http://10.27.27.112/json/state: <urlopen error [Errno 113] No route to host>
lightss.fleet: get_state from controller 'left' failed: Could not reach light controller at http://10.27.27.110/json/state: <urlopen error [Errno 113] No route to host>
lightss fleet: get_state from controller 'left' failed: Could not reach light controller at http://10.27.27.110/json/state: <urlopen error [Errno 113] No route to host>
lightss.fleet: get_state from controller 'right' failed: Could not reach light controller at http://10.27.27.112/json/state: <urlopen error [Errno 113] No route to host>
lightss fleet: get_state from controller 'right' failed: Could not reach light controller at http://10.27.27.112/json/state: <urlopen error [Errno 113] No route to host>
lightss.fleet: post_state to controller 'left' failed: Could not reach light controller at http://10.27.27.110/json/state: <urlopen error [Errno 113] No route to host>
lightss fleet: post_state to controller 'left' failed: Could not reach light controller at http://10.27.27.110/json/state: <urlopen error [Errno 113] No route to host>
lightss.fleet: post_state to controller 'right' failed: Could not reach light controller at http://10.27.27.112/json/state: <urlopen error [Errno 113] No route to host>
lightss fleet: post_state to controller 'right' failed: Could not reach light controller at http://10.27.27.112/json/state: <urlopen error [Errno 113] No route to host>
lightss.fleet: get_state from controller 'left' failed: Could not reach light controller at http://10.27.27.110/json/state: <urlopen error [Errno 113] No route to host>
lightss fleet: get_state from controller 'left' failed: Could not reach light controller at http://10.27.27.110/json/state: <urlopen error [Errno 113] No route to host>
lightss.fleet: get_state from controller 'right' failed: Could not reach light controller at http://10.27.27.112/json/state: <urlopen error [Errno 113] No route to host>
lightss fleet: get_state from controller 'right' failed: Could not reach light controller at http://10.27.27.112/json/state: <urlopen error [Errno 113] No route to host>
lightss.fleet: post_state to controller 'left' failed: Could not reach light controller at http://10.27.27.110/json/state: <urlopen error [Errno 113] No route to host>
lightss fleet: post_state to controller 'left' failed: Could not reach light controller at http://10.27.27.110/json/state: <urlopen error [Errno 113] No route to host>
lightss.fleet: get_state from controller 'left' failed: Could not reach light controller at http://10.27.27.110/json/state: <urlopen error [Errno 113] No route to host>
lightss fleet: get_state from controller 'left' failed: Could not reach light controller at http://10.27.27.110/json/state: <urlopen error [Errno 113] No route to host>
lightss.fleet: post_state to controller 'right' failed: Could not reach light controller at http://10.27.27.112/json/state: <urlopen error [Errno 113] No route to host>
lightss fleet: post_state to controller 'right' failed: Could not reach light controller at http://10.27.27.112/json/state: <urlopen error [Errno 113] No route to host>
lightss.fleet: get_state from controller 'right' failed: Could not reach light controller at http://10.27.27.112/json/state: <urlopen error [Errno 113] No route to host>
lightss fleet: get_state from controller 'right' failed: Could not reach light controller at http://10.27.27.112/json/state: <urlopen error [Errno 113] No route to host>
lightss.fleet: get_state from controller 'left' failed: Could not reach light controller at http://10.27.27.110/json/state: <urlopen error [Errno 113] No route to host>
lightss fleet: get_state from controller 'left' failed: Could not reach light controller at http://10.27.27.110/json/state: <urlopen error [Errno 113] No route to host>
lightss.fleet: get_state from controller 'right' failed: Could not reach light controller at http://10.27.27.112/json/state: <urlopen error [Errno 113] No route to host>
lightss fleet: get_state from controller 'right' failed: Could not reach light controller at http://10.27.27.112/json/state: <urlopen error [Errno 113] No route to host>
lightss.fleet: post_state to controller 'left' failed: Could not reach light controller at http://10.27.27.110/json/state: <urlopen error [Errno 113] No route to host>
lightss fleet: post_state to controller 'left' failed: Could not reach light controller at http://10.27.27.110/json/state: <urlopen error [Errno 113] No route to host>
lightss.fleet: post_state to controller 'right' failed: Could not reach light controller at http://10.27.27.112/json/state: <urlopen error [Errno 113] No route to host>
lightss fleet: post_state to controller 'right' failed: Could not reach light controller at http://10.27.27.112/json/state: <urlopen error [Errno 113] No route to host>
lightss.fleet: get_state from controller 'left' failed: Could not reach light controller at http://10.27.27.110/json/state: <urlopen error [Errno 113] No route to host>
lightss fleet: get_state from controller 'left' failed: Could not reach light controller at http://10.27.27.110/json/state: <urlopen error [Errno 113] No route to host>
lightss.fleet: get_state from controller 'right' failed: Could not reach light controller at http://10.27.27.112/json/state: <urlopen error [Errno 113] No route to host>
lightss fleet: get_state from controller 'right' failed: Could not reach light controller at http://10.27.27.112/json/state: <urlopen error [Errno 113] No route to host>
lightss.fleet: post_state to controller 'left' failed: Could not reach light controller at http://10.27.27.110/json/state: <urlopen error [Errno 113] No route to host>
lightss fleet: post_state to controller 'left' failed: Could not reach light controller at http://10.27.27.110/json/state: <urlopen error [Errno 113] No route to host>
lightss.fleet: post_state to controller 'right' failed: Could not reach light controller at http://10.27.27.112/json/state: <urlopen error [Errno 113] No route to host>
lightss fleet: post_state to controller 'right' failed: Could not reach light controller at http://10.27.27.112/json/state: <urlopen error [Errno 113] No route to host>
lightss.fleet: get_state from controller 'left' failed: Could not reach light controller at http://10.27.27.110/json/state: <urlopen error [Errno 113] No route to host>
lightss fleet: get_state from controller 'left' failed: Could not reach light controller at http://10.27.27.110/json/state: <urlopen error [Errno 113] No route to host>
lightss.fleet: get_state from controller 'right' failed: Could not reach light controller at http://10.27.27.112/json/state: <urlopen error [Errno 113] No route to host>
lightss fleet: get_state from controller 'right' failed: Could not reach light controller at http://10.27.27.112/json/state: <urlopen error [Errno 113] No route to host>
lightss.fleet: get_state from controller 'left' failed: Could not reach light controller at http://10.27.27.110/json/state: <urlopen error [Errno 113] No route to host>
lightss fleet: get_state from controller 'left' failed: Could not reach light controller at http://10.27.27.110/json/state: <urlopen error [Errno 113] No route to host>
lightss.fleet: get_state from controller 'right' failed: Could not reach light controller at http://10.27.27.112/json/state: <urlopen error [Errno 113] No route to host>
lightss fleet: get_state from controller 'right' failed: Could not reach light controller at http://10.27.27.112/json/state: <urlopen error [Errno 113] No route to host>
lightss.fleet: post_state to controller 'left' failed: Could not reach light controller at http://10.27.27.110/json/state: <urlopen error [Errno 113] No route to host>
lightss fleet: post_state to controller 'left' failed: Could not reach light controller at http://10.27.27.110/json/state: <urlopen error [Errno 113] No route to host>
lightss.fleet: get_state from controller 'left' failed: Could not reach light controller at http://10.27.27.110/json/state: <urlopen error [Errno 113] No route to host>
lightss fleet: get_state from controller 'left' failed: Could not reach light controller at http://10.27.27.110/json/state: <urlopen error [Errno 113] No route to host>
lightss.fleet: post_state to controller 'right' failed: Could not reach light controller at http://10.27.27.112/json/state: <urlopen error [Errno 113] No route to host>
lightss fleet: post_state to controller 'right' failed: Could not reach light controller at http://10.27.27.112/json/state: <urlopen error [Errno 113] No route to host>
lightss.fleet: get_state from controller 'right' failed: Could not reach light controller at http://10.27.27.112/json/state: <urlopen error [Errno 113] No route to host>
lightss fleet: get_state from controller 'right' failed: Could not reach light controller at http://10.27.27.112/json/state: <urlopen error [Errno 113] No route to host>
lightss.fleet: post_state to controller 'left' failed: Could not reach light controller at http://10.27.27.110/json/state: <urlopen error [Errno 113] No route to host>
lightss fleet: post_state to controller 'left' failed: Could not reach light controller at http://10.27.27.110/json/state: <urlopen error [Errno 113] No route to host>
lightss.fleet: post_state to controller 'right' failed: Could not reach light controller at http://10.27.27.112/json/state: <urlopen error [Errno 113] No route to host>
lightss fleet: post_state to controller 'right' failed: Could not reach light controller at http://10.27.27.112/json/state: <urlopen error [Errno 113] No route to host>
lightss.fleet: get_state from controller 'left' failed: Could not reach light controller at http://10.27.27.110/json/state: <urlopen error [Errno 113] No route to host>
lightss fleet: get_state from controller 'left' failed: Could not reach light controller at http://10.27.27.110/json/state: <urlopen error [Errno 113] No route to host>
lightss.fleet: get_state from controller 'right' failed: Could not reach light controller at http://10.27.27.112/json/state: <urlopen error [Errno 113] No route to host>
lightss fleet: get_state from controller 'right' failed: Could not reach light controller at http://10.27.27.112/json/state: <urlopen error [Errno 113] No route to host>
lightss.fleet: get_state from controller 'left' failed: Could not reach light controller at http://10.27.27.110/json/state: <urlopen error [Errno 113] No route to host>
lightss fleet: get_state from controller 'left' failed: Could not reach light controller at http://10.27.27.110/json/state: <urlopen error [Errno 113] No route to host>
lightss.fleet: post_state to controller 'left' failed: Could not reach light controller at http://10.27.27.110/json/state: <urlopen error [Errno 113] No route to host>
lightss fleet: post_state to controller 'left' failed: Could not reach light controller at http://10.27.27.110/json/state: <urlopen error [Errno 113] No route to host>
lightss.fleet: get_state from controller 'right' failed: Could not reach light controller at http://10.27.27.112/json/state: <urlopen error [Errno 113] No route to host>
lightss fleet: get_state from controller 'right' failed: Could not reach light controller at http://10.27.27.112/json/state: <urlopen error [Errno 113] No route to host>
lightss.fleet: get_state from controller 'left' failed: Could not reach light controller at http://10.27.27.110/json/state: <urlopen error [Errno 113] No route to host>
lightss fleet: get_state from controller 'left' failed: Could not reach light controller at http://10.27.27.110/json/state: <urlopen error [Errno 113] No route to host>
lightss.fleet: post_state to controller 'right' failed: Could not reach light controller at http://10.27.27.112/json/state: <urlopen error [Errno 113] No route to host>
lightss fleet: post_state to controller 'right' failed: Could not reach light controller at http://10.27.27.112/json/state: <urlopen error [Errno 113] No route to host>
lightss.fleet: get_state from controller 'right' failed: Could not reach light controller at http://10.27.27.112/json/state: <urlopen error [Errno 113] No route to host>
lightss fleet: get_state from controller 'right' failed: Could not reach light controller at http://10.27.27.112/json/state: <urlopen error [Errno 113] No route to host>
lightss.fleet: post_state to controller 'left' failed: Could not reach light controller at http://10.27.27.110/json/state: <urlopen error [Errno 113] No route to host>
lightss fleet: post_state to controller 'left' failed: Could not reach light controller at http://10.27.27.110/json/state: <urlopen error [Errno 113] No route to host>
lightss.fleet: post_state to controller 'right' failed: Could not reach light controller at http://10.27.27.112/json/state: <urlopen error [Errno 113] No route to host>
lightss fleet: post_state to controller 'right' failed: Could not reach light controller at http://10.27.27.112/json/state: <urlopen error [Errno 113] No route to host>
lightss.fleet: get_state from controller 'left' failed: Could not reach light controller at http://10.27.27.110/json/state: <urlopen error [Errno 113] No route to host>
lightss fleet: get_state from controller 'left' failed: Could not reach light controller at http://10.27.27.110/json/state: <urlopen error [Errno 113] No route to host>
lightss.fleet: get_state from controller 'right' failed: Could not reach light controller at http://10.27.27.112/json/state: <urlopen error [Errno 113] No route to host>
lightss fleet: get_state from controller 'right' failed: Could not reach light controller at http://10.27.27.112/json/state: <urlopen error [Errno 113] No route to host>
lightss.fleet: get_state from controller 'left' failed: Could not reach light controller at http://10.27.27.110/json/state: <urlopen error [Errno 113] No route to host>
lightss fleet: get_state from controller 'left' failed: Could not reach light controller at http://10.27.27.110/json/state: <urlopen error [Errno 113] No route to host>
lightss.fleet: get_state from controller 'right' failed: Could not reach light controller at http://10.27.27.112/json/state: <urlopen error [Errno 113] No route to host>
lightss fleet: get_state from controller 'right' failed: Could not reach light controller at http://10.27.27.112/json/state: <urlopen error [Errno 113] No route to host>
lightss.fleet: post_state to controller 'left' failed: Could not reach light controller at http://10.27.27.110/json/state: <urlopen error [Errno 113] No route to host>
lightss fleet: post_state to controller 'left' failed: Could not reach light controller at http://10.27.27.110/json/state: <urlopen error [Errno 113] No route to host>
lightss.fleet: post_state to controller 'right' failed: Could not reach light controller at http://10.27.27.112/json/state: <urlopen error [Errno 113] No route to host>
lightss fleet: post_state to controller 'right' failed: Could not reach light controller at http://10.27.27.112/json/state: <urlopen error [Errno 113] No route to host>
lightss.fleet: get_state from controller 'left' failed: Could not reach light controller at http://10.27.27.110/json/state: <urlopen error [Errno 113] No route to host>
lightss fleet: get_state from controller 'left' failed: Could not reach light controller at http://10.27.27.110/json/state: <urlopen error [Errno 113] No route to host>
lightss.fleet: get_state from controller 'right' failed: Could not reach light controller at http://10.27.27.112/json/state: <urlopen error [Errno 113] No route to host>
lightss fleet: get_state from controller 'right' failed: Could not reach light controller at http://10.27.27.112/json/state: <urlopen error [Errno 113] No route to host>
lightss.fleet: post_state to controller 'left' failed: Could not reach light controller at http://10.27.27.110/json/state: <urlopen error [Errno 113] No route to host>
lightss fleet: post_state to controller 'left' failed: Could not reach light controller at http://10.27.27.110/json/state: <urlopen error [Errno 113] No route to host>
lightss.fleet: post_state to controller 'right' failed: Could not reach light controller at http://10.27.27.112/json/state: <urlopen error [Errno 113] No route to host>
lightss fleet: post_state to controller 'right' failed: Could not reach light controller at http://10.27.27.112/json/state: <urlopen error [Errno 113] No route to host>
lightss.fleet: get_state from controller 'left' failed: Could not reach light controller at http://10.27.27.110/json/state: <urlopen error [Errno 113] No route to host>
lightss fleet: get_state from controller 'left' failed: Could not reach light controller at http://10.27.27.110/json/state: <urlopen error [Errno 113] No route to host>
lightss.fleet: get_state from controller 'right' failed: Could not reach light controller at http://10.27.27.112/json/state: <urlopen error [Errno 113] No route to host>
lightss fleet: get_state from controller 'right' failed: Could not reach light controller at http://10.27.27.112/json/state: <urlopen error [Errno 113] No route to host>
lightss.fleet: get_state from controller 'left' failed: Could not reach light controller at http://10.27.27.110/json/state: <urlopen error [Errno 113] No route to host>
lightss fleet: get_state from controller 'left' failed: Could not reach light controller at http://10.27.27.110/json/state: <urlopen error [Errno 113] No route to host>
lightss.fleet: post_state to controller 'left' failed: Could not reach light controller at http://10.27.27.110/json/state: <urlopen error [Errno 113] No route to host>
lightss fleet: post_state to controller 'left' failed: Could not reach light controller at http://10.27.27.110/json/state: <urlopen error [Errno 113] No route to host>
lightss.fleet: get_state from controller 'right' failed: Could not reach light controller at http://10.27.27.112/json/state: <urlopen error [Errno 113] No route to host>
lightss fleet: get_state from controller 'right' failed: Could not reach light controller at http://10.27.27.112/json/state: <urlopen error [Errno 113] No route to host>
lightss.fleet: post_state to controller 'right' failed: Could not reach light controller at http://10.27.27.112/json/state: <urlopen error [Errno 113] No route to host>
lightss fleet: post_state to controller 'right' failed: Could not reach light controller at http://10.27.27.112/json/state: <urlopen error [Errno 113] No route to host>
lightss.fleet: get_state from controller 'left' failed: Could not reach light controller at http://10.27.27.110/json/state: <urlopen error [Errno 113] No route to host>
lightss fleet: get_state from controller 'left' failed: Could not reach light controller at http://10.27.27.110/json/state: <urlopen error [Errno 113] No route to host>
lightss.fleet: post_state to controller 'left' failed: Could not reach light controller at http://10.27.27.110/json/state: <urlopen error [Errno 113] No route to host>
lightss fleet: post_state to controller 'left' failed: Could not reach light controller at http://10.27.27.110/json/state: <urlopen error [Errno 113] No route to host>
lightss.fleet: get_state from controller 'right' failed: Could not reach light controller at http://10.27.27.112/json/state: <urlopen error [Errno 113] No route to host>
lightss fleet: get_state from controller 'right' failed: Could not reach light controller at http://10.27.27.112/json/state: <urlopen error [Errno 113] No route to host>
lightss.fleet: post_state to controller 'right' failed: Could not reach light controller at http://10.27.27.112/json/state: <urlopen error [Errno 113] No route to host>
lightss fleet: post_state to controller 'right' failed: Could not reach light controller at http://10.27.27.112/json/state: <urlopen error [Errno 113] No route to host>
lightss.fleet: get_state from controller 'left' failed: Could not reach light controller at http://10.27.27.110/json/state: <urlopen error [Errno 113] No route to host>
lightss fleet: get_state from controller 'left' failed: Could not reach light controller at http://10.27.27.110/json/state: <urlopen error [Errno 113] No route to host>
lightss.fleet: get_state from controller 'right' failed: Could not reach light controller at http://10.27.27.112/json/state: <urlopen error [Errno 113] No route to host>
lightss fleet: get_state from controller 'right' failed: Could not reach light controller at http://10.27.27.112/json/state: <urlopen error [Errno 113] No route to host>
lightss.fleet: get_state from controller 'left' failed: Could not reach light controller at http://10.27.27.110/json/state: <urlopen error [Errno 113] No route to host>
lightss fleet: get_state from controller 'left' failed: Could not reach light controller at http://10.27.27.110/json/state: <urlopen error [Errno 113] No route to host>
lightss.fleet: get_state from controller 'right' failed: Could not reach light controller at http://10.27.27.112/json/state: <urlopen error [Errno 113] No route to host>
lightss fleet: get_state from controller 'right' failed: Could not reach light controller at http://10.27.27.112/json/state: <urlopen error [Errno 113] No route to host>
lightss.fleet: post_state to controller 'left' failed: Could not reach light controller at http://10.27.27.110/json/state: <urlopen error [Errno 113] No route to host>
lightss fleet: post_state to controller 'left' failed: Could not reach light controller at http://10.27.27.110/json/state: <urlopen error [Errno 113] No route to host>
lightss.fleet: get_state from controller 'left' failed: Could not reach light controller at http://10.27.27.110/json/state: <urlopen error [Errno 113] No route to host>
lightss fleet: get_state from controller 'left' failed: Could not reach light controller at http://10.27.27.110/json/state: <urlopen error [Errno 113] No route to host>
lightss.fleet: post_state to controller 'right' failed: Could not reach light controller at http://10.27.27.112/json/state: <urlopen error [Errno 113] No route to host>
lightss fleet: post_state to controller 'right' failed: Could not reach light controller at http://10.27.27.112/json/state: <urlopen error [Errno 113] No route to host>
lightss.fleet: get_state from controller 'right' failed: Could not reach light controller at http://10.27.27.112/json/state: <urlopen error [Errno 113] No route to host>
lightss fleet: get_state from controller 'right' failed: Could not reach light controller at http://10.27.27.112/json/state: <urlopen error [Errno 113] No route to host>
lightss.fleet: post_state to controller 'left' failed: Could not reach light controller at http://10.27.27.110/json/state: <urlopen error [Errno 113] No route to host>
lightss fleet: post_state to controller 'left' failed: Could not reach light controller at http://10.27.27.110/json/state: <urlopen error [Errno 113] No route to host>
lightss.fleet: post_state to controller 'right' failed: Could not reach light controller at http://10.27.27.112/json/state: <urlopen error [Errno 113] No route to host>
lightss fleet: post_state to controller 'right' failed: Could not reach light controller at http://10.27.27.112/json/state: <urlopen error [Errno 113] No route to host>
lightss.fleet: get_state from controller 'left' failed: Could not reach light controller at http://10.27.27.110/json/state: <urlopen error [Errno 113] No route to host>
lightss fleet: get_state from controller 'left' failed: Could not reach light controller at http://10.27.27.110/json/state: <urlopen error [Errno 113] No route to host>
lightss.fleet: get_state from controller 'right' failed: Could not reach light controller at http://10.27.27.112/json/state: <urlopen error [Errno 113] No route to host>
lightss fleet: get_state from controller 'right' failed: Could not reach light controller at http://10.27.27.112/json/state: <urlopen error [Errno 113] No route to host>
lightss.fleet: get_state from controller 'left' failed: Could not reach light controller at http://10.27.27.110/json/state: <urlopen error [Errno 113] No route to host>
lightss fleet: get_state from controller 'left' failed: Could not reach light controller at http://10.27.27.110/json/state: <urlopen error [Errno 113] No route to host>
lightss.fleet: get_state from controller 'right' failed: Could not reach light controller at http://10.27.27.112/json/state: <urlopen error [Errno 113] No route to host>
lightss fleet: get_state from controller 'right' failed: Could not reach light controller at http://10.27.27.112/json/state: <urlopen error [Errno 113] No route to host>
lightss.fleet: post_state to controller 'left' failed: Could not reach light controller at http://10.27.27.110/json/state: <urlopen error [Errno 113] No route to host>
lightss fleet: post_state to controller 'left' failed: Could not reach light controller at http://10.27.27.110/json/state: <urlopen error [Errno 113] No route to host>
lightss.fleet: post_state to controller 'right' failed: Could not reach light controller at http://10.27.27.112/json/state: <urlopen error [Errno 113] No route to host>
lightss fleet: post_state to controller 'right' failed: Could not reach light controller at http://10.27.27.112/json/state: <urlopen error [Errno 113] No route to host>
lightss.fleet: get_state from controller 'left' failed: Could not reach light controller at http://10.27.27.110/json/state: <urlopen error [Errno 113] No route to host>
lightss fleet: get_state from controller 'left' failed: Could not reach light controller at http://10.27.27.110/json/state: <urlopen error [Errno 113] No route to host>
lightss.fleet: post_state to controller 'left' failed: Could not reach light controller at http://10.27.27.110/json/state: <urlopen error [Errno 113] No route to host>
lightss fleet: post_state to controller 'left' failed: Could not reach light controller at http://10.27.27.110/json/state: <urlopen error [Errno 113] No route to host>
lightss.fleet: get_state from controller 'right' failed: Could not reach light controller at http://10.27.27.112/json/state: <urlopen error [Errno 113] No route to host>
lightss fleet: get_state from controller 'right' failed: Could not reach light controller at http://10.27.27.112/json/state: <urlopen error [Errno 113] No route to host>
lightss.fleet: post_state to controller 'right' failed: Could not reach light controller at http://10.27.27.112/json/state: <urlopen error [Errno 113] No route to host>
lightss fleet: post_state to controller 'right' failed: Could not reach light controller at http://10.27.27.112/json/state: <urlopen error [Errno 113] No route to host>
lightss.fleet: get_state from controller 'left' failed: Could not reach light controller at http://10.27.27.110/json/state: <urlopen error [Errno 113] No route to host>
lightss fleet: get_state from controller 'left' failed: Could not reach light controller at http://10.27.27.110/json/state: <urlopen error [Errno 113] No route to host>
lightss.fleet: get_state from controller 'right' failed: Could not reach light controller at http://10.27.27.112/json/state: <urlopen error [Errno 113] No route to host>
lightss fleet: get_state from controller 'right' failed: Could not reach light controller at http://10.27.27.112/json/state: <urlopen error [Errno 113] No route to host>
lightss.fleet: get_state from controller 'left' failed: Could not reach light controller at http://10.27.27.110/json/state: <urlopen error [Errno 113] No route to host>
lightss fleet: get_state from controller 'left' failed: Could not reach light controller at http://10.27.27.110/json/state: <urlopen error [Errno 113] No route to host>
lightss.fleet: get_state from controller 'right' failed: Could not reach light controller at http://10.27.27.112/json/state: <urlopen error [Errno 113] No route to host>
lightss fleet: get_state from controller 'right' failed: Could not reach light controller at http://10.27.27.112/json/state: <urlopen error [Errno 113] No route to host>
lightss.fleet: post_state to controller 'left' failed: Could not reach light controller at http://10.27.27.110/json/state: <urlopen error [Errno 113] No route to host>
lightss fleet: post_state to controller 'left' failed: Could not reach light controller at http://10.27.27.110/json/state: <urlopen error [Errno 113] No route to host>
lightss.fleet: post_state to controller 'right' failed: Could not reach light controller at http://10.27.27.112/json/state: <urlopen error [Errno 113] No route to host>
lightss fleet: post_state to controller 'right' failed: Could not reach light controller at http://10.27.27.112/json/state: <urlopen error [Errno 113] No route to host>
lightss.fleet: get_state from controller 'left' failed: Could not reach light controller at http://10.27.27.110/json/state: <urlopen error [Errno 113] No route to host>
lightss fleet: get_state from controller 'left' failed: Could not reach light controller at http://10.27.27.110/json/state: <urlopen error [Errno 113] No route to host>
lightss.fleet: get_state from controller 'right' failed: Could not reach light controller at http://10.27.27.112/json/state: <urlopen error [Errno 113] No route to host>
lightss fleet: get_state from controller 'right' failed: Could not reach light controller at http://10.27.27.112/json/state: <urlopen error [Errno 113] No route to host>
lightss.fleet: post_state to controller 'left' failed: Could not reach light controller at http://10.27.27.110/json/state: <urlopen error [Errno 113] No route to host>
lightss fleet: post_state to controller 'left' failed: Could not reach light controller at http://10.27.27.110/json/state: <urlopen error [Errno 113] No route to host>
lightss.fleet: post_state to controller 'right' failed: Could not reach light controller at http://10.27.27.112/json/state: <urlopen error [Errno 113] No route to host>
lightss fleet: post_state to controller 'right' failed: Could not reach light controller at http://10.27.27.112/json/state: <urlopen error [Errno 113] No route to host>
lightss.fleet: get_state from controller 'left' failed: Could not reach light controller at http://10.27.27.110/json/state: <urlopen error [Errno 113] No route to host>
lightss fleet: get_state from controller 'left' failed: Could not reach light controller at http://10.27.27.110/json/state: <urlopen error [Errno 113] No route to host>
lightss.fleet: get_state from controller 'right' failed: Could not reach light controller at http://10.27.27.112/json/state: <urlopen error [Errno 113] No route to host>
lightss fleet: get_state from controller 'right' failed: Could not reach light controller at http://10.27.27.112/json/state: <urlopen error [Errno 113] No route to host>
lightss.fleet: get_state from controller 'left' failed: Could not reach light controller at http://10.27.27.110/json/state: <urlopen error [Errno 113] No route to host>
lightss fleet: get_state from controller 'left' failed: Could not reach light controller at http://10.27.27.110/json/state: <urlopen error [Errno 113] No route to host>
lightss.fleet: get_state from controller 'right' failed: Could not reach light controller at http://10.27.27.112/json/state: <urlopen error [Errno 113] No route to host>
lightss fleet: get_state from controller 'right' failed: Could not reach light controller at http://10.27.27.112/json/state: <urlopen error [Errno 113] No route to host>
lightss.fleet: post_state to controller 'left' failed: Could not reach light controller at http://10.27.27.110/json/state: <urlopen error [Errno 113] No route to host>
lightss fleet: post_state to controller 'left' failed: Could not reach light controller at http://10.27.27.110/json/state: <urlopen error [Errno 113] No route to host>
lightss.fleet: post_state to controller 'right' failed: Could not reach light controller at http://10.27.27.112/json/state: <urlopen error [Errno 113] No route to host>
lightss fleet: post_state to controller 'right' failed: Could not reach light controller at http://10.27.27.112/json/state: <urlopen error [Errno 113] No route to host>
lightss.fleet: get_state from controller 'left' failed: Could not reach light controller at http://10.27.27.110/json/state: <urlopen error [Errno 113] No route to host>
lightss fleet: get_state from controller 'left' failed: Could not reach light controller at http://10.27.27.110/json/state: <urlopen error [Errno 113] No route to host>
lightss.fleet: post_state to controller 'left' failed: Could not reach light controller at http://10.27.27.110/json/state: <urlopen error [Errno 113] No route to host>
lightss fleet: post_state to controller 'left' failed: Could not reach light controller at http://10.27.27.110/json/state: <urlopen error [Errno 113] No route to host>
lightss.fleet: get_state from controller 'right' failed: Could not reach light controller at http://10.27.27.112/json/state: <urlopen error [Errno 113] No route to host>
lightss fleet: get_state from controller 'right' failed: Could not reach light controller at http://10.27.27.112/json/state: <urlopen error [Errno 113] No route to host>
lightss.fleet: post_state to controller 'right' failed: Could not reach light controller at http://10.27.27.112/json/state: <urlopen error [Errno 113] No route to host>
lightss fleet: post_state to controller 'right' failed: Could not reach light controller at http://10.27.27.112/json/state: <urlopen error [Errno 113] No route to host>
lightss.fleet: get_state from controller 'left' failed: Could not reach light controller at http://10.27.27.110/json/state: <urlopen error [Errno 113] No route to host>
lightss fleet: get_state from controller 'left' failed: Could not reach light controller at http://10.27.27.110/json/state: <urlopen error [Errno 113] No route to host>
lightss.fleet: get_state from controller 'right' failed: Could not reach light controller at http://10.27.27.112/json/state: <urlopen error [Errno 113] No route to host>
lightss fleet: get_state from controller 'right' failed: Could not reach light controller at http://10.27.27.112/json/state: <urlopen error [Errno 113] No route to host>
lightss.fleet: get_state from controller 'left' failed: Could not reach light controller at http://10.27.27.110/json/state: <urlopen error [Errno 113] No route to host>
lightss fleet: get_state from controller 'left' failed: Could not reach light controller at http://10.27.27.110/json/state: <urlopen error [Errno 113] No route to host>
lightss.fleet: get_state from controller 'right' failed: Could not reach light controller at http://10.27.27.112/json/state: <urlopen error [Errno 113] No route to host>
lightss fleet: get_state from controller 'right' failed: Could not reach light controller at http://10.27.27.112/json/state: <urlopen error [Errno 113] No route to host>
lightss.fleet: post_state to controller 'left' failed: Could not reach light controller at http://10.27.27.110/json/state: <urlopen error [Errno 113] No route to host>
lightss fleet: post_state to controller 'left' failed: Could not reach light controller at http://10.27.27.110/json/state: <urlopen error [Errno 113] No route to host>
lightss.fleet: post_state to controller 'right' failed: Could not reach light controller at http://10.27.27.112/json/state: <urlopen error [Errno 113] No route to host>
lightss fleet: post_state to controller 'right' failed: Could not reach light controller at http://10.27.27.112/json/state: <urlopen error [Errno 113] No route to host>
lightss.fleet: get_state from controller 'left' failed: Could not reach light controller at http://10.27.27.110/json/state: <urlopen error [Errno 113] No route to host>
lightss fleet: get_state from controller 'left' failed: Could not reach light controller at http://10.27.27.110/json/state: <urlopen error [Errno 113] No route to host>
lightss.fleet: post_state to controller 'left' failed: Could not reach light controller at http://10.27.27.110/json/state: <urlopen error [Errno 113] No route to host>
lightss fleet: post_state to controller 'left' failed: Could not reach light controller at http://10.27.27.110/json/state: <urlopen error [Errno 113] No route to host>
lightss.fleet: get_state from controller 'right' failed: Could not reach light controller at http://10.27.27.112/json/state: <urlopen error [Errno 113] No route to host>
lightss fleet: get_state from controller 'right' failed: Could not reach light controller at http://10.27.27.112/json/state: <urlopen error [Errno 113] No route to host>
lightss.fleet: post_state to controller 'right' failed: Could not reach light controller at http://10.27.27.112/json/state: <urlopen error [Errno 113] No route to host>
lightss fleet: post_state to controller 'right' failed: Could not reach light controller at http://10.27.27.112/json/state: <urlopen error [Errno 113] No route to host>
lightss.fleet: get_state from controller 'left' failed: Could not reach light controller at http://10.27.27.110/json/state: <urlopen error [Errno 113] No route to host>
lightss fleet: get_state from controller 'left' failed: Could not reach light controller at http://10.27.27.110/json/state: <urlopen error [Errno 113] No route to host>
lightss.fleet: get_state from controller 'right' failed: Could not reach light controller at http://10.27.27.112/json/state: <urlopen error [Errno 113] No route to host>
lightss fleet: get_state from controller 'right' failed: Could not reach light controller at http://10.27.27.112/json/state: <urlopen error [Errno 113] No route to host>
lightss.fleet: get_state from controller 'left' failed: Could not reach light controller at http://10.27.27.110/json/state: <urlopen error [Errno 113] No route to host>
lightss fleet: get_state from controller 'left' failed: Could not reach light controller at http://10.27.27.110/json/state: <urlopen error [Errno 113] No route to host>
lightss.fleet: post_state to controller 'left' failed: Could not reach light controller at http://10.27.27.110/json/state: <urlopen error [Errno 113] No route to host>
lightss fleet: post_state to controller 'left' failed: Could not reach light controller at http://10.27.27.110/json/state: <urlopen error [Errno 113] No route to host>
lightss.fleet: get_state from controller 'right' failed: Could not reach light controller at http://10.27.27.112/json/state: <urlopen error [Errno 113] No route to host>
lightss fleet: get_state from controller 'right' failed: Could not reach light controller at http://10.27.27.112/json/state: <urlopen error [Errno 113] No route to host>
lightss.fleet: post_state to controller 'right' failed: Could not reach light controller at http://10.27.27.112/json/state: <urlopen error [Errno 113] No route to host>
lightss fleet: post_state to controller 'right' failed: Could not reach light controller at http://10.27.27.112/json/state: <urlopen error [Errno 113] No route to host>
lightss.fleet: get_state from controller 'left' failed: Could not reach light controller at http://10.27.27.110/json/state: <urlopen error [Errno 113] No route to host>
lightss fleet: get_state from controller 'left' failed: Could not reach light controller at http://10.27.27.110/json/state: <urlopen error [Errno 113] No route to host>
lightss.fleet: get_state from controller 'right' failed: Could not reach light controller at http://10.27.27.112/json/state: <urlopen error [Errno 113] No route to host>
lightss fleet: get_state from controller 'right' failed: Could not reach light controller at http://10.27.27.112/json/state: <urlopen error [Errno 113] No route to host>
lightss.fleet: post_state to controller 'left' failed: Could not reach light controller at http://10.27.27.110/json/state: <urlopen error [Errno 113] No route to host>
lightss fleet: post_state to controller 'left' failed: Could not reach light controller at http://10.27.27.110/json/state: <urlopen error [Errno 113] No route to host>
lightss.fleet: get_state from controller 'left' failed: Could not reach light controller at http://10.27.27.110/json/state: <urlopen error [Errno 113] No route to host>
lightss fleet: get_state from controller 'left' failed: Could not reach light controller at http://10.27.27.110/json/state: <urlopen error [Errno 113] No route to host>
lightss.fleet: post_state to controller 'right' failed: Could not reach light controller at http://10.27.27.112/json/state: <urlopen error [Errno 113] No route to host>
lightss fleet: post_state to controller 'right' failed: Could not reach light controller at http://10.27.27.112/json/state: <urlopen error [Errno 113] No route to host>
lightss.fleet: get_state from controller 'right' failed: Could not reach light controller at http://10.27.27.112/json/state: <urlopen error [Errno 113] No route to host>
lightss fleet: get_state from controller 'right' failed: Could not reach light controller at http://10.27.27.112/json/state: <urlopen error [Errno 113] No route to host>
lightss.fleet: get_state from controller 'left' failed: Could not reach light controller at http://10.27.27.110/json/state: <urlopen error [Errno 113] No route to host>
lightss fleet: get_state from controller 'left' failed: Could not reach light controller at http://10.27.27.110/json/state: <urlopen error [Errno 113] No route to host>
lightss.fleet: get_state from controller 'right' failed: Could not reach light controller at http://10.27.27.112/json/state: <urlopen error [Errno 113] No route to host>
lightss fleet: get_state from controller 'right' failed: Could not reach light controller at http://10.27.27.112/json/state: <urlopen error [Errno 113] No route to host>
lightss.fleet: post_state to controller 'left' failed: Could not reach light controller at http://10.27.27.110/json/state: <urlopen error [Errno 113] No route to host>
lightss fleet: post_state to controller 'left' failed: Could not reach light controller at http://10.27.27.110/json/state: <urlopen error [Errno 113] No route to host>
lightss.fleet: post_state to controller 'right' failed: Could not reach light controller at http://10.27.27.112/json/state: <urlopen error [Errno 113] No route to host>
lightss fleet: post_state to controller 'right' failed: Could not reach light controller at http://10.27.27.112/json/state: <urlopen error [Errno 113] No route to host>
lightss.fleet: get_state from controller 'left' failed: Could not reach light controller at http://10.27.27.110/json/state: <urlopen error [Errno 113] No route to host>
lightss fleet: get_state from controller 'left' failed: Could not reach light controller at http://10.27.27.110/json/state: <urlopen error [Errno 113] No route to host>
lightss.fleet: post_state to controller 'left' failed: Could not reach light controller at http://10.27.27.110/json/state: <urlopen error [Errno 113] No route to host>
lightss fleet: post_state to controller 'left' failed: Could not reach light controller at http://10.27.27.110/json/state: <urlopen error [Errno 113] No route to host>
lightss.fleet: get_state from controller 'right' failed: Could not reach light controller at http://10.27.27.112/json/state: <urlopen error [Errno 113] No route to host>
lightss fleet: get_state from controller 'right' failed: Could not reach light controller at http://10.27.27.112/json/state: <urlopen error [Errno 113] No route to host>
lightss.fleet: post_state to controller 'right' failed: Could not reach light controller at http://10.27.27.112/json/state: <urlopen error [Errno 113] No route to host>
lightss fleet: post_state to controller 'right' failed: Could not reach light controller at http://10.27.27.112/json/state: <urlopen error [Errno 113] No route to host>
lightss.fleet: get_state from controller 'left' failed: Could not reach light controller at http://10.27.27.110/json/state: <urlopen error [Errno 113] No route to host>
lightss fleet: get_state from controller 'left' failed: Could not reach light controller at http://10.27.27.110/json/state: <urlopen error [Errno 113] No route to host>
lightss.fleet: get_state from controller 'right' failed: Could not reach light controller at http://10.27.27.112/json/state: <urlopen error [Errno 113] No route to host>
lightss fleet: get_state from controller 'right' failed: Could not reach light controller at http://10.27.27.112/json/state: <urlopen error [Errno 113] No route to host>
lightss.fleet: get_state from controller 'left' failed: Could not reach light controller at http://10.27.27.110/json/state: <urlopen error [Errno 113] No route to host>
lightss fleet: get_state from controller 'left' failed: Could not reach light controller at http://10.27.27.110/json/state: <urlopen error [Errno 113] No route to host>
lightss.fleet: get_state from controller 'right' failed: Could not reach light controller at http://10.27.27.112/json/state: <urlopen error [Errno 113] No route to host>
lightss fleet: get_state from controller 'right' failed: Could not reach light controller at http://10.27.27.112/json/state: <urlopen error [Errno 113] No route to host>
lightss.fleet: post_state to controller 'left' failed: Could not reach light controller at http://10.27.27.110/json/state: <urlopen error [Errno 113] No route to host>
lightss fleet: post_state to controller 'left' failed: Could not reach light controller at http://10.27.27.110/json/state: <urlopen error [Errno 113] No route to host>
lightss.fleet: post_state to controller 'right' failed: Could not reach light controller at http://10.27.27.112/json/state: <urlopen error [Errno 113] No route to host>
lightss fleet: post_state to controller 'right' failed: Could not reach light controller at http://10.27.27.112/json/state: <urlopen error [Errno 113] No route to host>
lightss.fleet: get_state from controller 'left' failed: Could not reach light controller at http://10.27.27.110/json/state: <urlopen error [Errno 113] No route to host>
lightss fleet: get_state from controller 'left' failed: Could not reach light controller at http://10.27.27.110/json/state: <urlopen error [Errno 113] No route to host>
lightss.fleet: get_state from controller 'right' failed: Could not reach light controller at http://10.27.27.112/json/state: <urlopen error [Errno 113] No route to host>
lightss fleet: get_state from controller 'right' failed: Could not reach light controller at http://10.27.27.112/json/state: <urlopen error [Errno 113] No route to host>
lightss.fleet: post_state to controller 'left' failed: Could not reach light controller at http://10.27.27.110/json/state: <urlopen error [Errno 113] No route to host>
lightss fleet: post_state to controller 'left' failed: Could not reach light controller at http://10.27.27.110/json/state: <urlopen error [Errno 113] No route to host>
lightss.fleet: get_state from controller 'left' failed: Could not reach light controller at http://10.27.27.110/json/state: <urlopen error [Errno 113] No route to host>
lightss fleet: get_state from controller 'left' failed: Could not reach light controller at http://10.27.27.110/json/state: <urlopen error [Errno 113] No route to host>
lightss.fleet: post_state to controller 'right' failed: Could not reach light controller at http://10.27.27.112/json/state: <urlopen error [Errno 113] No route to host>
lightss fleet: post_state to controller 'right' failed: Could not reach light controller at http://10.27.27.112/json/state: <urlopen error [Errno 113] No route to host>
lightss.fleet: get_state from controller 'right' failed: Could not reach light controller at http://10.27.27.112/json/state: <urlopen error [Errno 113] No route to host>
lightss fleet: get_state from controller 'right' failed: Could not reach light controller at http://10.27.27.112/json/state: <urlopen error [Errno 113] No route to host>
lightss.fleet: get_state from controller 'left' failed: Could not reach light controller at http://10.27.27.110/json/state: <urlopen error [Errno 113] No route to host>
lightss fleet: get_state from controller 'left' failed: Could not reach light controller at http://10.27.27.110/json/state: <urlopen error [Errno 113] No route to host>
lightss.fleet: get_state from controller 'right' failed: Could not reach light controller at http://10.27.27.112/json/state: <urlopen error [Errno 113] No route to host>
lightss fleet: get_state from controller 'right' failed: Could not reach light controller at http://10.27.27.112/json/state: <urlopen error [Errno 113] No route to host>
lightss.fleet: post_state to controller 'left' failed: Could not reach light controller at http://10.27.27.110/json/state: <urlopen error [Errno 113] No route to host>
lightss fleet: post_state to controller 'left' failed: Could not reach light controller at http://10.27.27.110/json/state: <urlopen error [Errno 113] No route to host>
lightss.fleet: post_state to controller 'right' failed: Could not reach light controller at http://10.27.27.112/json/state: <urlopen error [Errno 113] No route to host>
lightss fleet: post_state to controller 'right' failed: Could not reach light controller at http://10.27.27.112/json/state: <urlopen error [Errno 113] No route to host>
lightss.fleet: get_state from controller 'left' failed: Could not reach light controller at http://10.27.27.110/json/state: <urlopen error [Errno 113] No route to host>
lightss fleet: get_state from controller 'left' failed: Could not reach light controller at http://10.27.27.110/json/state: <urlopen error [Errno 113] No route to host>
lightss.fleet: post_state to controller 'left' failed: Could not reach light controller at http://10.27.27.110/json/state: <urlopen error [Errno 113] No route to host>
lightss fleet: post_state to controller 'left' failed: Could not reach light controller at http://10.27.27.110/json/state: <urlopen error [Errno 113] No route to host>
lightss.fleet: get_state from controller 'right' failed: Could not reach light controller at http://10.27.27.112/json/state: <urlopen error [Errno 113] No route to host>
lightss fleet: get_state from controller 'right' failed: Could not reach light controller at http://10.27.27.112/json/state: <urlopen error [Errno 113] No route to host>
lightss.fleet: post_state to controller 'right' failed: Could not reach light controller at http://10.27.27.112/json/state: <urlopen error [Errno 113] No route to host>
lightss fleet: post_state to controller 'right' failed: Could not reach light controller at http://10.27.27.112/json/state: <urlopen error [Errno 113] No route to host>
lightss.fleet: get_state from controller 'left' failed: Could not reach light controller at http://10.27.27.110/json/state: <urlopen error [Errno 113] No route to host>
lightss fleet: get_state from controller 'left' failed: Could not reach light controller at http://10.27.27.110/json/state: <urlopen error [Errno 113] No route to host>
lightss.fleet: get_state from controller 'right' failed: Could not reach light controller at http://10.27.27.112/json/state: <urlopen error [Errno 113] No route to host>
lightss fleet: get_state from controller 'right' failed: Could not reach light controller at http://10.27.27.112/json/state: <urlopen error [Errno 113] No route to host>
lightss.fleet: get_state from controller 'left' failed: Could not reach light controller at http://10.27.27.110/json/state: <urlopen error [Errno 113] No route to host>
lightss fleet: get_state from controller 'left' failed: Could not reach light controller at http://10.27.27.110/json/state: <urlopen error [Errno 113] No route to host>
lightss.fleet: get_state from controller 'right' failed: Could not reach light controller at http://10.27.27.112/json/state: <urlopen error [Errno 113] No route to host>
lightss fleet: get_state from controller 'right' failed: Could not reach light controller at http://10.27.27.112/json/state: <urlopen error [Errno 113] No route to host>
lightss.fleet: post_state to controller 'left' failed: Could not reach light controller at http://10.27.27.110/json/state: <urlopen error [Errno 113] No route to host>
lightss fleet: post_state to controller 'left' failed: Could not reach light controller at http://10.27.27.110/json/state: <urlopen error [Errno 113] No route to host>
lightss.fleet: post_state to controller 'right' failed: Could not reach light controller at http://10.27.27.112/json/state: <urlopen error [Errno 113] No route to host>
lightss fleet: post_state to controller 'right' failed: Could not reach light controller at http://10.27.27.112/json/state: <urlopen error [Errno 113] No route to host>
lightss.fleet: get_state from controller 'left' failed: Could not reach light controller at http://10.27.27.110/json/state: <urlopen error [Errno 113] No route to host>
lightss fleet: get_state from controller 'left' failed: Could not reach light controller at http://10.27.27.110/json/state: <urlopen error [Errno 113] No route to host>
lightss.fleet: post_state to controller 'left' failed: Could not reach light controller at http://10.27.27.110/json/state: <urlopen error [Errno 113] No route to host>
lightss fleet: post_state to controller 'left' failed: Could not reach light controller at http://10.27.27.110/json/state: <urlopen error [Errno 113] No route to host>
lightss.fleet: get_state from controller 'right' failed: Could not reach light controller at http://10.27.27.112/json/state: <urlopen error [Errno 113] No route to host>
lightss fleet: get_state from controller 'right' failed: Could not reach light controller at http://10.27.27.112/json/state: <urlopen error [Errno 113] No route to host>
lightss.fleet: post_state to controller 'right' failed: Could not reach light controller at http://10.27.27.112/json/state: <urlopen error [Errno 113] No route to host>
lightss fleet: post_state to controller 'right' failed: Could not reach light controller at http://10.27.27.112/json/state: <urlopen error [Errno 113] No route to host>
lightss.fleet: get_state from controller 'left' failed: Could not reach light controller at http://10.27.27.110/json/state: <urlopen error [Errno 113] No route to host>
lightss fleet: get_state from controller 'left' failed: Could not reach light controller at http://10.27.27.110/json/state: <urlopen error [Errno 113] No route to host>
lightss.fleet: get_state from controller 'right' failed: Could not reach light controller at http://10.27.27.112/json/state: <urlopen error [Errno 113] No route to host>
lightss fleet: get_state from controller 'right' failed: Could not reach light controller at http://10.27.27.112/json/state: <urlopen error [Errno 113] No route to host>
lightss.fleet: get_state from controller 'left' failed: Could not reach light controller at http://10.27.27.110/json/state: <urlopen error [Errno 113] No route to host>
lightss fleet: get_state from controller 'left' failed: Could not reach light controller at http://10.27.27.110/json/state: <urlopen error [Errno 113] No route to host>
lightss.fleet: get_state from controller 'right' failed: Could not reach light controller at http://10.27.27.112/json/state: <urlopen error [Errno 113] No route to host>
lightss fleet: get_state from controller 'right' failed: Could not reach light controller at http://10.27.27.112/json/state: <urlopen error [Errno 113] No route to host>
lightss.fleet: post_state to controller 'left' failed: Could not reach light controller at http://10.27.27.110/json/state: <urlopen error [Errno 113] No route to host>
lightss fleet: post_state to controller 'left' failed: Could not reach light controller at http://10.27.27.110/json/state: <urlopen error [Errno 113] No route to host>
lightss.fleet: get_state from controller 'left' failed: Could not reach light controller at http://10.27.27.110/json/state: <urlopen error [Errno 113] No route to host>
lightss fleet: get_state from controller 'left' failed: Could not reach light controller at http://10.27.27.110/json/state: <urlopen error [Errno 113] No route to host>
lightss.fleet: post_state to controller 'right' failed: Could not reach light controller at http://10.27.27.112/json/state: <urlopen error [Errno 113] No route to host>
lightss fleet: post_state to controller 'right' failed: Could not reach light controller at http://10.27.27.112/json/state: <urlopen error [Errno 113] No route to host>
lightss.fleet: get_state from controller 'right' failed: Could not reach light controller at http://10.27.27.112/json/state: <urlopen error [Errno 113] No route to host>
lightss fleet: get_state from controller 'right' failed: Could not reach light controller at http://10.27.27.112/json/state: <urlopen error [Errno 113] No route to host>
lightss.fleet: post_state to controller 'left' failed: Could not reach light controller at http://10.27.27.110/json/state: <urlopen error [Errno 113] No route to host>
lightss fleet: post_state to controller 'left' failed: Could not reach light controller at http://10.27.27.110/json/state: <urlopen error [Errno 113] No route to host>
lightss.fleet: post_state to controller 'right' failed: Could not reach light controller at http://10.27.27.112/json/state: <urlopen error [Errno 113] No route to host>
lightss fleet: post_state to controller 'right' failed: Could not reach light controller at http://10.27.27.112/json/state: <urlopen error [Errno 113] No route to host>
lightss.fleet: get_state from controller 'left' failed: Could not reach light controller at http://10.27.27.110/json/state: <urlopen error [Errno 113] No route to host>
lightss fleet: get_state from controller 'left' failed: Could not reach light controller at http://10.27.27.110/json/state: <urlopen error [Errno 113] No route to host>
lightss.fleet: get_state from controller 'right' failed: Could not reach light controller at http://10.27.27.112/json/state: <urlopen error [Errno 113] No route to host>
lightss fleet: get_state from controller 'right' failed: Could not reach light controller at http://10.27.27.112/json/state: <urlopen error [Errno 113] No route to host>
lightss.fleet: get_state from controller 'left' failed: Could not reach light controller at http://10.27.27.110/json/state: <urlopen error [Errno 113] No route to host>
lightss fleet: get_state from controller 'left' failed: Could not reach light controller at http://10.27.27.110/json/state: <urlopen error [Errno 113] No route to host>
lightss.fleet: get_state from controller 'right' failed: Could not reach light controller at http://10.27.27.112/json/state: <urlopen error [Errno 113] No route to host>
lightss fleet: get_state from controller 'right' failed: Could not reach light controller at http://10.27.27.112/json/state: <urlopen error [Errno 113] No route to host>
lightss.fleet: post_state to controller 'left' failed: Could not reach light controller at http://10.27.27.110/json/state: <urlopen error [Errno 113] No route to host>
lightss fleet: post_state to controller 'left' failed: Could not reach light controller at http://10.27.27.110/json/state: <urlopen error [Errno 113] No route to host>
lightss.fleet: get_state from controller 'left' failed: Could not reach light controller at http://10.27.27.110/json/state: <urlopen error [Errno 113] No route to host>
lightss fleet: get_state from controller 'left' failed: Could not reach light controller at http://10.27.27.110/json/state: <urlopen error [Errno 113] No route to host>
lightss.fleet: post_state to controller 'right' failed: Could not reach light controller at http://10.27.27.112/json/state: <urlopen error [Errno 113] No route to host>
lightss fleet: post_state to controller 'right' failed: Could not reach light controller at http://10.27.27.112/json/state: <urlopen error [Errno 113] No route to host>
lightss.fleet: post_state to controller 'left' failed: Could not reach light controller at http://10.27.27.110/json/state: <urlopen error [Errno 113] No route to host>
lightss fleet: post_state to controller 'left' failed: Could not reach light controller at http://10.27.27.110/json/state: <urlopen error [Errno 113] No route to host>
lightss.fleet: get_state from controller 'right' failed: Could not reach light controller at http://10.27.27.112/json/state: <urlopen error [Errno 113] No route to host>
lightss fleet: get_state from controller 'right' failed: Could not reach light controller at http://10.27.27.112/json/state: <urlopen error [Errno 113] No route to host>
lightss.fleet: post_state to controller 'right' failed: Could not reach light controller at http://10.27.27.112/json/state: <urlopen error [Errno 113] No route to host>
lightss fleet: post_state to controller 'right' failed: Could not reach light controller at http://10.27.27.112/json/state: <urlopen error [Errno 113] No route to host>
lightss.fleet: get_state from controller 'left' failed: Could not reach light controller at http://10.27.27.110/json/state: <urlopen error [Errno 113] No route to host>
lightss fleet: get_state from controller 'left' failed: Could not reach light controller at http://10.27.27.110/json/state: <urlopen error [Errno 113] No route to host>
lightss.fleet: get_state from controller 'right' failed: Could not reach light controller at http://10.27.27.112/json/state: <urlopen error [Errno 113] No route to host>
lightss fleet: get_state from controller 'right' failed: Could not reach light controller at http://10.27.27.112/json/state: <urlopen error [Errno 113] No route to host>
lightss.fleet: get_state from controller 'left' failed: Could not reach light controller at http://10.27.27.110/json/state: <urlopen error [Errno 113] No route to host>
lightss fleet: get_state from controller 'left' failed: Could not reach light controller at http://10.27.27.110/json/state: <urlopen error [Errno 113] No route to host>
lightss.fleet: get_state from controller 'right' failed: Could not reach light controller at http://10.27.27.112/json/state: <urlopen error [Errno 113] No route to host>
lightss fleet: get_state from controller 'right' failed: Could not reach light controller at http://10.27.27.112/json/state: <urlopen error [Errno 113] No route to host>
lightss.fleet: post_state to controller 'left' failed: Could not reach light controller at http://10.27.27.110/json/state: <urlopen error [Errno 113] No route to host>
lightss fleet: post_state to controller 'left' failed: Could not reach light controller at http://10.27.27.110/json/state: <urlopen error [Errno 113] No route to host>
lightss.fleet: post_state to controller 'right' failed: Could not reach light controller at http://10.27.27.112/json/state: <urlopen error [Errno 113] No route to host>
lightss fleet: post_state to controller 'right' failed: Could not reach light controller at http://10.27.27.112/json/state: <urlopen error [Errno 113] No route to host>
lightss.fleet: get_state from controller 'left' failed: Could not reach light controller at http://10.27.27.110/json/state: <urlopen error [Errno 113] No route to host>
lightss fleet: get_state from controller 'left' failed: Could not reach light controller at http://10.27.27.110/json/state: <urlopen error [Errno 113] No route to host>
lightss.fleet: post_state to controller 'left' failed: Could not reach light controller at http://10.27.27.110/json/state: <urlopen error [Errno 113] No route to host>
lightss fleet: post_state to controller 'left' failed: Could not reach light controller at http://10.27.27.110/json/state: <urlopen error [Errno 113] No route to host>
lightss.fleet: get_state from controller 'right' failed: Could not reach light controller at http://10.27.27.112/json/state: <urlopen error [Errno 113] No route to host>
lightss fleet: get_state from controller 'right' failed: Could not reach light controller at http://10.27.27.112/json/state: <urlopen error [Errno 113] No route to host>
lightss.fleet: post_state to controller 'right' failed: Could not reach light controller at http://10.27.27.112/json/state: <urlopen error [Errno 113] No route to host>
lightss fleet: post_state to controller 'right' failed: Could not reach light controller at http://10.27.27.112/json/state: <urlopen error [Errno 113] No route to host>
lightss.fleet: get_state from controller 'left' failed: Could not reach light controller at http://10.27.27.110/json/state: <urlopen error [Errno 113] No route to host>
lightss fleet: get_state from controller 'left' failed: Could not reach light controller at http://10.27.27.110/json/state: <urlopen error [Errno 113] No route to host>
lightss.fleet: get_state from controller 'right' failed: Could not reach light controller at http://10.27.27.112/json/state: <urlopen error [Errno 113] No route to host>
lightss fleet: get_state from controller 'right' failed: Could not reach light controller at http://10.27.27.112/json/state: <urlopen error [Errno 113] No route to host>
lightss.fleet: get_state from controller 'left' failed: Could not reach light controller at http://10.27.27.110/json/state: <urlopen error [Errno 113] No route to host>
lightss fleet: get_state from controller 'left' failed: Could not reach light controller at http://10.27.27.110/json/state: <urlopen error [Errno 113] No route to host>
lightss.fleet: post_state to controller 'left' failed: Could not reach light controller at http://10.27.27.110/json/state: <urlopen error [Errno 113] No route to host>
lightss fleet: post_state to controller 'left' failed: Could not reach light controller at http://10.27.27.110/json/state: <urlopen error [Errno 113] No route to host>
lightss.fleet: get_state from controller 'right' failed: Could not reach light controller at http://10.27.27.112/json/state: <urlopen error [Errno 113] No route to host>
lightss fleet: get_state from controller 'right' failed: Could not reach light controller at http://10.27.27.112/json/state: <urlopen error [Errno 113] No route to host>
lightss.fleet: post_state to controller 'right' failed: Could not reach light controller at http://10.27.27.112/json/state: <urlopen error [Errno 113] No route to host>
lightss fleet: post_state to controller 'right' failed: Could not reach light controller at http://10.27.27.112/json/state: <urlopen error [Errno 113] No route to host>
lightss.fleet: get_state from controller 'left' failed: Could not reach light controller at http://10.27.27.110/json/state: <urlopen error [Errno 113] No route to host>
lightss fleet: get_state from controller 'left' failed: Could not reach light controller at http://10.27.27.110/json/state: <urlopen error [Errno 113] No route to host>
lightss.fleet: post_state to controller 'left' failed: Could not reach light controller at http://10.27.27.110/json/state: <urlopen error [Errno 113] No route to host>
lightss fleet: post_state to controller 'left' failed: Could not reach light controller at http://10.27.27.110/json/state: <urlopen error [Errno 113] No route to host>
lightss.fleet: get_state from controller 'right' failed: Could not reach light controller at http://10.27.27.112/json/state: <urlopen error [Errno 113] No route to host>
lightss fleet: get_state from controller 'right' failed: Could not reach light controller at http://10.27.27.112/json/state: <urlopen error [Errno 113] No route to host>
lightss.fleet: post_state to controller 'right' failed: Could not reach light controller at http://10.27.27.112/json/state: <urlopen error [Errno 113] No route to host>
lightss fleet: post_state to controller 'right' failed: Could not reach light controller at http://10.27.27.112/json/state: <urlopen error [Errno 113] No route to host>
lightss.fleet: get_state from controller 'left' failed: Could not reach light controller at http://10.27.27.110/json/state: <urlopen error [Errno 113] No route to host>
lightss fleet: get_state from controller 'left' failed: Could not reach light controller at http://10.27.27.110/json/state: <urlopen error [Errno 113] No route to host>
lightss.fleet: get_state from controller 'right' failed: Could not reach light controller at http://10.27.27.112/json/state: <urlopen error [Errno 113] No route to host>
lightss fleet: get_state from controller 'right' failed: Could not reach light controller at http://10.27.27.112/json/state: <urlopen error [Errno 113] No route to host>
lightss.fleet: get_state from controller 'left' failed: Could not reach light controller at http://10.27.27.110/json/state: <urlopen error [Errno 113] No route to host>
lightss fleet: get_state from controller 'left' failed: Could not reach light controller at http://10.27.27.110/json/state: <urlopen error [Errno 113] No route to host>
lightss.fleet: get_state from controller 'right' failed: Could not reach light controller at http://10.27.27.112/json/state: <urlopen error [Errno 113] No route to host>
lightss fleet: get_state from controller 'right' failed: Could not reach light controller at http://10.27.27.112/json/state: <urlopen error [Errno 113] No route to host>
lightss.fleet: post_state to controller 'left' failed: Could not reach light controller at http://10.27.27.110/json/state: <urlopen error [Errno 113] No route to host>
lightss fleet: post_state to controller 'left' failed: Could not reach light controller at http://10.27.27.110/json/state: <urlopen error [Errno 113] No route to host>
lightss.fleet: post_state to controller 'right' failed: Could not reach light controller at http://10.27.27.112/json/state: <urlopen error [Errno 113] No route to host>
lightss fleet: post_state to controller 'right' failed: Could not reach light controller at http://10.27.27.112/json/state: <urlopen error [Errno 113] No route to host>
lightss.fleet: get_state from controller 'left' failed: Could not reach light controller at http://10.27.27.110/json/state: <urlopen error [Errno 113] No route to host>
lightss fleet: get_state from controller 'left' failed: Could not reach light controller at http://10.27.27.110/json/state: <urlopen error [Errno 113] No route to host>
lightss.fleet: post_state to controller 'left' failed: Could not reach light controller at http://10.27.27.110/json/state: <urlopen error [Errno 113] No route to host>
lightss fleet: post_state to controller 'left' failed: Could not reach light controller at http://10.27.27.110/json/state: <urlopen error [Errno 113] No route to host>
lightss.fleet: get_state from controller 'right' failed: Could not reach light controller at http://10.27.27.112/json/state: <urlopen error [Errno 113] No route to host>
lightss fleet: get_state from controller 'right' failed: Could not reach light controller at http://10.27.27.112/json/state: <urlopen error [Errno 113] No route to host>
lightss.fleet: post_state to controller 'right' failed: Could not reach light controller at http://10.27.27.112/json/state: <urlopen error [Errno 113] No route to host>
lightss fleet: post_state to controller 'right' failed: Could not reach light controller at http://10.27.27.112/json/state: <urlopen error [Errno 113] No route to host>
lightss.fleet: get_state from controller 'left' failed: Could not reach light controller at http://10.27.27.110/json/state: <urlopen error [Errno 113] No route to host>
lightss fleet: get_state from controller 'left' failed: Could not reach light controller at http://10.27.27.110/json/state: <urlopen error [Errno 113] No route to host>
lightss.fleet: get_state from controller 'right' failed: Could not reach light controller at http://10.27.27.112/json/state: <urlopen error [Errno 113] No route to host>
lightss fleet: get_state from controller 'right' failed: Could not reach light controller at http://10.27.27.112/json/state: <urlopen error [Errno 113] No route to host>
lightss.fleet: get_state from controller 'left' failed: Could not reach light controller at http://10.27.27.110/json/state: <urlopen error [Errno 113] No route to host>
lightss fleet: get_state from controller 'left' failed: Could not reach light controller at http://10.27.27.110/json/state: <urlopen error [Errno 113] No route to host>
lightss.fleet: post_state to controller 'left' failed: Could not reach light controller at http://10.27.27.110/json/state: <urlopen error [Errno 113] No route to host>
lightss fleet: post_state to controller 'left' failed: Could not reach light controller at http://10.27.27.110/json/state: <urlopen error [Errno 113] No route to host>
lightss.fleet: get_state from controller 'right' failed: Could not reach light controller at http://10.27.27.112/json/state: <urlopen error [Errno 113] No route to host>
lightss fleet: get_state from controller 'right' failed: Could not reach light controller at http://10.27.27.112/json/state: <urlopen error [Errno 113] No route to host>
lightss.fleet: get_state from controller 'left' failed: Could not reach light controller at http://10.27.27.110/json/state: <urlopen error [Errno 113] No route to host>
lightss fleet: get_state from controller 'left' failed: Could not reach light controller at http://10.27.27.110/json/state: <urlopen error [Errno 113] No route to host>
lightss.fleet: post_state to controller 'right' failed: Could not reach light controller at http://10.27.27.112/json/state: <urlopen error [Errno 113] No route to host>
lightss fleet: post_state to controller 'right' failed: Could not reach light controller at http://10.27.27.112/json/state: <urlopen error [Errno 113] No route to host>
lightss.fleet: get_state from controller 'right' failed: Could not reach light controller at http://10.27.27.112/json/state: <urlopen error [Errno 113] No route to host>
lightss fleet: get_state from controller 'right' failed: Could not reach light controller at http://10.27.27.112/json/state: <urlopen error [Errno 113] No route to host>
lightss.fleet: post_state to controller 'left' failed: Could not reach light controller at http://10.27.27.110/json/state: <urlopen error [Errno 113] No route to host>
lightss fleet: post_state to controller 'left' failed: Could not reach light controller at http://10.27.27.110/json/state: <urlopen error [Errno 113] No route to host>
lightss.fleet: post_state to controller 'right' failed: Could not reach light controller at http://10.27.27.112/json/state: <urlopen error [Errno 113] No route to host>
lightss fleet: post_state to controller 'right' failed: Could not reach light controller at http://10.27.27.112/json/state: <urlopen error [Errno 113] No route to host>
lightss.fleet: get_state from controller 'left' failed: Could not reach light controller at http://10.27.27.110/json/state: <urlopen error [Errno 113] No route to host>
lightss fleet: get_state from controller 'left' failed: Could not reach light controller at http://10.27.27.110/json/state: <urlopen error [Errno 113] No route to host>
lightss.fleet: get_state from controller 'right' failed: Could not reach light controller at http://10.27.27.112/json/state: <urlopen error [Errno 113] No route to host>
lightss fleet: get_state from controller 'right' failed: Could not reach light controller at http://10.27.27.112/json/state: <urlopen error [Errno 113] No route to host>
lightss.fleet: get_state from controller 'left' failed: Could not reach light controller at http://10.27.27.110/json/state: <urlopen error [Errno 113] No route to host>
lightss fleet: get_state from controller 'left' failed: Could not reach light controller at http://10.27.27.110/json/state: <urlopen error [Errno 113] No route to host>
lightss.fleet: get_state from controller 'right' failed: Could not reach light controller at http://10.27.27.112/json/state: <urlopen error [Errno 113] No route to host>
lightss fleet: get_state from controller 'right' failed: Could not reach light controller at http://10.27.27.112/json/state: <urlopen error [Errno 113] No route to host>
lightss.fleet: post_state to controller 'left' failed: Could not reach light controller at http://10.27.27.110/json/state: <urlopen error [Errno 113] No route to host>
lightss fleet: post_state to controller 'left' failed: Could not reach light controller at http://10.27.27.110/json/state: <urlopen error [Errno 113] No route to host>
lightss.fleet: post_state to controller 'right' failed: Could not reach light controller at http://10.27.27.112/json/state: <urlopen error [Errno 113] No route to host>
lightss fleet: post_state to controller 'right' failed: Could not reach light controller at http://10.27.27.112/json/state: <urlopen error [Errno 113] No route to host>
lightss.fleet: get_state from controller 'left' failed: Could not reach light controller at http://10.27.27.110/json/state: <urlopen error [Errno 113] No route to host>
lightss fleet: get_state from controller 'left' failed: Could not reach light controller at http://10.27.27.110/json/state: <urlopen error [Errno 113] No route to host>
lightss.fleet: get_state from controller 'right' failed: Could not reach light controller at http://10.27.27.112/json/state: <urlopen error [Errno 113] No route to host>
lightss fleet: get_state from controller 'right' failed: Could not reach light controller at http://10.27.27.112/json/state: <urlopen error [Errno 113] No route to host>
lightss.fleet: post_state to controller 'left' failed: Could not reach light controller at http://10.27.27.110/json/state: <urlopen error [Errno 113] No route to host>
lightss fleet: post_state to controller 'left' failed: Could not reach light controller at http://10.27.27.110/json/state: <urlopen error [Errno 113] No route to host>
lightss.fleet: post_state to controller 'right' failed: Could not reach light controller at http://10.27.27.112/json/state: <urlopen error [Errno 113] No route to host>
lightss fleet: post_state to controller 'right' failed: Could not reach light controller at http://10.27.27.112/json/state: <urlopen error [Errno 113] No route to host>
lightss.fleet: get_state from controller 'left' failed: Could not reach light controller at http://10.27.27.110/json/state: <urlopen error [Errno 113] No route to host>
lightss fleet: get_state from controller 'left' failed: Could not reach light controller at http://10.27.27.110/json/state: <urlopen error [Errno 113] No route to host>
lightss.fleet: get_state from controller 'right' failed: Could not reach light controller at http://10.27.27.112/json/state: <urlopen error [Errno 113] No route to host>
lightss fleet: get_state from controller 'right' failed: Could not reach light controller at http://10.27.27.112/json/state: <urlopen error [Errno 113] No route to host>
lightss.fleet: get_state from controller 'left' failed: Could not reach light controller at http://10.27.27.110/json/state: <urlopen error [Errno 113] No route to host>
lightss fleet: get_state from controller 'left' failed: Could not reach light controller at http://10.27.27.110/json/state: <urlopen error [Errno 113] No route to host>
lightss.fleet: post_state to controller 'left' failed: Could not reach light controller at http://10.27.27.110/json/state: <urlopen error [Errno 113] No route to host>
lightss fleet: post_state to controller 'left' failed: Could not reach light controller at http://10.27.27.110/json/state: <urlopen error [Errno 113] No route to host>
lightss.fleet: get_state from controller 'right' failed: Could not reach light controller at http://10.27.27.112/json/state: <urlopen error [Errno 113] No route to host>
lightss fleet: get_state from controller 'right' failed: Could not reach light controller at http://10.27.27.112/json/state: <urlopen error [Errno 113] No route to host>
lightss.fleet: post_state to controller 'right' failed: Could not reach light controller at http://10.27.27.112/json/state: <urlopen error [Errno 113] No route to host>
lightss fleet: post_state to controller 'right' failed: Could not reach light controller at http://10.27.27.112/json/state: <urlopen error [Errno 113] No route to host>
lightss.fleet: get_state from controller 'left' failed: Could not reach light controller at http://10.27.27.110/json/state: <urlopen error [Errno 113] No route to host>
lightss fleet: get_state from controller 'left' failed: Could not reach light controller at http://10.27.27.110/json/state: <urlopen error [Errno 113] No route to host>
lightss.fleet: post_state to controller 'left' failed: Could not reach light controller at http://10.27.27.110/json/state: <urlopen error [Errno 113] No route to host>
lightss fleet: post_state to controller 'left' failed: Could not reach light controller at http://10.27.27.110/json/state: <urlopen error [Errno 113] No route to host>
lightss.fleet: get_state from controller 'right' failed: Could not reach light controller at http://10.27.27.112/json/state: <urlopen error [Errno 113] No route to host>
lightss fleet: get_state from controller 'right' failed: Could not reach light controller at http://10.27.27.112/json/state: <urlopen error [Errno 113] No route to host>
lightss.fleet: post_state to controller 'right' failed: Could not reach light controller at http://10.27.27.112/json/state: <urlopen error [Errno 113] No route to host>
lightss fleet: post_state to controller 'right' failed: Could not reach light controller at http://10.27.27.112/json/state: <urlopen error [Errno 113] No route to host>
lightss.fleet: get_state from controller 'left' failed: Could not reach light controller at http://10.27.27.110/json/state: <urlopen error [Errno 113] No route to host>
lightss fleet: get_state from controller 'left' failed: Could not reach light controller at http://10.27.27.110/json/state: <urlopen error [Errno 113] No route to host>
lightss.fleet: get_state from controller 'right' failed: Could not reach light controller at http://10.27.27.112/json/state: <urlopen error [Errno 113] No route to host>
lightss fleet: get_state from controller 'right' failed: Could not reach light controller at http://10.27.27.112/json/state: <urlopen error [Errno 113] No route to host>
lightss.fleet: get_state from controller 'left' failed: Could not reach light controller at http://10.27.27.110/json/state: <urlopen error [Errno 113] No route to host>
lightss fleet: get_state from controller 'left' failed: Could not reach light controller at http://10.27.27.110/json/state: <urlopen error [Errno 113] No route to host>
lightss.fleet: get_state from controller 'right' failed: Could not reach light controller at http://10.27.27.112/json/state: <urlopen error [Errno 113] No route to host>
lightss fleet: get_state from controller 'right' failed: Could not reach light controller at http://10.27.27.112/json/state: <urlopen error [Errno 113] No route to host>
lightss.fleet: post_state to controller 'left' failed: Could not reach light controller at http://10.27.27.110/json/state: <urlopen error [Errno 113] No route to host>
lightss fleet: post_state to controller 'left' failed: Could not reach light controller at http://10.27.27.110/json/state: <urlopen error [Errno 113] No route to host>
light_gui: Executed schedule: 08:00 -> on
light_gui: Executed schedule: 08:00 -> on
light_gui: Executed schedule: 08:00 -> on
light_gui: Executed schedule: 08:00 -> on
light_gui: Executed schedule: 08:00 -> on
light_gui: Executed schedule: 08:00 -> on
light_gui: Executed schedule: 08:00 -> on
light_gui: Executed schedule: 08:00 -> on
light_gui: Executed schedule: 08:00 -> on
music_recognizer: No match from Shazam
music_recognizer: No match from Shazam
lightss.firetv: FireTV adb adb error: adb: device '10.27.27.207' not found; reconnecting
lightss.firetv: FireTV adb connect 10.27.27.207: connected to 10.27.27.207:5555
music_recognizer: No match from Shazam
music_recognizer: Shazam attempt 1/3 hit an error page (rate limit?); retrying in 1.0s
music_recognizer: Shazam attempt 2/3 hit an error page (rate limit?); retrying in 2.0s
music_recognizer: Audio bytes identification failed: Check args, URL is invalid
URL- https://amp.shazam.com/discovery/v5/en/GB/iphone/-/tag/1E0EA027-CF13-4D8A-B142-E870AA97F3F2/6483EBA0-5C07-42FC-9A82-10DB09635592?sync=true&webv3=true&sampling=true&connected=&shazamapiversion=v3&sharehub=true&hubv5minorversion=v5.1&hidelb=true&video=v3
music_recognizer: Shazam attempt 1/3 hit an error page (rate limit?); retrying in 1.0s
music_recognizer: No match from Shazam
music_recognizer: No match from Shazam
music_recognizer: No match from Shazam
music_recognizer: Shazam attempt 1/3 hit an error page (rate limit?); retrying in 1.0s
music_recognizer: Shazam attempt 2/3 hit an error page (rate limit?); retrying in 2.0s
music_recognizer: Shazam attempt 1/3 hit an error page (rate limit?); retrying in 1.0s
music_recognizer: Audio bytes identification failed: Check args, URL is invalid
URL- https://amp.shazam.com/discovery/v5/en/GB/iphone/-/tag/6F695019-D919-4410-B606-5A449EC4E7FA/2F5C7E85-068F-42AC-A84C-93ADAF52DBE9?sync=true&webv3=true&sampling=true&connected=&shazamapiversion=v3&sharehub=true&hubv5minorversion=v5.1&hidelb=true&video=v3
music_recognizer: Shazam attempt 2/3 hit an error page (rate limit?); retrying in 2.0s
music_recognizer: Recognized: Billie Eilish & Justin Bieber — bad guy
music_recognizer: No match from Shazam
music_recognizer: No match from Shazam
music_recognizer: Shazam attempt 1/3 hit an error page (rate limit?); retrying in 1.0s
music_recognizer: Shazam attempt 2/3 hit an error page (rate limit?); retrying in 2.0s
music_recognizer: Audio bytes identification failed: Check args, URL is invalid
URL- https://amp.shazam.com/discovery/v5/en/GB/iphone/-/tag/724CFBFF-47C2-4C38-9FA1-9FF4D4B7BEC9/122529A3-8B63-47B5-8333-054E6AA315EE?sync=true&webv3=true&sampling=true&connected=&shazamapiversion=v3&sharehub=true&hubv5minorversion=v5.1&hidelb=true&video=v3
music_recognizer: Shazam attempt 1/3 hit an error page (rate limit?); retrying in 1.0s
music_recognizer: Recognized: Oliver Tree — Waste My Time
music_recognizer: No match from Shazam
music_recognizer: Recognized: Oliver Tree — Waste My Time
music_recognizer: Shazam attempt 1/3 hit an error page (rate limit?); retrying in 1.0s
music_recognizer: Shazam attempt 2/3 hit an error page (rate limit?); retrying in 2.0s
music_recognizer: Shazam attempt 1/3 hit an error page (rate limit?); retrying in 1.0s
music_recognizer: Audio bytes identification failed: Check args, URL is invalid
URL- https://amp.shazam.com/discovery/v5/en/GB/iphone/-/tag/099FDCE4-4945-466E-8EFB-CC9BA5667487/8B1AD896-8FAE-4CA7-BAD1-1D015CDA5B87?sync=true&webv3=true&sampling=true&connected=&shazamapiversion=v3&sharehub=true&hubv5minorversion=v5.1&hidelb=true&video=v3
music_recognizer: Shazam attempt 2/3 hit an error page (rate limit?); retrying in 2.0s
music_recognizer: Recognized: Oliver Tree — Waste My Time
music_recognizer: Recognized: Oliver Tree — Waste My Time
music_recognizer: No match from Shazam
music_recognizer: Shazam attempt 1/3 hit an error page (rate limit?); retrying in 1.0s
music_recognizer: Shazam attempt 2/3 hit an error page (rate limit?); retrying in 2.0s
music_recognizer: Audio bytes identification failed: Check args, URL is invalid
URL- https://amp.shazam.com/discovery/v5/en/GB/iphone/-/tag/783A984F-5D72-46DD-9BE1-39743C98A4E4/4F066189-D11D-4880-8CD9-834796C259C6?sync=true&webv3=true&sampling=true&connected=&shazamapiversion=v3&sharehub=true&hubv5minorversion=v5.1&hidelb=true&video=v3
music_recognizer: Shazam attempt 1/3 hit an error page (rate limit?); retrying in 1.0s
music_recognizer: Recognized: Oliver Tree — Waste My Time
music_recognizer: No match from Shazam
music_recognizer: Recognized: Oliver Tree — Waste My Time
music_recognizer: Shazam attempt 1/3 hit an error page (rate limit?); retrying in 1.0s
music_recognizer: Shazam attempt 2/3 hit an error page (rate limit?); retrying in 2.0s
music_recognizer: Shazam attempt 1/3 hit an error page (rate limit?); retrying in 1.0s
music_recognizer: Audio bytes identification failed: Check args, URL is invalid
URL- https://amp.shazam.com/discovery/v5/en/GB/iphone/-/tag/3A411721-58F4-49FB-A79F-9300CEBA24C6/260A3F44-4AD0-4882-AD63-17FB9C34D1E4?sync=true&webv3=true&sampling=true&connected=&shazamapiversion=v3&sharehub=true&hubv5minorversion=v5.1&hidelb=true&video=v3
music_recognizer: Shazam attempt 2/3 hit an error page (rate limit?); retrying in 2.0s
music_recognizer: No match from Shazam
music_recognizer: No match from Shazam
music_recognizer: No match from Shazam
music_recognizer: Shazam attempt 1/3 hit an error page (rate limit?); retrying in 1.0s
music_recognizer: Shazam attempt 2/3 hit an error page (rate limit?); retrying in 2.0s
music_recognizer: Audio bytes identification failed: Check args, URL is invalid
URL- https://amp.shazam.com/discovery/v5/en/GB/iphone/-/tag/50CAFB5C-870E-4022-93E1-E70E947AED0C/79C5EEF6-1061-4A80-A2D6-081155940052?sync=true&webv3=true&sampling=true&connected=&shazamapiversion=v3&sharehub=true&hubv5minorversion=v5.1&hidelb=true&video=v3
music_recognizer: Shazam attempt 1/3 hit an error page (rate limit?); retrying in 1.0s
music_recognizer: Recognized: Oliver Tree — Jerk
music_recognizer: Recognized: Oliver Tree — Jerk
music_recognizer: Recognized: Oliver Tree — Jerk
music_recognizer: Shazam attempt 1/3 hit an error page (rate limit?); retrying in 1.0s
music_recognizer: Shazam attempt 2/3 hit an error page (rate limit?); retrying in 2.0s
music_recognizer: Audio bytes identification failed: Check args, URL is invalid
URL- https://amp.shazam.com/discovery/v5/en/GB/iphone/-/tag/A4D1A850-9070-483E-93CF-5E740E2421C3/46DC640B-A90E-4BED-9CE8-BA4AC35C856D?sync=true&webv3=true&sampling=true&connected=&shazamapiversion=v3&sharehub=true&hubv5minorversion=v5.1&hidelb=true&video=v3
music_recognizer: Shazam attempt 1/3 hit an error page (rate limit?); retrying in 1.0s
music_recognizer: Recognized: Oliver Tree — Jerk
music_recognizer: No match from Shazam
music_recognizer: Recognized: Oliver Tree — Jerk
music_recognizer: Shazam attempt 1/3 hit an error page (rate limit?); retrying in 1.0s
music_recognizer: Shazam attempt 2/3 hit an error page (rate limit?); retrying in 2.0s
music_recognizer: Shazam attempt 1/3 hit an error page (rate limit?); retrying in 1.0s
music_recognizer: No match from Shazam
music_recognizer: Recognized: Oliver Tree — Out of Ordinary
music_recognizer: No match from Shazam
music_recognizer: Shazam attempt 1/3 hit an error page (rate limit?); retrying in 1.0s
music_recognizer: Shazam attempt 2/3 hit an error page (rate limit?); retrying in 2.0s
music_recognizer: Shazam attempt 1/3 hit an error page (rate limit?); retrying in 1.0s
music_recognizer: Audio bytes identification failed: Check args, URL is invalid
URL- https://amp.shazam.com/discovery/v5/en/GB/iphone/-/tag/FE1BCD7F-45A5-4405-9603-D200B55E8CF9/01A66281-B5C5-4A8B-95EA-4E1358EEEA0F?sync=true&webv3=true&sampling=true&connected=&shazamapiversion=v3&sharehub=true&hubv5minorversion=v5.1&hidelb=true&video=v3
music_recognizer: No match from Shazam
music_recognizer: Recognized: Oliver Tree — Out of Ordinary
music_recognizer: Recognized: Oliver Tree — Out of Ordinary
music_recognizer: Shazam attempt 1/3 hit an error page (rate limit?); retrying in 1.0s
music_recognizer: Shazam attempt 2/3 hit an error page (rate limit?); retrying in 2.0s
music_recognizer: Audio bytes identification failed: Check args, URL is invalid
URL- https://amp.shazam.com/discovery/v5/en/GB/iphone/-/tag/5038F48C-A770-4DC9-9DC8-80B59C346114/B430D8E9-4545-4A29-A1DF-B4DF76640A65?sync=true&webv3=true&sampling=true&connected=&shazamapiversion=v3&sharehub=true&hubv5minorversion=v5.1&hidelb=true&video=v3
music_recognizer: Shazam attempt 1/3 hit an error page (rate limit?); retrying in 1.0s
music_recognizer: Recognized: Oliver Tree — Out of Ordinary
music_recognizer: No match from Shazam
music_recognizer: No match from Shazam
music_recognizer: Shazam attempt 1/3 hit an error page (rate limit?); retrying in 1.0s
music_recognizer: Shazam attempt 2/3 hit an error page (rate limit?); retrying in 2.0s
music_recognizer: Shazam attempt 1/3 hit an error page (rate limit?); retrying in 1.0s
music_recognizer: No match from Shazam
music_recognizer: Recognized: BoyWithUke — Sick of U (feat. Oliver Tree)
music_recognizer: Recognized: BoyWithUke — Sick of U (feat. Oliver Tree)
music_recognizer: Shazam attempt 1/3 hit an error page (rate limit?); retrying in 1.0s
music_recognizer: Shazam attempt 1/3 hit an error page (rate limit?); retrying in 1.0s
music_recognizer: Shazam attempt 2/3 hit an error page (rate limit?); retrying in 2.0s
music_recognizer: Shazam attempt 2/3 hit an error page (rate limit?); retrying in 2.0s
music_recognizer: Recognized: BoyWithUke — Sick of U (feat. Oliver Tree)
music_recognizer: Recognized: BoyWithUke — Sick of U (feat. Oliver Tree)
music_recognizer: No match from Shazam
music_recognizer: Shazam attempt 1/3 hit an error page (rate limit?); retrying in 1.0s
music_recognizer: Shazam attempt 2/3 hit an error page (rate limit?); retrying in 2.0s
music_recognizer: Audio bytes identification failed: Check args, URL is invalid
URL- https://amp.shazam.com/discovery/v5/en/GB/iphone/-/tag/D266C93C-6721-4182-B816-328FBC2B9B8F/6D2FFA5E-7C34-49F5-A0C1-340FA2B6E45D?sync=true&webv3=true&sampling=true&connected=&shazamapiversion=v3&sharehub=true&hubv5minorversion=v5.1&hidelb=true&video=v3
music_recognizer: Shazam attempt 1/3 hit an error page (rate limit?); retrying in 1.0s
music_recognizer: Shazam attempt 2/3 hit an error page (rate limit?); retrying in 2.0s
music_recognizer: Recognized: BoyWithUke — Sick of U (feat. Oliver Tree)
music_recognizer: No match from Shazam
music_recognizer: Recognized: BoyWithUke — Sick of U (feat. Oliver Tree)
music_recognizer: Shazam attempt 1/3 hit an error page (rate limit?); retrying in 1.0s
music_recognizer: Shazam attempt 2/3 hit an error page (rate limit?); retrying in 2.0s
music_recognizer: Audio bytes identification failed: Check args, URL is invalid
URL- https://amp.shazam.com/discovery/v5/en/GB/iphone/-/tag/BB0AABC2-2179-4063-98C4-60436420AF35/8FD32992-830A-465E-A043-D1F53346F163?sync=true&webv3=true&sampling=true&connected=&shazamapiversion=v3&sharehub=true&hubv5minorversion=v5.1&hidelb=true&video=v3
music_recognizer: Shazam attempt 1/3 hit an error page (rate limit?); retrying in 1.0s
music_recognizer: Recognized: Oliver Tree — Movement
music_recognizer: No match from Shazam
music_recognizer: Recognized: Oliver Tree — Movement
music_recognizer: Shazam attempt 1/3 hit an error page (rate limit?); retrying in 1.0s
mood_orchestrator: Mood generation failed for 'oliver tree||movement||movement - single': Effect 68 is not allowed. Safe effects: 2=Breathe, 8=Colorloop, 9=Rainbow, 12=Fade, 28=Chase, 30=Chase Rainbow, 33=Rainbow Runner, 37=Chase 2, 52=Running Dual, 54=Chase 3, 62=Oscillate, 63=Pride 2015, 64=Juggle, 67=Colorwaves, 74=Lake, 76=Meteor Smooth, 90=Sinelon, 92=Sinelon Rainbow, 98=Pacifica, 105=Sine, 108=Flow, 115=Drift Rose, 120=Waving Cell, 122=Pixelwave, 130=Waterfall, 162=Drift, 163=Waverly, 172=Swirl, 179=Flow Stripe, 183=Wavesins.; using ambient.
music_recognizer: Shazam attempt 2/3 hit an error page (rate limit?); retrying in 2.0s
music_recognizer: Audio bytes identification failed: Check args, URL is invalid
URL- https://amp.shazam.com/discovery/v5/en/GB/iphone/-/tag/B2A3EF39-305C-4909-B56A-F21512489664/E61970C7-C1C8-4C46-ABFA-0CD1DD25AB5A?sync=true&webv3=true&sampling=true&connected=&shazamapiversion=v3&sharehub=true&hubv5minorversion=v5.1&hidelb=true&video=v3
music_recognizer: Shazam attempt 1/3 hit an error page (rate limit?); retrying in 1.0s
music_recognizer: Shazam attempt 2/3 hit an error page (rate limit?); retrying in 2.0s
music_recognizer: Recognized: Oliver Tree — Movement
music_recognizer: Recognized: Oliver Tree — Movement
music_recognizer: Recognized: Oliver Tree — Movement
music_recognizer: Shazam attempt 1/3 hit an error page (rate limit?); retrying in 1.0s
music_recognizer: Shazam attempt 2/3 hit an error page (rate limit?); retrying in 2.0s
music_recognizer: Shazam attempt 1/3 hit an error page (rate limit?); retrying in 1.0s
music_recognizer: No match from Shazam
music_recognizer: No match from Shazam
music_recognizer: Recognized: Yung Gravy — SUPA GOOD!!! (from Dog Man)
music_recognizer: Shazam attempt 1/3 hit an error page (rate limit?); retrying in 1.0s
music_recognizer: Shazam attempt 2/3 hit an error page (rate limit?); retrying in 2.0s
music_recognizer: Shazam attempt 1/3 hit an error page (rate limit?); retrying in 1.0s
music_recognizer: Audio bytes identification failed: Check args, URL is invalid
URL- https://amp.shazam.com/discovery/v5/en/GB/iphone/-/tag/8F329A15-BF5A-435C-99AC-6DEDFE73F625/E3DFF607-1499-40A4-B238-F50E16ACB6A4?sync=true&webv3=true&sampling=true&connected=&shazamapiversion=v3&sharehub=true&hubv5minorversion=v5.1&hidelb=true&video=v3
music_recognizer: No match from Shazam
music_recognizer: No match from Shazam
music_recognizer: Recognized: Yung Gravy — SUPA GOOD!!! (from Dog Man)
music_recognizer: Shazam attempt 1/3 hit an error page (rate limit?); retrying in 1.0s
music_recognizer: Shazam attempt 1/3 hit an error page (rate limit?); retrying in 1.0s
music_recognizer: Shazam attempt 2/3 hit an error page (rate limit?); retrying in 2.0s
music_recognizer: Shazam attempt 2/3 hit an error page (rate limit?); retrying in 2.0s
music_recognizer: Audio bytes identification failed: Check args, URL is invalid
URL- https://amp.shazam.com/discovery/v5/en/GB/iphone/-/tag/8945CBE5-EEE0-4D89-B1FD-7978A70C2DD1/965A2A3D-9B28-4CD5-BA24-73645BEBF780?sync=true&webv3=true&sampling=true&connected=&shazamapiversion=v3&sharehub=true&hubv5minorversion=v5.1&hidelb=true&video=v3
music_recognizer: No match from Shazam
music_recognizer: No match from Shazam
music_recognizer: No match from Shazam
music_recognizer: Shazam attempt 1/3 hit an error page (rate limit?); retrying in 1.0s
music_recognizer: Shazam attempt 1/3 hit an error page (rate limit?); retrying in 1.0s
music_recognizer: Shazam attempt 2/3 hit an error page (rate limit?); retrying in 2.0s
music_recognizer: Shazam attempt 2/3 hit an error page (rate limit?); retrying in 2.0s
music_recognizer: Recognized: James Brown — I Got You (I Feel Good)
music_recognizer: No match from Shazam
music_recognizer: Recognized: James Brown — I Got You (I Feel Good)
music_recognizer: Shazam attempt 1/3 hit an error page (rate limit?); retrying in 1.0s
music_recognizer: Shazam attempt 1/3 hit an error page (rate limit?); retrying in 1.0s
music_recognizer: Shazam attempt 2/3 hit an error page (rate limit?); retrying in 2.0s
music_recognizer: Shazam attempt 2/3 hit an error page (rate limit?); retrying in 2.0s
music_recognizer: Audio bytes identification failed: Check args, URL is invalid
URL- https://amp.shazam.com/discovery/v5/en/GB/iphone/-/tag/B7DC9376-9F2B-4B56-847B-42A04FE59973/369781E0-945C-4FA2-BE36-2022E524E437?sync=true&webv3=true&sampling=true&connected=&shazamapiversion=v3&sharehub=true&hubv5minorversion=v5.1&hidelb=true&video=v3
music_recognizer: Recognized: Black Eyed Peas — Imma Be
music_recognizer: Recognized: Black Eyed Peas — Imma Be
music_recognizer: Recognized: Black Eyed Peas — Imma Be (Radio Edit Version)
music_recognizer: Shazam attempt 1/3 hit an error page (rate limit?); retrying in 1.0s
music_recognizer: Shazam attempt 2/3 hit an error page (rate limit?); retrying in 2.0s
music_recognizer: Audio bytes identification failed: Check args, URL is invalid
URL- https://amp.shazam.com/discovery/v5/en/GB/iphone/-/tag/01DF8C09-F724-4AFF-84E7-F7ED0CD12EF4/9756787A-7D2D-42B0-BF3D-61B03DFD32A0?sync=true&webv3=true&sampling=true&connected=&shazamapiversion=v3&sharehub=true&hubv5minorversion=v5.1&hidelb=true&video=v3
music_recognizer: Shazam attempt 1/3 hit an error page (rate limit?); retrying in 1.0s
music_recognizer: Recognized: Black Eyed Peas — Imma Be
music_recognizer: Recognized: Black Eyed Peas — Imma Be
music_recognizer: Recognized: Black Eyed Peas — Imma Be
music_recognizer: Shazam attempt 1/3 hit an error page (rate limit?); retrying in 1.0s
music_recognizer: Shazam attempt 2/3 hit an error page (rate limit?); retrying in 2.0s
music_recognizer: Shazam attempt 1/3 hit an error page (rate limit?); retrying in 1.0s
music_recognizer: Audio bytes identification failed: Check args, URL is invalid
URL- https://amp.shazam.com/discovery/v5/en/GB/iphone/-/tag/35145D5F-C299-4155-8ECA-6B327471BA72/CE683A8F-3BB5-4E57-95A2-92FE14A26D68?sync=true&webv3=true&sampling=true&connected=&shazamapiversion=v3&sharehub=true&hubv5minorversion=v5.1&hidelb=true&video=v3
music_recognizer: Shazam attempt 2/3 hit an error page (rate limit?); retrying in 2.0s
music_recognizer: Recognized: Black Eyed Peas — Imma Be
music_recognizer: Recognized: Black Eyed Peas — Imma Be
music_recognizer: Recognized: Black Eyed Peas — Imma Be
music_recognizer: Shazam attempt 1/3 hit an error page (rate limit?); retrying in 1.0s
music_recognizer: Shazam attempt 2/3 hit an error page (rate limit?); retrying in 2.0s
music_recognizer: Shazam attempt 1/3 hit an error page (rate limit?); retrying in 1.0s
music_recognizer: Recognized: Black Eyed Peas — Imma Be
music_recognizer: No match from Shazam
music_recognizer: Recognized: Eminem — River (feat. Ed Sheeran)
music_recognizer: Shazam attempt 1/3 hit an error page (rate limit?); retrying in 1.0s
music_recognizer: Shazam attempt 1/3 hit an error page (rate limit?); retrying in 1.0s
music_recognizer: Shazam attempt 2/3 hit an error page (rate limit?); retrying in 2.0s
music_recognizer: Shazam attempt 2/3 hit an error page (rate limit?); retrying in 2.0s
music_recognizer: Recognized: Eminem — River (feat. Ed Sheeran)
music_recognizer: Recognized: Eminem — River (feat. Ed Sheeran)
music_recognizer: Recognized: CRR — BETTER PLACE
music_recognizer: Shazam attempt 1/3 hit an error page (rate limit?); retrying in 1.0s
music_recognizer: Shazam attempt 2/3 hit an error page (rate limit?); retrying in 2.0s
music_recognizer: Audio bytes identification failed: Check args, URL is invalid
URL- https://amp.shazam.com/discovery/v5/en/GB/iphone/-/tag/44D13FD4-7DB2-4F3C-AB2C-2790411A2DF6/205E6D61-1560-45D8-A4EE-9E3D59025DAC?sync=true&webv3=true&sampling=true&connected=&shazamapiversion=v3&sharehub=true&hubv5minorversion=v5.1&hidelb=true&video=v3
music_recognizer: No match from Shazam
music_recognizer: Recognized: Eminem — River (feat. Ed Sheeran)
music_recognizer: Recognized: Eminem — River (feat. Ed Sheeran)
music_recognizer: Shazam attempt 1/3 hit an error page (rate limit?); retrying in 1.0s
music_recognizer: Shazam attempt 2/3 hit an error page (rate limit?); retrying in 2.0s
music_recognizer: Audio bytes identification failed: Check args, URL is invalid
URL- https://amp.shazam.com/discovery/v5/en/GB/iphone/-/tag/E566C3D9-E73C-4C57-B9DE-11F851E3E8A9/0F02644C-E99F-4ED9-90C2-71521045E209?sync=true&webv3=true&sampling=true&connected=&shazamapiversion=v3&sharehub=true&hubv5minorversion=v5.1&hidelb=true&video=v3
music_recognizer: Shazam attempt 1/3 hit an error page (rate limit?); retrying in 1.0s
music_recognizer: Recognized: Eminem — River (feat. Ed Sheeran)
music_recognizer: Recognized: Eminem — River (feat. Ed Sheeran)
music_recognizer: Recognized: Eminem — River (feat. Ed Sheeran)
music_recognizer: Shazam attempt 1/3 hit an error page (rate limit?); retrying in 1.0s
music_recognizer: Shazam attempt 2/3 hit an error page (rate limit?); retrying in 2.0s
music_recognizer: Shazam attempt 1/3 hit an error page (rate limit?); retrying in 1.0s
music_recognizer: Audio bytes identification failed: Check args, URL is invalid
URL- https://amp.shazam.com/discovery/v5/en/GB/iphone/-/tag/EEDACB0D-A42B-44CF-9829-F857EF63F0DF/EF8A0206-3F65-4505-AF1F-81C204591206?sync=true&webv3=true&sampling=true&connected=&shazamapiversion=v3&sharehub=true&hubv5minorversion=v5.1&hidelb=true&video=v3
music_recognizer: Shazam attempt 2/3 hit an error page (rate limit?); retrying in 2.0s
music_recognizer: Recognized: Falling In Reverse — Game Over
music_recognizer: Recognized: Eminem — River (feat. Ed Sheeran)
music_recognizer: Recognized: Falling In Reverse — Game Over
music_recognizer: Shazam attempt 1/3 hit an error page (rate limit?); retrying in 1.0s
music_recognizer: Shazam attempt 2/3 hit an error page (rate limit?); retrying in 2.0s
music_recognizer: Audio bytes identification failed: Check args, URL is invalid
URL- https://amp.shazam.com/discovery/v5/en/GB/iphone/-/tag/92542735-5921-49AE-90DB-5290E3E941B1/5266FB43-7383-428B-8672-99FEF32AD0CD?sync=true&webv3=true&sampling=true&connected=&shazamapiversion=v3&sharehub=true&hubv5minorversion=v5.1&hidelb=true&video=v3
music_recognizer: Shazam attempt 1/3 hit an error page (rate limit?); retrying in 1.0s
music_recognizer: Recognized: Falling In Reverse — Game Over
music_recognizer: Recognized: Falling In Reverse — Game Over
music_recognizer: No match from Shazam
music_recognizer: Shazam attempt 1/3 hit an error page (rate limit?); retrying in 1.0s
music_recognizer: Shazam attempt 2/3 hit an error page (rate limit?); retrying in 2.0s
music_recognizer: Shazam attempt 1/3 hit an error page (rate limit?); retrying in 1.0s
music_recognizer: Audio bytes identification failed: Check args, URL is invalid
URL- https://amp.shazam.com/discovery/v5/en/GB/iphone/-/tag/E165010F-1471-4950-9A24-43275D281661/633EE834-E45F-44E8-B29C-8D51CA089328?sync=true&webv3=true&sampling=true&connected=&shazamapiversion=v3&sharehub=true&hubv5minorversion=v5.1&hidelb=true&video=v3
music_recognizer: Shazam attempt 2/3 hit an error page (rate limit?); retrying in 2.0s
music_recognizer: Recognized: Falling In Reverse — Game Over
music_recognizer: Recognized: Falling In Reverse — Game Over
music_recognizer: Recognized: Falling In Reverse — Game Over
music_recognizer: Shazam attempt 1/3 hit an error page (rate limit?); retrying in 1.0s
music_recognizer: Shazam attempt 2/3 hit an error page (rate limit?); retrying in 2.0s
music_recognizer: Audio bytes identification failed: Check args, URL is invalid
URL- https://amp.shazam.com/discovery/v5/en/GB/iphone/-/tag/11E1BA94-97D9-4751-B902-81BBB6B30216/620DB9AB-E17D-4879-8BD7-1D6EED22F678?sync=true&webv3=true&sampling=true&connected=&shazamapiversion=v3&sharehub=true&hubv5minorversion=v5.1&hidelb=true&video=v3
music_recognizer: Recognized: Falling In Reverse — ZOMBIFIED
music_recognizer: No match from Shazam
music_recognizer: Recognized: Falling In Reverse — ZOMBIFIED
music_recognizer: Shazam attempt 1/3 hit an error page (rate limit?); retrying in 1.0s
music_recognizer: Shazam attempt 2/3 hit an error page (rate limit?); retrying in 2.0s
music_recognizer: Audio bytes identification failed: Check args, URL is invalid
URL- https://amp.shazam.com/discovery/v5/en/GB/iphone/-/tag/C8D3F5E5-D84F-478B-9A8E-3511D05A704E/871098D3-B9B4-4243-A64A-EA7009963596?sync=true&webv3=true&sampling=true&connected=&shazamapiversion=v3&sharehub=true&hubv5minorversion=v5.1&hidelb=true&video=v3
music_recognizer: Shazam attempt 1/3 hit an error page (rate limit?); retrying in 1.0s
music_recognizer: Recognized: Falling In Reverse — ZOMBIFIED
music_recognizer: Recognized: Falling In Reverse — ZOMBIFIED
music_recognizer: Recognized: Falling In Reverse — ZOMBIFIED
music_recognizer: Shazam attempt 1/3 hit an error page (rate limit?); retrying in 1.0s
music_recognizer: Shazam attempt 2/3 hit an error page (rate limit?); retrying in 2.0s
music_recognizer: Audio bytes identification failed: Check args, URL is invalid
URL- https://amp.shazam.com/discovery/v5/en/GB/iphone/-/tag/69FEEE47-2627-4DF0-B37C-1B3CF18B2064/275FE5EF-62D8-4363-8F1E-4770BBDA66BB?sync=true&webv3=true&sampling=true&connected=&shazamapiversion=v3&sharehub=true&hubv5minorversion=v5.1&hidelb=true&video=v3
music_recognizer: Shazam attempt 1/3 hit an error page (rate limit?); retrying in 1.0s
music_recognizer: Recognized: Falling In Reverse — ZOMBIFIED
music_recognizer: No match from Shazam
music_recognizer: No match from Shazam
music_recognizer: Shazam attempt 1/3 hit an error page (rate limit?); retrying in 1.0s
music_recognizer: Shazam attempt 2/3 hit an error page (rate limit?); retrying in 2.0s
music_recognizer: Shazam attempt 1/3 hit an error page (rate limit?); retrying in 1.0s
music_recognizer: No match from Shazam
music_recognizer: Recognized: Falling In Reverse — ZOMBIFIED
music_recognizer: Recognized: Falling In Reverse — ZOMBIFIED
music_recognizer: Shazam attempt 1/3 hit an error page (rate limit?); retrying in 1.0s
music_recognizer: Shazam attempt 1/3 hit an error page (rate limit?); retrying in 1.0s
music_recognizer: Shazam attempt 2/3 hit an error page (rate limit?); retrying in 2.0s
music_recognizer: Shazam attempt 2/3 hit an error page (rate limit?); retrying in 2.0s
music_recognizer: No match from Shazam
music_recognizer: Recognized: Oliver Tree — All You Ever Wanted
music_recognizer: No match from Shazam
music_recognizer: Shazam attempt 1/3 hit an error page (rate limit?); retrying in 1.0s
music_recognizer: Shazam attempt 2/3 hit an error page (rate limit?); retrying in 2.0s
music_recognizer: Audio bytes identification failed: Check args, URL is invalid
URL- https://amp.shazam.com/discovery/v5/en/GB/iphone/-/tag/942FC7E7-D7BF-4EC2-B4D8-15B4849B8BD1/326FDE91-2E07-439E-89B4-C7979BE91FCD?sync=true&webv3=true&sampling=true&connected=&shazamapiversion=v3&sharehub=true&hubv5minorversion=v5.1&hidelb=true&video=v3
music_recognizer: Shazam attempt 1/3 hit an error page (rate limit?); retrying in 1.0s
music_recognizer: Shazam attempt 2/3 hit an error page (rate limit?); retrying in 2.0s
music_recognizer: Recognized: Oliver Tree — All You Ever Wanted
music_recognizer: No match from Shazam
music_recognizer: Recognized: Oliver Tree — All You Ever Wanted
music_recognizer: Shazam attempt 1/3 hit an error page (rate limit?); retrying in 1.0s
music_recognizer: Shazam attempt 2/3 hit an error page (rate limit?); retrying in 2.0s
music_recognizer: Audio bytes identification failed: Check args, URL is invalid
URL- https://amp.shazam.com/discovery/v5/en/GB/iphone/-/tag/CAA5E4C8-F188-45C8-B4A7-AD93141E22C1/4CC21C06-E823-434B-8117-7B9259CE13EA?sync=true&webv3=true&sampling=true&connected=&shazamapiversion=v3&sharehub=true&hubv5minorversion=v5.1&hidelb=true&video=v3
music_recognizer: Recognized: Oliver Tree — Every Type of Friend
music_recognizer: Recognized: Oliver Tree — Every Type of Friend
music_recognizer: Recognized: Oliver Tree — Every Type of Friend
music_recognizer: Shazam attempt 1/3 hit an error page (rate limit?); retrying in 1.0s
music_recognizer: Shazam attempt 2/3 hit an error page (rate limit?); retrying in 2.0s
music_recognizer: Audio bytes identification failed: Check args, URL is invalid
URL- https://amp.shazam.com/discovery/v5/en/GB/iphone/-/tag/64CC6ED6-96BF-4759-BE87-98FB62E7104B/6598B586-2364-4EC4-B07B-46A21E731F32?sync=true&webv3=true&sampling=true&connected=&shazamapiversion=v3&sharehub=true&hubv5minorversion=v5.1&hidelb=true&video=v3
music_recognizer: Shazam attempt 1/3 hit an error page (rate limit?); retrying in 1.0s
music_recognizer: Recognized: Oliver Tree — Every Type of Friend
music_recognizer: Recognized: Oliver Tree — Every Type of Friend
music_recognizer: No match from Shazam
music_recognizer: Shazam attempt 1/3 hit an error page (rate limit?); retrying in 1.0s
music_recognizer: Shazam attempt 2/3 hit an error page (rate limit?); retrying in 2.0s
music_recognizer: Audio bytes identification failed: Check args, URL is invalid
URL- https://amp.shazam.com/discovery/v5/en/GB/iphone/-/tag/4219F44D-3C1F-4BCB-A0FF-DFF62FDB80E1/F6AA29BD-8804-4DE7-86A6-F54D0278D40C?sync=true&webv3=true&sampling=true&connected=&shazamapiversion=v3&sharehub=true&hubv5minorversion=v5.1&hidelb=true&video=v3
music_recognizer: Recognized: Oliver Tree — Every Type of Friend
music_recognizer: Recognized: Oliver Tree — Every Type of Friend
music_recognizer: Recognized: Oliver Tree — Every Type of Friend
music_recognizer: Shazam attempt 1/3 hit an error page (rate limit?); retrying in 1.0s
music_recognizer: Shazam attempt 2/3 hit an error page (rate limit?); retrying in 2.0s
music_recognizer: Audio bytes identification failed: Check args, URL is invalid
URL- https://amp.shazam.com/discovery/v5/en/GB/iphone/-/tag/B37E872D-0794-49BC-8022-C9556C70F40F/3DAFE755-4CFB-4F08-85BA-FE053F22A822?sync=true&webv3=true&sampling=true&connected=&shazamapiversion=v3&sharehub=true&hubv5minorversion=v5.1&hidelb=true&video=v3
music_recognizer: No match from Shazam
music_recognizer: Recognized: Thonn — Modo After
music_recognizer: Recognized: Benny Benassi & The Biz — Satisfaction (Just_us Remix)
music_recognizer: Shazam attempt 1/3 hit an error page (rate limit?); retrying in 1.0s
music_recognizer: Shazam attempt 2/3 hit an error page (rate limit?); retrying in 2.0s
music_recognizer: Audio bytes identification failed: Check args, URL is invalid
URL- https://amp.shazam.com/discovery/v5/en/GB/iphone/-/tag/0B2A4FB1-B517-476B-B28A-5FBE343F8ACD/EEDD7C5F-35BD-4CF4-9D86-B4377AEB6983?sync=true&webv3=true&sampling=true&connected=&shazamapiversion=v3&sharehub=true&hubv5minorversion=v5.1&hidelb=true&video=v3
music_recognizer: Shazam attempt 1/3 hit an error page (rate limit?); retrying in 1.0s
music_recognizer: No match from Shazam
music_recognizer: No match from Shazam
music_recognizer: Recognized: Benny Benassi & The Biz — Satisfaction (Just_us Remix)
music_recognizer: Shazam attempt 1/3 hit an error page (rate limit?); retrying in 1.0s
music_recognizer: Shazam attempt 2/3 hit an error page (rate limit?); retrying in 2.0s
music_recognizer: Audio bytes identification failed: Check args, URL is invalid
URL- https://amp.shazam.com/discovery/v5/en/GB/iphone/-/tag/21AF142F-3F9B-44E2-B3B9-00BDCE041F33/DF7FD989-4F3E-4108-9C5A-18744935DFAA?sync=true&webv3=true&sampling=true&connected=&shazamapiversion=v3&sharehub=true&hubv5minorversion=v5.1&hidelb=true&video=v3
music_recognizer: Shazam attempt 1/3 hit an error page (rate limit?); retrying in 1.0s
music_recognizer: Recognized: Benny Benassi & The Biz — Satisfaction (Just_us Remix)
music_recognizer: No match from Shazam
music_recognizer: Recognized: Benny Benassi & The Biz — Satisfaction (Just_us Remix)
music_recognizer: Shazam attempt 1/3 hit an error page (rate limit?); retrying in 1.0s
music_recognizer: Shazam attempt 2/3 hit an error page (rate limit?); retrying in 2.0s
music_recognizer: Shazam attempt 1/3 hit an error page (rate limit?); retrying in 1.0s
music_recognizer: Audio bytes identification failed: Check args, URL is invalid
URL- https://amp.shazam.com/discovery/v5/en/GB/iphone/-/tag/2940C8F3-83AE-448C-88E9-5A6F66DB3925/21B2EA4C-E8C4-42AA-B353-E25D604B0D62?sync=true&webv3=true&sampling=true&connected=&shazamapiversion=v3&sharehub=true&hubv5minorversion=v5.1&hidelb=true&video=v3
music_recognizer: Shazam attempt 2/3 hit an error page (rate limit?); retrying in 2.0s
music_recognizer: Recognized: PSY — DADDY (feat. CL)
music_recognizer: Recognized: PSY — DADDY (feat. CL)
music_recognizer: No match from Shazam
music_recognizer: Shazam attempt 1/3 hit an error page (rate limit?); retrying in 1.0s
music_recognizer: Shazam attempt 2/3 hit an error page (rate limit?); retrying in 2.0s
music_recognizer: Shazam attempt 1/3 hit an error page (rate limit?); retrying in 1.0s
music_recognizer: Audio bytes identification failed: Check args, URL is invalid
URL- https://amp.shazam.com/discovery/v5/en/GB/iphone/-/tag/3EC5DDEC-DE08-4D8A-B107-7F6A42C0D880/60CE16FA-3573-44B1-ADD7-3534F14B358D?sync=true&webv3=true&sampling=true&connected=&shazamapiversion=v3&sharehub=true&hubv5minorversion=v5.1&hidelb=true&video=v3
music_recognizer: No match from Shazam
music_recognizer: Recognized: PSY — DADDY (feat. CL)
music_recognizer: Recognized: PSY — DADDY (feat. CL)
music_recognizer: Shazam attempt 1/3 hit an error page (rate limit?); retrying in 1.0s
music_recognizer: Shazam attempt 2/3 hit an error page (rate limit?); retrying in 2.0s
music_recognizer: Audio bytes identification failed: Check args, URL is invalid
URL- https://amp.shazam.com/discovery/v5/en/GB/iphone/-/tag/FDB09C3B-51A2-4CE3-8346-C003B6FEEB98/54CA10BF-7772-4159-82D1-62169510753B?sync=true&webv3=true&sampling=true&connected=&shazamapiversion=v3&sharehub=true&hubv5minorversion=v5.1&hidelb=true&video=v3
music_recognizer: Shazam attempt 1/3 hit an error page (rate limit?); retrying in 1.0s
music_recognizer: Recognized: PSY — DADDY (feat. CL)
music_recognizer: Recognized: PSY — DADDY (feat. CL)
music_recognizer: Recognized: PSY — DADDY (feat. CL)
music_recognizer: Shazam attempt 1/3 hit an error page (rate limit?); retrying in 1.0s
music_recognizer: Shazam attempt 2/3 hit an error page (rate limit?); retrying in 2.0s
music_recognizer: Shazam attempt 1/3 hit an error page (rate limit?); retrying in 1.0s
music_recognizer: Audio bytes identification failed: Check args, URL is invalid
URL- https://amp.shazam.com/discovery/v5/en/GB/iphone/-/tag/86B0D2D5-9A04-4ECD-846E-C012A042749B/EC395557-531B-4DB7-9353-AD662D10BA2E?sync=true&webv3=true&sampling=true&connected=&shazamapiversion=v3&sharehub=true&hubv5minorversion=v5.1&hidelb=true&video=v3
music_recognizer: Shazam attempt 2/3 hit an error page (rate limit?); retrying in 2.0s
music_recognizer: Recognized: PSY — DADDY (feat. CL)
music_recognizer: Recognized: PSY — DADDY (feat. CL)
music_recognizer: No match from Shazam
music_recognizer: Shazam attempt 1/3 hit an error page (rate limit?); retrying in 1.0s
music_recognizer: Shazam attempt 2/3 hit an error page (rate limit?); retrying in 2.0s
music_recognizer: Audio bytes identification failed: Check args, URL is invalid
URL- https://amp.shazam.com/discovery/v5/en/GB/iphone/-/tag/8E84BA73-F5A0-438F-BC5B-1C6120F04428/F55F8166-EC05-4967-8A17-0A1FC0D0199B?sync=true&webv3=true&sampling=true&connected=&shazamapiversion=v3&sharehub=true&hubv5minorversion=v5.1&hidelb=true&video=v3
music_recognizer: Recognized: Oliver Tree & Little Big — Turn It Up (feat. Tommy Cash)
music_recognizer: Recognized: Oliver Tree & Little Big — Turn It Up (feat. Tommy Cash)
music_recognizer: Recognized: Oliver Tree & Little Big — Turn It Up (feat. Tommy Cash)
music_recognizer: Shazam attempt 1/3 hit an error page (rate limit?); retrying in 1.0s
music_recognizer: Shazam attempt 2/3 hit an error page (rate limit?); retrying in 2.0s
music_recognizer: Audio bytes identification failed: Check args, URL is invalid
URL- https://amp.shazam.com/discovery/v5/en/GB/iphone/-/tag/6D460191-4A21-4C90-A273-8FFA082192A9/77CF2121-A617-4ACF-86E7-CE3EF9141133?sync=true&webv3=true&sampling=true&connected=&shazamapiversion=v3&sharehub=true&hubv5minorversion=v5.1&hidelb=true&video=v3
music_recognizer: Shazam attempt 1/3 hit an error page (rate limit?); retrying in 1.0s
music_recognizer: No match from Shazam
music_recognizer: No match from Shazam
music_recognizer: No match from Shazam
music_recognizer: Shazam attempt 1/3 hit an error page (rate limit?); retrying in 1.0s
music_recognizer: Shazam attempt 2/3 hit an error page (rate limit?); retrying in 2.0s
music_recognizer: Audio bytes identification failed: Check args, URL is invalid
URL- https://amp.shazam.com/discovery/v5/en/GB/iphone/-/tag/02B70663-7805-43FC-ADB2-CD16303421AB/0C8C41CC-8CFB-4223-8663-50E5AB6FC4A9?sync=true&webv3=true&sampling=true&connected=&shazamapiversion=v3&sharehub=true&hubv5minorversion=v5.1&hidelb=true&video=v3
music_recognizer: Shazam attempt 1/3 hit an error page (rate limit?); retrying in 1.0s
music_recognizer: No match from Shazam
music_recognizer: No match from Shazam
music_recognizer: No match from Shazam
music_recognizer: Shazam attempt 1/3 hit an error page (rate limit?); retrying in 1.0s
music_recognizer: Shazam attempt 2/3 hit an error page (rate limit?); retrying in 2.0s
music_recognizer: Shazam attempt 1/3 hit an error page (rate limit?); retrying in 1.0s
music_recognizer: Audio bytes identification failed: Check args, URL is invalid
URL- https://amp.shazam.com/discovery/v5/en/GB/iphone/-/tag/F03F0E67-AE91-4E85-86B1-F9B987682F4B/0361A7D5-94D5-4FD8-A31B-1AFA4E57B195?sync=true&webv3=true&sampling=true&connected=&shazamapiversion=v3&sharehub=true&hubv5minorversion=v5.1&hidelb=true&video=v3
music_recognizer: Shazam attempt 2/3 hit an error page (rate limit?); retrying in 2.0s
music_recognizer: No match from Shazam
music_recognizer: No match from Shazam
music_recognizer: No match from Shazam
music_recognizer: Shazam attempt 1/3 hit an error page (rate limit?); retrying in 1.0s
music_recognizer: Shazam attempt 2/3 hit an error page (rate limit?); retrying in 2.0s
music_recognizer: Audio bytes identification failed: Check args, URL is invalid
URL- https://amp.shazam.com/discovery/v5/en/GB/iphone/-/tag/75215DCD-B68E-4411-B72A-FDED0B08F877/8B482C11-8460-41A9-B838-95B0EA5D90C5?sync=true&webv3=true&sampling=true&connected=&shazamapiversion=v3&sharehub=true&hubv5minorversion=v5.1&hidelb=true&video=v3
music_recognizer: Shazam attempt 1/3 hit an error page (rate limit?); retrying in 1.0s
music_recognizer: No match from Shazam
music_recognizer: No match from Shazam
music_recognizer: No match from Shazam
music_recognizer: Shazam attempt 1/3 hit an error page (rate limit?); retrying in 1.0s
music_recognizer: Shazam attempt 2/3 hit an error page (rate limit?); retrying in 2.0s
music_recognizer: Shazam attempt 1/3 hit an error page (rate limit?); retrying in 1.0s
music_recognizer: Audio bytes identification failed: Check args, URL is invalid
URL- https://amp.shazam.com/discovery/v5/en/GB/iphone/-/tag/A5F93FF7-94F2-41F5-B6B6-A0242D81A4F3/315BD8D8-66B8-4C5B-8EBF-4B6A0E0B4272?sync=true&webv3=true&sampling=true&connected=&shazamapiversion=v3&sharehub=true&hubv5minorversion=v5.1&hidelb=true&video=v3
music_recognizer: Shazam attempt 2/3 hit an error page (rate limit?); retrying in 2.0s
music_recognizer: No match from Shazam
music_recognizer: No match from Shazam
music_recognizer: No match from Shazam
music_recognizer: Shazam attempt 1/3 hit an error page (rate limit?); retrying in 1.0s
music_recognizer: Shazam attempt 2/3 hit an error page (rate limit?); retrying in 2.0s
music_recognizer: Audio bytes identification failed: Check args, URL is invalid
URL- https://amp.shazam.com/discovery/v5/en/GB/iphone/-/tag/29BBE390-EE6C-409D-BC15-97039BCCF319/F4C6CE6E-3CED-45CF-BC00-C04B84586744?sync=true&webv3=true&sampling=true&connected=&shazamapiversion=v3&sharehub=true&hubv5minorversion=v5.1&hidelb=true&video=v3
music_recognizer: Shazam attempt 1/3 hit an error page (rate limit?); retrying in 1.0s
music_recognizer: No match from Shazam
music_recognizer: No match from Shazam
music_recognizer: No match from Shazam
music_recognizer: Shazam attempt 1/3 hit an error page (rate limit?); retrying in 1.0s
music_recognizer: Shazam attempt 2/3 hit an error page (rate limit?); retrying in 2.0s
music_recognizer: Shazam attempt 1/3 hit an error page (rate limit?); retrying in 1.0s
music_recognizer: Audio bytes identification failed: Check args, URL is invalid
URL- https://amp.shazam.com/discovery/v5/en/GB/iphone/-/tag/8798F505-7E23-493A-8192-35B8A6239354/55A38199-92AD-4331-8B59-74CE5BA2290E?sync=true&webv3=true&sampling=true&connected=&shazamapiversion=v3&sharehub=true&hubv5minorversion=v5.1&hidelb=true&video=v3
music_recognizer: Shazam attempt 2/3 hit an error page (rate limit?); retrying in 2.0s
music_recognizer: No match from Shazam
music_recognizer: No match from Shazam
music_recognizer: No match from Shazam
music_recognizer: Shazam attempt 1/3 hit an error page (rate limit?); retrying in 1.0s
music_recognizer: Shazam attempt 2/3 hit an error page (rate limit?); retrying in 2.0s
music_recognizer: Shazam attempt 1/3 hit an error page (rate limit?); retrying in 1.0s
music_recognizer: Audio bytes identification failed: Check args, URL is invalid
URL- https://amp.shazam.com/discovery/v5/en/GB/iphone/-/tag/E6EEF57B-ECDD-41F2-9BEE-C2476FABC493/3783C517-5AB1-4674-9276-65130EEFE2EC?sync=true&webv3=true&sampling=true&connected=&shazamapiversion=v3&sharehub=true&hubv5minorversion=v5.1&hidelb=true&video=v3
music_recognizer: No match from Shazam
music_recognizer: No match from Shazam
music_recognizer: No match from Shazam
music_recognizer: Shazam attempt 1/3 hit an error page (rate limit?); retrying in 1.0s
music_recognizer: Shazam attempt 1/3 hit an error page (rate limit?); retrying in 1.0s
music_recognizer: Shazam attempt 2/3 hit an error page (rate limit?); retrying in 2.0s
music_recognizer: Shazam attempt 2/3 hit an error page (rate limit?); retrying in 2.0s
music_recognizer: Audio bytes identification failed: Check args, URL is invalid
URL- https://amp.shazam.com/discovery/v5/en/GB/iphone/-/tag/41BD00A6-94F4-426D-8505-E3814DD3AE03/58D897F4-E609-4468-BEA6-CFB9B534E7A0?sync=true&webv3=true&sampling=true&connected=&shazamapiversion=v3&sharehub=true&hubv5minorversion=v5.1&hidelb=true&video=v3
music_recognizer: No match from Shazam
music_recognizer: No match from Shazam
music_recognizer: No match from Shazam
music_recognizer: Shazam attempt 1/3 hit an error page (rate limit?); retrying in 1.0s
music_recognizer: Shazam attempt 1/3 hit an error page (rate limit?); retrying in 1.0s
music_recognizer: Shazam attempt 2/3 hit an error page (rate limit?); retrying in 2.0s
music_recognizer: Shazam attempt 2/3 hit an error page (rate limit?); retrying in 2.0s
music_recognizer: No match from Shazam
music_recognizer: No match from Shazam
music_recognizer: No match from Shazam
music_recognizer: Shazam attempt 1/3 hit an error page (rate limit?); retrying in 1.0s
music_recognizer: Shazam attempt 1/3 hit an error page (rate limit?); retrying in 1.0s
music_recognizer: Shazam attempt 2/3 hit an error page (rate limit?); retrying in 2.0s
music_recognizer: Shazam attempt 2/3 hit an error page (rate limit?); retrying in 2.0s
music_recognizer: Audio bytes identification failed: Check args, URL is invalid
URL- https://amp.shazam.com/discovery/v5/en/GB/iphone/-/tag/F96564DB-0C79-4ABD-9963-467E76F115BA/CA52A6A9-E951-49D0-A84A-9F6E94ED496A?sync=true&webv3=true&sampling=true&connected=&shazamapiversion=v3&sharehub=true&hubv5minorversion=v5.1&hidelb=true&video=v3
music_recognizer: No match from Shazam
music_recognizer: No match from Shazam
music_recognizer: No match from Shazam
music_recognizer: Shazam attempt 1/3 hit an error page (rate limit?); retrying in 1.0s
music_recognizer: Shazam attempt 1/3 hit an error page (rate limit?); retrying in 1.0s
music_recognizer: Shazam attempt 2/3 hit an error page (rate limit?); retrying in 2.0s
music_recognizer: Shazam attempt 2/3 hit an error page (rate limit?); retrying in 2.0s
music_recognizer: No match from Shazam
music_recognizer: No match from Shazam
music_recognizer: No match from Shazam
music_recognizer: Shazam attempt 1/3 hit an error page (rate limit?); retrying in 1.0s
music_recognizer: Shazam attempt 1/3 hit an error page (rate limit?); retrying in 1.0s
music_recognizer: Shazam attempt 2/3 hit an error page (rate limit?); retrying in 2.0s
music_recognizer: Shazam attempt 2/3 hit an error page (rate limit?); retrying in 2.0s
music_recognizer: Audio bytes identification failed: Check args, URL is invalid
URL- https://amp.shazam.com/discovery/v5/en/GB/iphone/-/tag/2B00A75B-CD05-491D-BE97-86FA0CA0AAA3/4257234A-314A-4381-8279-5161A92EB5D7?sync=true&webv3=true&sampling=true&connected=&shazamapiversion=v3&sharehub=true&hubv5minorversion=v5.1&hidelb=true&video=v3
music_recognizer: No match from Shazam
music_recognizer: No match from Shazam
music_recognizer: No match from Shazam
music_recognizer: Shazam attempt 1/3 hit an error page (rate limit?); retrying in 1.0s
music_recognizer: Shazam attempt 1/3 hit an error page (rate limit?); retrying in 1.0s
music_recognizer: Shazam attempt 2/3 hit an error page (rate limit?); retrying in 2.0s
music_recognizer: Shazam attempt 2/3 hit an error page (rate limit?); retrying in 2.0s
music_recognizer: No match from Shazam
music_recognizer: No match from Shazam
music_recognizer: No match from Shazam
music_recognizer: Shazam attempt 1/3 hit an error page (rate limit?); retrying in 1.0s
music_recognizer: Shazam attempt 1/3 hit an error page (rate limit?); retrying in 1.0s
music_recognizer: Shazam attempt 2/3 hit an error page (rate limit?); retrying in 2.0s
music_recognizer: Shazam attempt 2/3 hit an error page (rate limit?); retrying in 2.0s
music_recognizer: Audio bytes identification failed: Check args, URL is invalid
URL- https://amp.shazam.com/discovery/v5/en/GB/iphone/-/tag/38C7809F-2FBA-4923-8F72-25D1D04E297C/1A15E0F2-7A9C-4280-90A9-012EB41FCE97?sync=true&webv3=true&sampling=true&connected=&shazamapiversion=v3&sharehub=true&hubv5minorversion=v5.1&hidelb=true&video=v3
music_recognizer: No match from Shazam
music_recognizer: No match from Shazam
music_recognizer: No match from Shazam
music_recognizer: Shazam attempt 1/3 hit an error page (rate limit?); retrying in 1.0s
music_recognizer: Shazam attempt 1/3 hit an error page (rate limit?); retrying in 1.0s
music_recognizer: Shazam attempt 2/3 hit an error page (rate limit?); retrying in 2.0s
music_recognizer: Shazam attempt 2/3 hit an error page (rate limit?); retrying in 2.0s
music_recognizer: No match from Shazam
music_recognizer: No match from Shazam
music_recognizer: No match from Shazam
music_recognizer: Shazam attempt 1/3 hit an error page (rate limit?); retrying in 1.0s
music_recognizer: Shazam attempt 1/3 hit an error page (rate limit?); retrying in 1.0s
music_recognizer: Shazam attempt 2/3 hit an error page (rate limit?); retrying in 2.0s
music_recognizer: Shazam attempt 2/3 hit an error page (rate limit?); retrying in 2.0s
music_recognizer: Audio bytes identification failed: Check args, URL is invalid
URL- https://amp.shazam.com/discovery/v5/en/GB/iphone/-/tag/EED7113C-9365-4379-A458-31B6A998FB3A/D320CCB6-EB52-4C39-93A0-DCC50C2D5436?sync=true&webv3=true&sampling=true&connected=&shazamapiversion=v3&sharehub=true&hubv5minorversion=v5.1&hidelb=true&video=v3
music_recognizer: No match from Shazam
music_recognizer: No match from Shazam
music_recognizer: No match from Shazam
music_recognizer: Shazam attempt 1/3 hit an error page (rate limit?); retrying in 1.0s
music_recognizer: Shazam attempt 1/3 hit an error page (rate limit?); retrying in 1.0s
music_recognizer: Shazam attempt 2/3 hit an error page (rate limit?); retrying in 2.0s
music_recognizer: Shazam attempt 2/3 hit an error page (rate limit?); retrying in 2.0s
music_recognizer: No match from Shazam
music_recognizer: No match from Shazam
music_recognizer: No match from Shazam
music_recognizer: Shazam attempt 1/3 hit an error page (rate limit?); retrying in 1.0s
music_recognizer: Shazam attempt 1/3 hit an error page (rate limit?); retrying in 1.0s
music_recognizer: Shazam attempt 2/3 hit an error page (rate limit?); retrying in 2.0s
music_recognizer: Shazam attempt 2/3 hit an error page (rate limit?); retrying in 2.0s
music_recognizer: Audio bytes identification failed: Check args, URL is invalid
URL- https://amp.shazam.com/discovery/v5/en/GB/iphone/-/tag/D8DF1C7A-9781-4234-9EB3-9083B5525910/239092DB-01FB-4591-98E3-02E733E20552?sync=true&webv3=true&sampling=true&connected=&shazamapiversion=v3&sharehub=true&hubv5minorversion=v5.1&hidelb=true&video=v3
music_recognizer: No match from Shazam
music_recognizer: No match from Shazam
music_recognizer: No match from Shazam
music_recognizer: Shazam attempt 1/3 hit an error page (rate limit?); retrying in 1.0s
music_recognizer: Shazam attempt 1/3 hit an error page (rate limit?); retrying in 1.0s
music_recognizer: Shazam attempt 2/3 hit an error page (rate limit?); retrying in 2.0s
music_recognizer: Shazam attempt 2/3 hit an error page (rate limit?); retrying in 2.0s
music_recognizer: No match from Shazam
music_recognizer: No match from Shazam
music_recognizer: No match from Shazam
music_recognizer: Shazam attempt 1/3 hit an error page (rate limit?); retrying in 1.0s
music_recognizer: Shazam attempt 1/3 hit an error page (rate limit?); retrying in 1.0s
music_recognizer: Shazam attempt 2/3 hit an error page (rate limit?); retrying in 2.0s
music_recognizer: Shazam attempt 2/3 hit an error page (rate limit?); retrying in 2.0s
music_recognizer: Audio bytes identification failed: Check args, URL is invalid
URL- https://amp.shazam.com/discovery/v5/en/GB/iphone/-/tag/D1C3263C-073C-4F90-9928-6F2FC4299D2D/DA7F9F54-19AA-4931-AAB9-D8562A3001D2?sync=true&webv3=true&sampling=true&connected=&shazamapiversion=v3&sharehub=true&hubv5minorversion=v5.1&hidelb=true&video=v3
music_recognizer: No match from Shazam
music_recognizer: No match from Shazam
music_recognizer: No match from Shazam
music_recognizer: Shazam attempt 1/3 hit an error page (rate limit?); retrying in 1.0s
music_recognizer: Shazam attempt 1/3 hit an error page (rate limit?); retrying in 1.0s
music_recognizer: Shazam attempt 2/3 hit an error page (rate limit?); retrying in 2.0s
music_recognizer: Shazam attempt 2/3 hit an error page (rate limit?); retrying in 2.0s
music_recognizer: No match from Shazam
music_recognizer: No match from Shazam
music_recognizer: No match from Shazam
music_recognizer: Shazam attempt 1/3 hit an error page (rate limit?); retrying in 1.0s
music_recognizer: Shazam attempt 1/3 hit an error page (rate limit?); retrying in 1.0s
music_recognizer: Shazam attempt 2/3 hit an error page (rate limit?); retrying in 2.0s
music_recognizer: Shazam attempt 2/3 hit an error page (rate limit?); retrying in 2.0s
music_recognizer: Audio bytes identification failed: Check args, URL is invalid
URL- https://amp.shazam.com/discovery/v5/en/GB/iphone/-/tag/603EDAE7-60E3-4DA0-A370-7D24D58FED35/87E3C956-27E8-41AE-AE39-6278B77DDD82?sync=true&webv3=true&sampling=true&connected=&shazamapiversion=v3&sharehub=true&hubv5minorversion=v5.1&hidelb=true&video=v3
music_recognizer: No match from Shazam
music_recognizer: No match from Shazam
music_recognizer: No match from Shazam
music_recognizer: Shazam attempt 1/3 hit an error page (rate limit?); retrying in 1.0s
music_recognizer: Shazam attempt 1/3 hit an error page (rate limit?); retrying in 1.0s
music_recognizer: Shazam attempt 2/3 hit an error page (rate limit?); retrying in 2.0s
music_recognizer: Shazam attempt 2/3 hit an error page (rate limit?); retrying in 2.0s
music_recognizer: No match from Shazam
music_recognizer: No match from Shazam
music_recognizer: No match from Shazam
music_recognizer: Shazam attempt 1/3 hit an error page (rate limit?); retrying in 1.0s
music_recognizer: Shazam attempt 1/3 hit an error page (rate limit?); retrying in 1.0s
music_recognizer: Shazam attempt 2/3 hit an error page (rate limit?); retrying in 2.0s
music_recognizer: Shazam attempt 2/3 hit an error page (rate limit?); retrying in 2.0s
music_recognizer: Audio bytes identification failed: Check args, URL is invalid
URL- https://amp.shazam.com/discovery/v5/en/GB/iphone/-/tag/7C8A934A-1BF8-49CC-9FF9-6C1BC415C287/77EFCA76-B41E-4982-8BC6-9CC29FA52351?sync=true&webv3=true&sampling=true&connected=&shazamapiversion=v3&sharehub=true&hubv5minorversion=v5.1&hidelb=true&video=v3
music_recognizer: No match from Shazam
music_recognizer: No match from Shazam
music_recognizer: No match from Shazam
music_recognizer: Shazam attempt 1/3 hit an error page (rate limit?); retrying in 1.0s
music_recognizer: Shazam attempt 1/3 hit an error page (rate limit?); retrying in 1.0s
music_recognizer: Shazam attempt 2/3 hit an error page (rate limit?); retrying in 2.0s
music_recognizer: Shazam attempt 2/3 hit an error page (rate limit?); retrying in 2.0s
music_recognizer: No match from Shazam
music_recognizer: No match from Shazam
music_recognizer: No match from Shazam
music_recognizer: Shazam attempt 1/3 hit an error page (rate limit?); retrying in 1.0s
music_recognizer: Shazam attempt 1/3 hit an error page (rate limit?); retrying in 1.0s
music_recognizer: Shazam attempt 2/3 hit an error page (rate limit?); retrying in 2.0s
music_recognizer: Shazam attempt 2/3 hit an error page (rate limit?); retrying in 2.0s
music_recognizer: Audio bytes identification failed: Check args, URL is invalid
URL- https://amp.shazam.com/discovery/v5/en/GB/iphone/-/tag/25A33BF9-755D-4891-AC4E-9D3B1992B487/824D0FF8-01AE-4A5D-8A25-24C3D22B0230?sync=true&webv3=true&sampling=true&connected=&shazamapiversion=v3&sharehub=true&hubv5minorversion=v5.1&hidelb=true&video=v3
music_recognizer: No match from Shazam
music_recognizer: No match from Shazam
music_recognizer: No match from Shazam
music_recognizer: Shazam attempt 1/3 hit an error page (rate limit?); retrying in 1.0s
music_recognizer: Shazam attempt 1/3 hit an error page (rate limit?); retrying in 1.0s
music_recognizer: Shazam attempt 2/3 hit an error page (rate limit?); retrying in 2.0s
music_recognizer: Shazam attempt 2/3 hit an error page (rate limit?); retrying in 2.0s
music_recognizer: No match from Shazam
music_recognizer: No match from Shazam
music_recognizer: No match from Shazam
music_recognizer: Shazam attempt 1/3 hit an error page (rate limit?); retrying in 1.0s
music_recognizer: Shazam attempt 1/3 hit an error page (rate limit?); retrying in 1.0s
music_recognizer: Shazam attempt 2/3 hit an error page (rate limit?); retrying in 2.0s
music_recognizer: Shazam attempt 2/3 hit an error page (rate limit?); retrying in 2.0s
music_recognizer: Audio bytes identification failed: Check args, URL is invalid
URL- https://amp.shazam.com/discovery/v5/en/GB/iphone/-/tag/49117206-F1AB-41ED-A619-6DC64E2E0099/75783523-5CF2-47D1-BC98-BBB06823E4D1?sync=true&webv3=true&sampling=true&connected=&shazamapiversion=v3&sharehub=true&hubv5minorversion=v5.1&hidelb=true&video=v3
music_recognizer: No match from Shazam
music_recognizer: No match from Shazam
music_recognizer: No match from Shazam
music_recognizer: Shazam attempt 1/3 hit an error page (rate limit?); retrying in 1.0s
music_recognizer: Shazam attempt 1/3 hit an error page (rate limit?); retrying in 1.0s
music_recognizer: Shazam attempt 2/3 hit an error page (rate limit?); retrying in 2.0s
music_recognizer: Shazam attempt 2/3 hit an error page (rate limit?); retrying in 2.0s
music_recognizer: No match from Shazam
music_recognizer: No match from Shazam
music_recognizer: No match from Shazam
music_recognizer: Shazam attempt 1/3 hit an error page (rate limit?); retrying in 1.0s
music_recognizer: Shazam attempt 1/3 hit an error page (rate limit?); retrying in 1.0s
music_recognizer: Shazam attempt 2/3 hit an error page (rate limit?); retrying in 2.0s
music_recognizer: Shazam attempt 2/3 hit an error page (rate limit?); retrying in 2.0s
music_recognizer: Audio bytes identification failed: Check args, URL is invalid
URL- https://amp.shazam.com/discovery/v5/en/GB/iphone/-/tag/4E74AA9D-E02C-49AB-995C-1CB09595DCA8/4DB56145-0C71-4FA9-ADE1-4EE7CD563EC6?sync=true&webv3=true&sampling=true&connected=&shazamapiversion=v3&sharehub=true&hubv5minorversion=v5.1&hidelb=true&video=v3
music_recognizer: No match from Shazam
music_recognizer: No match from Shazam
music_recognizer: No match from Shazam
music_recognizer: Shazam attempt 1/3 hit an error page (rate limit?); retrying in 1.0s
music_recognizer: Shazam attempt 1/3 hit an error page (rate limit?); retrying in 1.0s
music_recognizer: Shazam attempt 2/3 hit an error page (rate limit?); retrying in 2.0s
music_recognizer: Shazam attempt 2/3 hit an error page (rate limit?); retrying in 2.0s
music_recognizer: No match from Shazam
music_recognizer: No match from Shazam
music_recognizer: No match from Shazam
music_recognizer: Shazam attempt 1/3 hit an error page (rate limit?); retrying in 1.0s
music_recognizer: Shazam attempt 1/3 hit an error page (rate limit?); retrying in 1.0s
music_recognizer: Shazam attempt 2/3 hit an error page (rate limit?); retrying in 2.0s
music_recognizer: Shazam attempt 2/3 hit an error page (rate limit?); retrying in 2.0s
music_recognizer: Audio bytes identification failed: Check args, URL is invalid
URL- https://amp.shazam.com/discovery/v5/en/GB/iphone/-/tag/28BB159C-F989-4549-A892-9F9C70E7F3A1/EC6EB8E2-7CC1-413D-80C9-27251DC9814F?sync=true&webv3=true&sampling=true&connected=&shazamapiversion=v3&sharehub=true&hubv5minorversion=v5.1&hidelb=true&video=v3
music_recognizer: No match from Shazam
music_recognizer: No match from Shazam
music_recognizer: No match from Shazam
music_recognizer: Shazam attempt 1/3 hit an error page (rate limit?); retrying in 1.0s
music_recognizer: Shazam attempt 1/3 hit an error page (rate limit?); retrying in 1.0s
music_recognizer: Shazam attempt 2/3 hit an error page (rate limit?); retrying in 2.0s
music_recognizer: Shazam attempt 2/3 hit an error page (rate limit?); retrying in 2.0s
music_recognizer: No match from Shazam
music_recognizer: No match from Shazam
music_recognizer: No match from Shazam
music_recognizer: Shazam attempt 1/3 hit an error page (rate limit?); retrying in 1.0s
music_recognizer: Shazam attempt 1/3 hit an error page (rate limit?); retrying in 1.0s
music_recognizer: Shazam attempt 2/3 hit an error page (rate limit?); retrying in 2.0s
music_recognizer: Shazam attempt 2/3 hit an error page (rate limit?); retrying in 2.0s
music_recognizer: Audio bytes identification failed: Check args, URL is invalid
URL- https://amp.shazam.com/discovery/v5/en/GB/iphone/-/tag/0F6C206C-DE2F-49CC-9E06-D68FD6FA6C09/1CC75F1B-54C0-4262-9BFE-3E88ED2A2FA1?sync=true&webv3=true&sampling=true&connected=&shazamapiversion=v3&sharehub=true&hubv5minorversion=v5.1&hidelb=true&video=v3
music_recognizer: No match from Shazam
music_recognizer: No match from Shazam
music_recognizer: No match from Shazam
music_recognizer: Shazam attempt 1/3 hit an error page (rate limit?); retrying in 1.0s
music_recognizer: Shazam attempt 1/3 hit an error page (rate limit?); retrying in 1.0s
music_recognizer: Shazam attempt 2/3 hit an error page (rate limit?); retrying in 2.0s
music_recognizer: Shazam attempt 2/3 hit an error page (rate limit?); retrying in 2.0s
music_recognizer: No match from Shazam
music_recognizer: No match from Shazam
music_recognizer: No match from Shazam
music_recognizer: Shazam attempt 1/3 hit an error page (rate limit?); retrying in 1.0s
music_recognizer: Shazam attempt 1/3 hit an error page (rate limit?); retrying in 1.0s
music_recognizer: Shazam attempt 2/3 hit an error page (rate limit?); retrying in 2.0s
music_recognizer: Shazam attempt 2/3 hit an error page (rate limit?); retrying in 2.0s
music_recognizer: Audio bytes identification failed: Check args, URL is invalid
URL- https://amp.shazam.com/discovery/v5/en/GB/iphone/-/tag/2B53237E-9296-4AAD-B9B7-B3B0B09E6DFE/C1758DE7-6A6D-41A2-B356-0E1D6ACF6DB9?sync=true&webv3=true&sampling=true&connected=&shazamapiversion=v3&sharehub=true&hubv5minorversion=v5.1&hidelb=true&video=v3
music_recognizer: No match from Shazam
music_recognizer: No match from Shazam
music_recognizer: No match from Shazam
music_recognizer: Shazam attempt 1/3 hit an error page (rate limit?); retrying in 1.0s
music_recognizer: Shazam attempt 1/3 hit an error page (rate limit?); retrying in 1.0s
music_recognizer: Shazam attempt 2/3 hit an error page (rate limit?); retrying in 2.0s
music_recognizer: Shazam attempt 2/3 hit an error page (rate limit?); retrying in 2.0s
music_recognizer: No match from Shazam
music_recognizer: No match from Shazam
music_recognizer: No match from Shazam
music_recognizer: Shazam attempt 1/3 hit an error page (rate limit?); retrying in 1.0s
music_recognizer: Shazam attempt 1/3 hit an error page (rate limit?); retrying in 1.0s
music_recognizer: Shazam attempt 2/3 hit an error page (rate limit?); retrying in 2.0s
music_recognizer: Shazam attempt 2/3 hit an error page (rate limit?); retrying in 2.0s
music_recognizer: Audio bytes identification failed: Check args, URL is invalid
URL- https://amp.shazam.com/discovery/v5/en/GB/iphone/-/tag/B40360B8-6DD3-48F2-AE12-56A665ED57F1/B3B304F7-4DD8-4626-B59A-78062F193B3F?sync=true&webv3=true&sampling=true&connected=&shazamapiversion=v3&sharehub=true&hubv5minorversion=v5.1&hidelb=true&video=v3
music_recognizer: No match from Shazam
music_recognizer: No match from Shazam
music_recognizer: No match from Shazam
music_recognizer: Shazam attempt 1/3 hit an error page (rate limit?); retrying in 1.0s
music_recognizer: Shazam attempt 1/3 hit an error page (rate limit?); retrying in 1.0s
music_recognizer: Shazam attempt 2/3 hit an error page (rate limit?); retrying in 2.0s
music_recognizer: Shazam attempt 2/3 hit an error page (rate limit?); retrying in 2.0s
music_recognizer: No match from Shazam
music_recognizer: No match from Shazam
music_recognizer: No match from Shazam
music_recognizer: Shazam attempt 1/3 hit an error page (rate limit?); retrying in 1.0s
music_recognizer: Shazam attempt 1/3 hit an error page (rate limit?); retrying in 1.0s
music_recognizer: Shazam attempt 2/3 hit an error page (rate limit?); retrying in 2.0s
music_recognizer: Shazam attempt 2/3 hit an error page (rate limit?); retrying in 2.0s
music_recognizer: Audio bytes identification failed: Check args, URL is invalid
URL- https://amp.shazam.com/discovery/v5/en/GB/iphone/-/tag/F58BC362-F93B-4600-996E-FDA3CCB77D41/1A7BBA04-3291-4EA6-96A4-60F2FFAC8A1E?sync=true&webv3=true&sampling=true&connected=&shazamapiversion=v3&sharehub=true&hubv5minorversion=v5.1&hidelb=true&video=v3
music_recognizer: No match from Shazam
music_recognizer: No match from Shazam
music_recognizer: No match from Shazam
music_recognizer: Shazam attempt 1/3 hit an error page (rate limit?); retrying in 1.0s
music_recognizer: Shazam attempt 1/3 hit an error page (rate limit?); retrying in 1.0s
music_recognizer: Shazam attempt 2/3 hit an error page (rate limit?); retrying in 2.0s
music_recognizer: Shazam attempt 2/3 hit an error page (rate limit?); retrying in 2.0s
music_recognizer: No match from Shazam
music_recognizer: No match from Shazam
music_recognizer: No match from Shazam
music_recognizer: Shazam attempt 1/3 hit an error page (rate limit?); retrying in 1.0s
music_recognizer: Shazam attempt 1/3 hit an error page (rate limit?); retrying in 1.0s
music_recognizer: Shazam attempt 2/3 hit an error page (rate limit?); retrying in 2.0s
music_recognizer: Shazam attempt 2/3 hit an error page (rate limit?); retrying in 2.0s
music_recognizer: Audio bytes identification failed: Check args, URL is invalid
URL- https://amp.shazam.com/discovery/v5/en/GB/iphone/-/tag/501BACAE-4F43-424D-BF34-59FFC98F7D27/A1651C3C-2E8C-463C-AD1F-DEEE18FDDA20?sync=true&webv3=true&sampling=true&connected=&shazamapiversion=v3&sharehub=true&hubv5minorversion=v5.1&hidelb=true&video=v3
music_recognizer: No match from Shazam
music_recognizer: No match from Shazam
music_recognizer: No match from Shazam
music_recognizer: Shazam attempt 1/3 hit an error page (rate limit?); retrying in 1.0s
music_recognizer: Shazam attempt 1/3 hit an error page (rate limit?); retrying in 1.0s
music_recognizer: Shazam attempt 2/3 hit an error page (rate limit?); retrying in 2.0s
music_recognizer: Shazam attempt 2/3 hit an error page (rate limit?); retrying in 2.0s
music_recognizer: No match from Shazam
music_recognizer: No match from Shazam
music_recognizer: No match from Shazam
music_recognizer: Shazam attempt 1/3 hit an error page (rate limit?); retrying in 1.0s
music_recognizer: Shazam attempt 1/3 hit an error page (rate limit?); retrying in 1.0s
music_recognizer: Shazam attempt 2/3 hit an error page (rate limit?); retrying in 2.0s
music_recognizer: Shazam attempt 2/3 hit an error page (rate limit?); retrying in 2.0s
music_recognizer: Audio bytes identification failed: Check args, URL is invalid
URL- https://amp.shazam.com/discovery/v5/en/GB/iphone/-/tag/5E8199E1-0F97-4FCC-94FD-FDBA773B815F/D71189BE-11A4-4038-A4E8-67AC5B1EAC06?sync=true&webv3=true&sampling=true&connected=&shazamapiversion=v3&sharehub=true&hubv5minorversion=v5.1&hidelb=true&video=v3
music_recognizer: No match from Shazam
music_recognizer: No match from Shazam
music_recognizer: No match from Shazam
music_recognizer: Shazam attempt 1/3 hit an error page (rate limit?); retrying in 1.0s
music_recognizer: Shazam attempt 1/3 hit an error page (rate limit?); retrying in 1.0s
music_recognizer: Shazam attempt 2/3 hit an error page (rate limit?); retrying in 2.0s
music_recognizer: Shazam attempt 2/3 hit an error page (rate limit?); retrying in 2.0s
music_recognizer: No match from Shazam
music_recognizer: No match from Shazam
music_recognizer: No match from Shazam
music_recognizer: Shazam attempt 1/3 hit an error page (rate limit?); retrying in 1.0s
music_recognizer: Shazam attempt 1/3 hit an error page (rate limit?); retrying in 1.0s
music_recognizer: Shazam attempt 2/3 hit an error page (rate limit?); retrying in 2.0s
music_recognizer: Shazam attempt 2/3 hit an error page (rate limit?); retrying in 2.0s
music_recognizer: Audio bytes identification failed: Check args, URL is invalid
URL- https://amp.shazam.com/discovery/v5/en/GB/iphone/-/tag/4E7988BF-F71F-420D-8667-E7401E52F30B/8568B248-13DD-42F2-97E0-531E0D530FF2?sync=true&webv3=true&sampling=true&connected=&shazamapiversion=v3&sharehub=true&hubv5minorversion=v5.1&hidelb=true&video=v3
music_recognizer: No match from Shazam
music_recognizer: No match from Shazam
music_recognizer: No match from Shazam
music_recognizer: Shazam attempt 1/3 hit an error page (rate limit?); retrying in 1.0s
music_recognizer: Audio bytes identification failed: 
music_recognizer: Audio bytes identification failed: 
music_recognizer: Audio bytes identification failed: Cannot connect to host amp.shazam.com:443 ssl:default [None]
music_recognizer: Audio bytes identification failed: 
music_recognizer: Audio bytes identification failed: Cannot connect to host amp.shazam.com:443 ssl:default [Name or service not known]
music_recognizer: Audio bytes identification failed: Cannot connect to host amp.shazam.com:443 ssl:default [Name or service not known]
music_recognizer: Audio bytes identification failed: Cannot connect to host amp.shazam.com:443 ssl:default [Name or service not known]
music_recognizer: Audio bytes identification failed: Cannot connect to host amp.shazam.com:443 ssl:default [Name or service not known]
music_recognizer: Audio bytes identification failed: Cannot connect to host amp.shazam.com:443 ssl:default [Name or service not known]
music_recognizer: No match from Shazam
music_recognizer: No match from Shazam
music_recognizer: No match from Shazam
music_recognizer: No match from Shazam
music_recognizer: No match from Shazam
music_recognizer: No match from Shazam
music_recognizer: Shazam attempt 1/3 hit an error page (rate limit?); retrying in 1.0s
music_recognizer: Shazam attempt 2/3 hit an error page (rate limit?); retrying in 2.0s
music_recognizer: Shazam attempt 1/3 hit an error page (rate limit?); retrying in 1.0s
music_recognizer: No match from Shazam
music_recognizer: No match from Shazam
music_recognizer: No match from Shazam
music_recognizer: Shazam attempt 1/3 hit an error page (rate limit?); retrying in 1.0s
music_recognizer: Shazam attempt 1/3 hit an error page (rate limit?); retrying in 1.0s
music_recognizer: Shazam attempt 2/3 hit an error page (rate limit?); retrying in 2.0s
music_recognizer: Shazam attempt 2/3 hit an error page (rate limit?); retrying in 2.0s
music_recognizer: No match from Shazam
music_recognizer: No match from Shazam
music_recognizer: No match from Shazam
music_recognizer: Shazam attempt 1/3 hit an error page (rate limit?); retrying in 1.0s
music_recognizer: Shazam attempt 1/3 hit an error page (rate limit?); retrying in 1.0s
music_recognizer: Shazam attempt 2/3 hit an error page (rate limit?); retrying in 2.0s
music_recognizer: Shazam attempt 2/3 hit an error page (rate limit?); retrying in 2.0s
music_recognizer: Audio bytes identification failed: Check args, URL is invalid
URL- https://amp.shazam.com/discovery/v5/en/GB/iphone/-/tag/CEC3895F-063A-43A3-B5CC-ABB9ECAE5D6C/3F6B8EEF-1629-4DBC-8CB4-BDD93C6627F3?sync=true&webv3=true&sampling=true&connected=&shazamapiversion=v3&sharehub=true&hubv5minorversion=v5.1&hidelb=true&video=v3
music_recognizer: No match from Shazam
music_recognizer: No match from Shazam
music_recognizer: No match from Shazam
music_recognizer: Shazam attempt 1/3 hit an error page (rate limit?); retrying in 1.0s
music_recognizer: Shazam attempt 1/3 hit an error page (rate limit?); retrying in 1.0s
music_recognizer: Shazam attempt 2/3 hit an error page (rate limit?); retrying in 2.0s
music_recognizer: Shazam attempt 2/3 hit an error page (rate limit?); retrying in 2.0s
music_recognizer: No match from Shazam
music_recognizer: No match from Shazam
music_recognizer: No match from Shazam
music_recognizer: Shazam attempt 1/3 hit an error page (rate limit?); retrying in 1.0s
music_recognizer: Shazam attempt 1/3 hit an error page (rate limit?); retrying in 1.0s
music_recognizer: Shazam attempt 2/3 hit an error page (rate limit?); retrying in 2.0s
music_recognizer: Shazam attempt 2/3 hit an error page (rate limit?); retrying in 2.0s
music_recognizer: Audio bytes identification failed: Check args, URL is invalid
URL- https://amp.shazam.com/discovery/v5/en/GB/iphone/-/tag/C93520D6-0F2F-4C5E-B59D-AE5A2179B564/4A13888A-23EA-4793-A3E4-44C9A04E6952?sync=true&webv3=true&sampling=true&connected=&shazamapiversion=v3&sharehub=true&hubv5minorversion=v5.1&hidelb=true&video=v3
music_recognizer: No match from Shazam
music_recognizer: No match from Shazam
music_recognizer: No match from Shazam
music_recognizer: Shazam attempt 1/3 hit an error page (rate limit?); retrying in 1.0s
music_recognizer: Shazam attempt 1/3 hit an error page (rate limit?); retrying in 1.0s
music_recognizer: Shazam attempt 2/3 hit an error page (rate limit?); retrying in 2.0s
music_recognizer: Shazam attempt 2/3 hit an error page (rate limit?); retrying in 2.0s
music_recognizer: No match from Shazam
music_recognizer: No match from Shazam
music_recognizer: No match from Shazam
music_recognizer: Shazam attempt 1/3 hit an error page (rate limit?); retrying in 1.0s
music_recognizer: Shazam attempt 1/3 hit an error page (rate limit?); retrying in 1.0s
music_recognizer: Shazam attempt 2/3 hit an error page (rate limit?); retrying in 2.0s
music_recognizer: Shazam attempt 2/3 hit an error page (rate limit?); retrying in 2.0s
music_recognizer: Audio bytes identification failed: Check args, URL is invalid
URL- https://amp.shazam.com/discovery/v5/en/GB/iphone/-/tag/A27632DE-A3E9-4CE5-9190-11B64A3AEDC2/AAF09D90-46B4-4B84-88E0-13130F359F19?sync=true&webv3=true&sampling=true&connected=&shazamapiversion=v3&sharehub=true&hubv5minorversion=v5.1&hidelb=true&video=v3
music_recognizer: No match from Shazam
music_recognizer: No match from Shazam
music_recognizer: No match from Shazam
music_recognizer: Shazam attempt 1/3 hit an error page (rate limit?); retrying in 1.0s
music_recognizer: Shazam attempt 1/3 hit an error page (rate limit?); retrying in 1.0s
music_recognizer: Shazam attempt 2/3 hit an error page (rate limit?); retrying in 2.0s
music_recognizer: Shazam attempt 2/3 hit an error page (rate limit?); retrying in 2.0s
music_recognizer: No match from Shazam
music_recognizer: No match from Shazam
music_recognizer: No match from Shazam
music_recognizer: Shazam attempt 1/3 hit an error page (rate limit?); retrying in 1.0s
music_recognizer: Shazam attempt 1/3 hit an error page (rate limit?); retrying in 1.0s
music_recognizer: Shazam attempt 2/3 hit an error page (rate limit?); retrying in 2.0s
music_recognizer: Shazam attempt 2/3 hit an error page (rate limit?); retrying in 2.0s
music_recognizer: Audio bytes identification failed: Check args, URL is invalid
URL- https://amp.shazam.com/discovery/v5/en/GB/iphone/-/tag/4B56DE61-0032-4872-BC1F-590C0F1DC76A/1B368A72-429F-42AE-84DF-C827D0D85629?sync=true&webv3=true&sampling=true&connected=&shazamapiversion=v3&sharehub=true&hubv5minorversion=v5.1&hidelb=true&video=v3
music_recognizer: No match from Shazam
music_recognizer: No match from Shazam
music_recognizer: No match from Shazam
music_recognizer: Shazam attempt 1/3 hit an error page (rate limit?); retrying in 1.0s
music_recognizer: Shazam attempt 1/3 hit an error page (rate limit?); retrying in 1.0s
music_recognizer: Shazam attempt 2/3 hit an error page (rate limit?); retrying in 2.0s
music_recognizer: Shazam attempt 2/3 hit an error page (rate limit?); retrying in 2.0s
music_recognizer: No match from Shazam
music_recognizer: No match from Shazam
music_recognizer: No match from Shazam
music_recognizer: Shazam attempt 1/3 hit an error page (rate limit?); retrying in 1.0s
music_recognizer: Shazam attempt 1/3 hit an error page (rate limit?); retrying in 1.0s
music_recognizer: Shazam attempt 2/3 hit an error page (rate limit?); retrying in 2.0s
music_recognizer: Shazam attempt 2/3 hit an error page (rate limit?); retrying in 2.0s
music_recognizer: Audio bytes identification failed: Check args, URL is invalid
URL- https://amp.shazam.com/discovery/v5/en/GB/iphone/-/tag/A346208F-F1A1-44FA-B97A-0DFEDBFD6A50/EF4763BF-0E3F-4812-B209-000F410DF819?sync=true&webv3=true&sampling=true&connected=&shazamapiversion=v3&sharehub=true&hubv5minorversion=v5.1&hidelb=true&video=v3
music_recognizer: No match from Shazam
music_recognizer: No match from Shazam
music_recognizer: No match from Shazam
music_recognizer: Shazam attempt 1/3 hit an error page (rate limit?); retrying in 1.0s
music_recognizer: Shazam attempt 1/3 hit an error page (rate limit?); retrying in 1.0s
music_recognizer: Shazam attempt 2/3 hit an error page (rate limit?); retrying in 2.0s
music_recognizer: Shazam attempt 2/3 hit an error page (rate limit?); retrying in 2.0s
music_recognizer: No match from Shazam
music_recognizer: No match from Shazam
music_recognizer: No match from Shazam
music_recognizer: Shazam attempt 1/3 hit an error page (rate limit?); retrying in 1.0s
music_recognizer: Shazam attempt 1/3 hit an error page (rate limit?); retrying in 1.0s
music_recognizer: Shazam attempt 2/3 hit an error page (rate limit?); retrying in 2.0s
music_recognizer: Shazam attempt 2/3 hit an error page (rate limit?); retrying in 2.0s
music_recognizer: Audio bytes identification failed: Check args, URL is invalid
URL- https://amp.shazam.com/discovery/v5/en/GB/iphone/-/tag/7691DB9D-0A66-4E94-8EE8-5C49FCD6F866/BFB2DB81-5207-4F68-8764-7E15259E8C86?sync=true&webv3=true&sampling=true&connected=&shazamapiversion=v3&sharehub=true&hubv5minorversion=v5.1&hidelb=true&video=v3
music_recognizer: No match from Shazam
music_recognizer: No match from Shazam
music_recognizer: No match from Shazam
music_recognizer: Shazam attempt 1/3 hit an error page (rate limit?); retrying in 1.0s
music_recognizer: Shazam attempt 1/3 hit an error page (rate limit?); retrying in 1.0s
music_recognizer: Shazam attempt 2/3 hit an error page (rate limit?); retrying in 2.0s
music_recognizer: Shazam attempt 2/3 hit an error page (rate limit?); retrying in 2.0s
music_recognizer: No match from Shazam
music_recognizer: No match from Shazam
music_recognizer: No match from Shazam
music_recognizer: Shazam attempt 1/3 hit an error page (rate limit?); retrying in 1.0s
music_recognizer: Shazam attempt 1/3 hit an error page (rate limit?); retrying in 1.0s
music_recognizer: Shazam attempt 2/3 hit an error page (rate limit?); retrying in 2.0s
music_recognizer: Shazam attempt 2/3 hit an error page (rate limit?); retrying in 2.0s
music_recognizer: Audio bytes identification failed: Check args, URL is invalid
URL- https://amp.shazam.com/discovery/v5/en/GB/iphone/-/tag/09F526B7-8A81-4EA6-8201-6C80DEBD9D50/7768E907-4511-4190-B3EF-BD377843836A?sync=true&webv3=true&sampling=true&connected=&shazamapiversion=v3&sharehub=true&hubv5minorversion=v5.1&hidelb=true&video=v3
music_recognizer: No match from Shazam
music_recognizer: No match from Shazam
music_recognizer: No match from Shazam
music_recognizer: Shazam attempt 1/3 hit an error page (rate limit?); retrying in 1.0s
music_recognizer: Shazam attempt 1/3 hit an error page (rate limit?); retrying in 1.0s
music_recognizer: Shazam attempt 2/3 hit an error page (rate limit?); retrying in 2.0s
music_recognizer: Shazam attempt 2/3 hit an error page (rate limit?); retrying in 2.0s
music_recognizer: No match from Shazam
music_recognizer: No match from Shazam
music_recognizer: No match from Shazam
music_recognizer: Shazam attempt 1/3 hit an error page (rate limit?); retrying in 1.0s
music_recognizer: Shazam attempt 1/3 hit an error page (rate limit?); retrying in 1.0s
music_recognizer: Shazam attempt 2/3 hit an error page (rate limit?); retrying in 2.0s
music_recognizer: Shazam attempt 2/3 hit an error page (rate limit?); retrying in 2.0s
music_recognizer: Audio bytes identification failed: 
music_recognizer: Audio bytes identification failed: 
music_recognizer: Audio bytes identification failed: 
music_recognizer: Audio bytes identification failed: 
music_recognizer: Audio bytes identification failed: 
music_recognizer: Audio bytes identification failed: 
music_recognizer: Audio bytes identification failed: 
music_recognizer: Audio bytes identification failed: 
music_recognizer: Audio bytes identification failed: 
music_recognizer: Audio bytes identification failed: 
music_recognizer: Audio bytes identification failed: 
music_recognizer: Audio bytes identification failed: 
music_recognizer: Audio bytes identification failed: 
music_recognizer: Audio bytes identification failed: 
music_recognizer: Audio bytes identification failed: 
music_recognizer: Audio bytes identification failed: 
music_recognizer: Audio bytes identification failed: 
music_recognizer: Audio bytes identification failed: 
music_recognizer: Audio bytes identification failed: 
music_recognizer: Audio bytes identification failed: 
music_recognizer: Audio bytes identification failed: 
music_recognizer: Audio bytes identification failed: 
music_recognizer: Audio bytes identification failed: 
music_recognizer: Audio bytes identification failed: 
music_recognizer: Audio bytes identification failed: 
music_recognizer: Audio bytes identification failed: 
music_recognizer: Audio bytes identification failed: 
music_recognizer: Audio bytes identification failed: 
music_recognizer: Audio bytes identification failed: 
music_recognizer: Audio bytes identification failed: 
music_recognizer: Audio bytes identification failed: 
music_recognizer: Audio bytes identification failed: 
music_recognizer: Audio bytes identification failed: 
music_recognizer: Audio bytes identification failed: 
music_recognizer: Audio bytes identification failed: 
music_recognizer: No match from Shazam
music_recognizer: Audio bytes identification failed: 
music_recognizer: No match from Shazam
music_recognizer: No match from Shazam
music_recognizer: Shazam attempt 1/3 hit an error page (rate limit?); retrying in 1.0s
music_recognizer: Shazam attempt 2/3 hit an error page (rate limit?); retrying in 2.0s
music_recognizer: Audio bytes identification failed: Check args, URL is invalid
URL- https://amp.shazam.com/discovery/v5/en/GB/iphone/-/tag/2203386D-F303-485A-AB67-DB41B914C191/003AD7CC-B783-4BBD-876F-04C0F0FA2709?sync=true&webv3=true&sampling=true&connected=&shazamapiversion=v3&sharehub=true&hubv5minorversion=v5.1&hidelb=true&video=v3
music_recognizer: Shazam attempt 1/3 hit an error page (rate limit?); retrying in 1.0s
music_recognizer: Audio bytes identification failed: Cannot connect to host amp.shazam.com:443 ssl:default [Temporary failure in name resolution]
music_recognizer: Audio bytes identification failed: Cannot connect to host amp.shazam.com:443 ssl:default [Temporary failure in name resolution]
music_recognizer: Audio bytes identification failed: Cannot connect to host amp.shazam.com:443 ssl:default [Temporary failure in name resolution]
music_recognizer: Audio bytes identification failed: Cannot connect to host amp.shazam.com:443 ssl:default [Temporary failure in name resolution]
music_recognizer: Audio bytes identification failed: Cannot connect to host amp.shazam.com:443 ssl:default [Temporary failure in name resolution]
music_recognizer: Audio bytes identification failed: Cannot connect to host amp.shazam.com:443 ssl:default [Temporary failure in name resolution]
music_recognizer: Audio bytes identification failed: Cannot connect to host amp.shazam.com:443 ssl:default [Temporary failure in name resolution]
music_recognizer: Audio bytes identification failed: Cannot connect to host amp.shazam.com:443 ssl:default [Temporary failure in name resolution]
music_recognizer: Audio bytes identification failed: Cannot connect to host amp.shazam.com:443 ssl:default [Temporary failure in name resolution]
music_recognizer: Audio bytes identification failed: Cannot connect to host amp.shazam.com:443 ssl:default [Temporary failure in name resolution]
music_recognizer: Audio bytes identification failed: Cannot connect to host amp.shazam.com:443 ssl:default [Temporary failure in name resolution]
music_recognizer: Audio bytes identification failed: Cannot connect to host amp.shazam.com:443 ssl:default [Temporary failure in name resolution]
music_recognizer: Audio bytes identification failed: Cannot connect to host amp.shazam.com:443 ssl:default [Temporary failure in name resolution]
music_recognizer: Audio bytes identification failed: Cannot connect to host amp.shazam.com:443 ssl:default [Temporary failure in name resolution]
music_recognizer: Audio bytes identification failed: Cannot connect to host amp.shazam.com:443 ssl:default [Temporary failure in name resolution]
music_recognizer: Audio bytes identification failed: Cannot connect to host amp.shazam.com:443 ssl:default [Temporary failure in name resolution]
music_recognizer: Audio bytes identification failed: Cannot connect to host amp.shazam.com:443 ssl:default [Temporary failure in name resolution]
music_recognizer: Audio bytes identification failed: Cannot connect to host amp.shazam.com:443 ssl:default [Temporary failure in name resolution]
music_recognizer: Audio bytes identification failed: Cannot connect to host amp.shazam.com:443 ssl:default [Temporary failure in name resolution]
music_recognizer: Audio bytes identification failed: Cannot connect to host amp.shazam.com:443 ssl:default [Temporary failure in name resolution]
music_recognizer: Audio bytes identification failed: Cannot connect to host amp.shazam.com:443 ssl:default [Temporary failure in name resolution]
music_recognizer: Audio bytes identification failed: Cannot connect to host amp.shazam.com:443 ssl:default [Temporary failure in name resolution]
music_recognizer: Audio bytes identification failed: Cannot connect to host amp.shazam.com:443 ssl:default [Temporary failure in name resolution]
music_recognizer: Audio bytes identification failed: Cannot connect to host amp.shazam.com:443 ssl:default [Temporary failure in name resolution]
music_recognizer: Audio bytes identification failed: Cannot connect to host amp.shazam.com:443 ssl:default [Temporary failure in name resolution]
music_recognizer: Audio bytes identification failed: Cannot connect to host amp.shazam.com:443 ssl:default [Temporary failure in name resolution]
music_recognizer: Audio bytes identification failed: Cannot connect to host amp.shazam.com:443 ssl:default [Temporary failure in name resolution]
music_recognizer: Audio bytes identification failed: Cannot connect to host amp.shazam.com:443 ssl:default [Temporary failure in name resolution]
music_recognizer: Audio bytes identification failed: Cannot connect to host amp.shazam.com:443 ssl:default [Temporary failure in name resolution]
music_recognizer: Audio bytes identification failed: Cannot connect to host amp.shazam.com:443 ssl:default [Temporary failure in name resolution]
music_recognizer: Audio bytes identification failed: Cannot connect to host amp.shazam.com:443 ssl:default [Temporary failure in name resolution]
music_recognizer: Audio bytes identification failed: Cannot connect to host amp.shazam.com:443 ssl:default [Temporary failure in name resolution]
music_recognizer: Audio bytes identification failed: Cannot connect to host amp.shazam.com:443 ssl:default [Temporary failure in name resolution]
music_recognizer: Audio bytes identification failed: Cannot connect to host amp.shazam.com:443 ssl:default [Temporary failure in name resolution]
music_recognizer: Audio bytes identification failed: Cannot connect to host amp.shazam.com:443 ssl:default [Temporary failure in name resolution]
music_recognizer: Audio bytes identification failed: Cannot connect to host amp.shazam.com:443 ssl:default [Temporary failure in name resolution]
music_recognizer: Audio bytes identification failed: Cannot connect to host amp.shazam.com:443 ssl:default [Temporary failure in name resolution]
music_recognizer: Audio bytes identification failed: Cannot connect to host amp.shazam.com:443 ssl:default [Temporary failure in name resolution]
music_recognizer: Audio bytes identification failed: Cannot connect to host amp.shazam.com:443 ssl:default [Temporary failure in name resolution]
music_recognizer: No match from Shazam
music_recognizer: No match from Shazam
music_recognizer: No match from Shazam
music_recognizer: Audio bytes identification failed: 
music_recognizer: Audio bytes identification failed: 
music_recognizer: Audio bytes identification failed: 
music_recognizer: Audio bytes identification failed: 
music_recognizer: Audio bytes identification failed: 
music_recognizer: Audio bytes identification failed: 
music_recognizer: Audio bytes identification failed: 
music_recognizer: Audio bytes identification failed: 
music_recognizer: Audio bytes identification failed: 
music_recognizer: Audio bytes identification failed: 
music_recognizer: Audio bytes identification failed: 
music_recognizer: Audio bytes identification failed: 
music_recognizer: Audio bytes identification failed: 
music_recognizer: Audio bytes identification failed: 
music_recognizer: Audio bytes identification failed: 
music_recognizer: Audio bytes identification failed: 
music_recognizer: Audio bytes identification failed: Cannot connect to host amp.shazam.com:443 ssl:default [Temporary failure in name resolution]
music_recognizer: Audio bytes identification failed: Cannot connect to host amp.shazam.com:443 ssl:default [Temporary failure in name resolution]
music_recognizer: Audio bytes identification failed: Cannot connect to host amp.shazam.com:443 ssl:default [Temporary failure in name resolution]
music_recognizer: Audio bytes identification failed: Cannot connect to host amp.shazam.com:443 ssl:default [Temporary failure in name resolution]
music_recognizer: Audio bytes identification failed: Cannot connect to host amp.shazam.com:443 ssl:default [Temporary failure in name resolution]
music_recognizer: Audio bytes identification failed: Cannot connect to host amp.shazam.com:443 ssl:default [Temporary failure in name resolution]
music_recognizer: Audio bytes identification failed: Cannot connect to host amp.shazam.com:443 ssl:default [Temporary failure in name resolution]
music_recognizer: Audio bytes identification failed: Cannot connect to host amp.shazam.com:443 ssl:default [Temporary failure in name resolution]
music_recognizer: Audio bytes identification failed: Cannot connect to host amp.shazam.com:443 ssl:default [Temporary failure in name resolution]
music_recognizer: Audio bytes identification failed: Cannot connect to host amp.shazam.com:443 ssl:default [Temporary failure in name resolution]
music_recognizer: Audio bytes identification failed: Cannot connect to host amp.shazam.com:443 ssl:default [Temporary failure in name resolution]
music_recognizer: Audio bytes identification failed: Cannot connect to host amp.shazam.com:443 ssl:default [Temporary failure in name resolution]
music_recognizer: Audio bytes identification failed: Cannot connect to host amp.shazam.com:443 ssl:default [Temporary failure in name resolution]
music_recognizer: Audio bytes identification failed: Cannot connect to host amp.shazam.com:443 ssl:default [Temporary failure in name resolution]
music_recognizer: Audio bytes identification failed: Cannot connect to host amp.shazam.com:443 ssl:default [Temporary failure in name resolution]
music_recognizer: Audio bytes identification failed: Cannot connect to host amp.shazam.com:443 ssl:default [Temporary failure in name resolution]
music_recognizer: Audio bytes identification failed: Cannot connect to host amp.shazam.com:443 ssl:default [Temporary failure in name resolution]
music_recognizer: Audio bytes identification failed: Cannot connect to host amp.shazam.com:443 ssl:default [Temporary failure in name resolution]
music_recognizer: Audio bytes identification failed: Cannot connect to host amp.shazam.com:443 ssl:default [Temporary failure in name resolution]
music_recognizer: Audio bytes identification failed: Cannot connect to host amp.shazam.com:443 ssl:default [Temporary failure in name resolution]
music_recognizer: Audio bytes identification failed: Cannot connect to host amp.shazam.com:443 ssl:default [Temporary failure in name resolution]
music_recognizer: Audio bytes identification failed: Cannot connect to host amp.shazam.com:443 ssl:default [Temporary failure in name resolution]
music_recognizer: Audio bytes identification failed: Cannot connect to host amp.shazam.com:443 ssl:default [Temporary failure in name resolution]
music_recognizer: Audio bytes identification failed: Cannot connect to host amp.shazam.com:443 ssl:default [Temporary failure in name resolution]
music_recognizer: Audio bytes identification failed: Cannot connect to host amp.shazam.com:443 ssl:default [Temporary failure in name resolution]
music_recognizer: Audio bytes identification failed: Cannot connect to host amp.shazam.com:443 ssl:default [Temporary failure in name resolution]
music_recognizer: Audio bytes identification failed: Cannot connect to host amp.shazam.com:443 ssl:default [Temporary failure in name resolution]
music_recognizer: Audio bytes identification failed: Cannot connect to host amp.shazam.com:443 ssl:default [Temporary failure in name resolution]
music_recognizer: Audio bytes identification failed: Cannot connect to host amp.shazam.com:443 ssl:default [Temporary failure in name resolution]
music_recognizer: Audio bytes identification failed: Cannot connect to host amp.shazam.com:443 ssl:default [Temporary failure in name resolution]
music_recognizer: Audio bytes identification failed: Cannot connect to host amp.shazam.com:443 ssl:default [Temporary failure in name resolution]
music_recognizer: Audio bytes identification failed: Cannot connect to host amp.shazam.com:443 ssl:default [Temporary failure in name resolution]
music_recognizer: Audio bytes identification failed: Cannot connect to host amp.shazam.com:443 ssl:default [Temporary failure in name resolution]
music_recognizer: Audio bytes identification failed: Cannot connect to host amp.shazam.com:443 ssl:default [Temporary failure in name resolution]
music_recognizer: Audio bytes identification failed: Cannot connect to host amp.shazam.com:443 ssl:default [Temporary failure in name resolution]
music_recognizer: Audio bytes identification failed: Cannot connect to host amp.shazam.com:443 ssl:default [Temporary failure in name resolution]
music_recognizer: Audio bytes identification failed: Cannot connect to host amp.shazam.com:443 ssl:default [Temporary failure in name resolution]
music_recognizer: Audio bytes identification failed: Cannot connect to host amp.shazam.com:443 ssl:default [Temporary failure in name resolution]
music_recognizer: Audio bytes identification failed: Cannot connect to host amp.shazam.com:443 ssl:default [Temporary failure in name resolution]
music_recognizer: Audio bytes identification failed: Cannot connect to host amp.shazam.com:443 ssl:default [Temporary failure in name resolution]
music_recognizer: Audio bytes identification failed: Cannot connect to host amp.shazam.com:443 ssl:default [Temporary failure in name resolution]
music_recognizer: Audio bytes identification failed: Cannot connect to host amp.shazam.com:443 ssl:default [Temporary failure in name resolution]
music_recognizer: Audio bytes identification failed: Cannot connect to host amp.shazam.com:443 ssl:default [Temporary failure in name resolution]
music_recognizer: Audio bytes identification failed: Cannot connect to host amp.shazam.com:443 ssl:default [Temporary failure in name resolution]
music_recognizer: Audio bytes identification failed: Cannot connect to host amp.shazam.com:443 ssl:default [Temporary failure in name resolution]
music_recognizer: Audio bytes identification failed: Cannot connect to host amp.shazam.com:443 ssl:default [Temporary failure in name resolution]
music_recognizer: Audio bytes identification failed: Cannot connect to host amp.shazam.com:443 ssl:default [Temporary failure in name resolution]
music_recognizer: Audio bytes identification failed: Cannot connect to host amp.shazam.com:443 ssl:default [Name or service not known]
music_recognizer: No match from Shazam
music_recognizer: No match from Shazam
music_recognizer: No match from Shazam
music_recognizer: Shazam attempt 1/3 hit an error page (rate limit?); retrying in 1.0s
music_recognizer: Shazam attempt 2/3 hit an error page (rate limit?); retrying in 2.0s
music_recognizer: Shazam attempt 1/3 hit an error page (rate limit?); retrying in 1.0s
music_recognizer: No match from Shazam
music_recognizer: No match from Shazam
music_recognizer: No match from Shazam
music_recognizer: Shazam attempt 1/3 hit an error page (rate limit?); retrying in 1.0s
music_recognizer: Shazam attempt 2/3 hit an error page (rate limit?); retrying in 2.0s
music_recognizer: Audio bytes identification failed: Check args, URL is invalid
URL- https://amp.shazam.com/discovery/v5/en/GB/iphone/-/tag/0131D206-3734-46FB-9E10-0515CFA64A26/CCE12734-4CFE-48C3-A7FB-3F3B612B6B92?sync=true&webv3=true&sampling=true&connected=&shazamapiversion=v3&sharehub=true&hubv5minorversion=v5.1&hidelb=true&video=v3
music_recognizer: Shazam attempt 1/3 hit an error page (rate limit?); retrying in 1.0s
music_recognizer: No match from Shazam
music_recognizer: No match from Shazam
music_recognizer: No match from Shazam
music_recognizer: Shazam attempt 1/3 hit an error page (rate limit?); retrying in 1.0s
music_recognizer: Shazam attempt 2/3 hit an error page (rate limit?); retrying in 2.0s
music_recognizer: Shazam attempt 1/3 hit an error page (rate limit?); retrying in 1.0s
music_recognizer: Audio bytes identification failed: Check args, URL is invalid
URL- https://amp.shazam.com/discovery/v5/en/GB/iphone/-/tag/1395957B-D2D3-44F7-B03C-3D496C46C75E/F251C076-B8D2-481D-A511-4C3D4871A36B?sync=true&webv3=true&sampling=true&connected=&shazamapiversion=v3&sharehub=true&hubv5minorversion=v5.1&hidelb=true&video=v3
music_recognizer: Shazam attempt 1/3 hit an error page (rate limit?); retrying in 1.0s
music_recognizer: No match from Shazam
music_recognizer: No match from Shazam
music_recognizer: No match from Shazam
music_recognizer: Shazam attempt 1/3 hit an error page (rate limit?); retrying in 1.0s
music_recognizer: Shazam attempt 1/3 hit an error page (rate limit?); retrying in 1.0s
music_recognizer: Shazam attempt 2/3 hit an error page (rate limit?); retrying in 2.0s
music_recognizer: Shazam attempt 2/3 hit an error page (rate limit?); retrying in 2.0s
music_recognizer: No match from Shazam
music_recognizer: No match from Shazam
music_recognizer: No match from Shazam
music_recognizer: Shazam attempt 1/3 hit an error page (rate limit?); retrying in 1.0s
music_recognizer: Shazam attempt 1/3 hit an error page (rate limit?); retrying in 1.0s
music_recognizer: Shazam attempt 2/3 hit an error page (rate limit?); retrying in 2.0s
music_recognizer: Shazam attempt 2/3 hit an error page (rate limit?); retrying in 2.0s
music_recognizer: Shazam attempt 1/3 hit an error page (rate limit?); retrying in 1.0s
music_recognizer: No match from Shazam
music_recognizer: No match from Shazam
music_recognizer: No match from Shazam
music_recognizer: Shazam attempt 1/3 hit an error page (rate limit?); retrying in 1.0s
music_recognizer: Shazam attempt 1/3 hit an error page (rate limit?); retrying in 1.0s
music_recognizer: Shazam attempt 2/3 hit an error page (rate limit?); retrying in 2.0s
music_recognizer: Shazam attempt 2/3 hit an error page (rate limit?); retrying in 2.0s
music_recognizer: No match from Shazam
music_recognizer: No match from Shazam
music_recognizer: No match from Shazam
music_recognizer: Shazam attempt 1/3 hit an error page (rate limit?); retrying in 1.0s
music_recognizer: Shazam attempt 1/3 hit an error page (rate limit?); retrying in 1.0s
music_recognizer: Shazam attempt 2/3 hit an error page (rate limit?); retrying in 2.0s
music_recognizer: Shazam attempt 2/3 hit an error page (rate limit?); retrying in 2.0s
music_recognizer: Shazam attempt 1/3 hit an error page (rate limit?); retrying in 1.0s
music_recognizer: Recognized: Pawlo-X Trance & Pawlo-X — Celestial Drift (Trance)
music_recognizer: Recognized: Mercyness & ThisIsChoei — Early Riser (IPhone)
music_recognizer: Recognized: Mercyness & ThisIsChoei — Early Riser (IPhone)
music_recognizer: Shazam attempt 1/3 hit an error page (rate limit?); retrying in 1.0s
music_recognizer: Shazam attempt 1/3 hit an error page (rate limit?); retrying in 1.0s
music_recognizer: Shazam attempt 2/3 hit an error page (rate limit?); retrying in 2.0s
music_recognizer: Shazam attempt 2/3 hit an error page (rate limit?); retrying in 2.0s
music_recognizer: No match from Shazam
music_recognizer: Recognized: Mercyness & ThisIsChoei — Early Riser (IPhone)
music_recognizer: No match from Shazam
music_recognizer: Shazam attempt 1/3 hit an error page (rate limit?); retrying in 1.0s
music_recognizer: Shazam attempt 1/3 hit an error page (rate limit?); retrying in 1.0s
music_recognizer: Shazam attempt 2/3 hit an error page (rate limit?); retrying in 2.0s
music_recognizer: Shazam attempt 2/3 hit an error page (rate limit?); retrying in 2.0s
music_recognizer: Shazam attempt 1/3 hit an error page (rate limit?); retrying in 1.0s
music_recognizer: No match from Shazam
music_recognizer: No match from Shazam
music_recognizer: No match from Shazam
music_recognizer: Shazam attempt 1/3 hit an error page (rate limit?); retrying in 1.0s
music_recognizer: Shazam attempt 1/3 hit an error page (rate limit?); retrying in 1.0s
music_recognizer: Shazam attempt 2/3 hit an error page (rate limit?); retrying in 2.0s
music_recognizer: Shazam attempt 2/3 hit an error page (rate limit?); retrying in 2.0s
music_recognizer: No match from Shazam
music_recognizer: No match from Shazam
music_recognizer: No match from Shazam
music_recognizer: Shazam attempt 1/3 hit an error page (rate limit?); retrying in 1.0s
music_recognizer: Shazam attempt 1/3 hit an error page (rate limit?); retrying in 1.0s
music_recognizer: Shazam attempt 2/3 hit an error page (rate limit?); retrying in 2.0s
music_recognizer: Shazam attempt 2/3 hit an error page (rate limit?); retrying in 2.0s
music_recognizer: Shazam attempt 1/3 hit an error page (rate limit?); retrying in 1.0s
music_recognizer: No match from Shazam
music_recognizer: No match from Shazam
music_recognizer: No match from Shazam
music_recognizer: Shazam attempt 1/3 hit an error page (rate limit?); retrying in 1.0s
music_recognizer: Shazam attempt 1/3 hit an error page (rate limit?); retrying in 1.0s
music_recognizer: Shazam attempt 2/3 hit an error page (rate limit?); retrying in 2.0s
music_recognizer: Shazam attempt 2/3 hit an error page (rate limit?); retrying in 2.0s
music_recognizer: No match from Shazam
music_recognizer: No match from Shazam
music_recognizer: No match from Shazam
music_recognizer: Shazam attempt 1/3 hit an error page (rate limit?); retrying in 1.0s
music_recognizer: Shazam attempt 1/3 hit an error page (rate limit?); retrying in 1.0s
music_recognizer: Shazam attempt 2/3 hit an error page (rate limit?); retrying in 2.0s
music_recognizer: Shazam attempt 2/3 hit an error page (rate limit?); retrying in 2.0s
music_recognizer: Shazam attempt 1/3 hit an error page (rate limit?); retrying in 1.0s
music_recognizer: No match from Shazam
music_recognizer: No match from Shazam
music_recognizer: No match from Shazam
music_recognizer: Shazam attempt 1/3 hit an error page (rate limit?); retrying in 1.0s
music_recognizer: Shazam attempt 1/3 hit an error page (rate limit?); retrying in 1.0s
music_recognizer: Shazam attempt 2/3 hit an error page (rate limit?); retrying in 2.0s
music_recognizer: Shazam attempt 2/3 hit an error page (rate limit?); retrying in 2.0s
music_recognizer: No match from Shazam
music_recognizer: No match from Shazam
music_recognizer: No match from Shazam
music_recognizer: Shazam attempt 1/3 hit an error page (rate limit?); retrying in 1.0s
music_recognizer: Shazam attempt 1/3 hit an error page (rate limit?); retrying in 1.0s
music_recognizer: Shazam attempt 2/3 hit an error page (rate limit?); retrying in 2.0s
music_recognizer: Shazam attempt 2/3 hit an error page (rate limit?); retrying in 2.0s
music_recognizer: Shazam attempt 1/3 hit an error page (rate limit?); retrying in 1.0s
music_recognizer: No match from Shazam
music_recognizer: No match from Shazam
music_recognizer: No match from Shazam
music_recognizer: Shazam attempt 1/3 hit an error page (rate limit?); retrying in 1.0s
music_recognizer: Shazam attempt 1/3 hit an error page (rate limit?); retrying in 1.0s
music_recognizer: Shazam attempt 2/3 hit an error page (rate limit?); retrying in 2.0s
music_recognizer: Shazam attempt 2/3 hit an error page (rate limit?); retrying in 2.0s
music_recognizer: No match from Shazam
music_recognizer: No match from Shazam
music_recognizer: No match from Shazam
music_recognizer: Shazam attempt 1/3 hit an error page (rate limit?); retrying in 1.0s
music_recognizer: Shazam attempt 1/3 hit an error page (rate limit?); retrying in 1.0s
music_recognizer: Shazam attempt 2/3 hit an error page (rate limit?); retrying in 2.0s
music_recognizer: Shazam attempt 2/3 hit an error page (rate limit?); retrying in 2.0s
music_recognizer: Shazam attempt 1/3 hit an error page (rate limit?); retrying in 1.0s
music_recognizer: No match from Shazam
music_recognizer: No match from Shazam
music_recognizer: No match from Shazam
music_recognizer: Shazam attempt 1/3 hit an error page (rate limit?); retrying in 1.0s
music_recognizer: Shazam attempt 1/3 hit an error page (rate limit?); retrying in 1.0s
music_recognizer: Shazam attempt 2/3 hit an error page (rate limit?); retrying in 2.0s
music_recognizer: Shazam attempt 2/3 hit an error page (rate limit?); retrying in 2.0s
music_recognizer: No match from Shazam
music_recognizer: No match from Shazam
music_recognizer: No match from Shazam
music_recognizer: Shazam attempt 1/3 hit an error page (rate limit?); retrying in 1.0s
music_recognizer: Shazam attempt 1/3 hit an error page (rate limit?); retrying in 1.0s
music_recognizer: Shazam attempt 2/3 hit an error page (rate limit?); retrying in 2.0s
music_recognizer: Shazam attempt 2/3 hit an error page (rate limit?); retrying in 2.0s
music_recognizer: Shazam attempt 1/3 hit an error page (rate limit?); retrying in 1.0s
music_recognizer: No match from Shazam
music_recognizer: No match from Shazam
music_recognizer: No match from Shazam
music_recognizer: Shazam attempt 1/3 hit an error page (rate limit?); retrying in 1.0s
music_recognizer: Shazam attempt 1/3 hit an error page (rate limit?); retrying in 1.0s
music_recognizer: Shazam attempt 2/3 hit an error page (rate limit?); retrying in 2.0s
music_recognizer: Shazam attempt 2/3 hit an error page (rate limit?); retrying in 2.0s
music_recognizer: No match from Shazam
music_recognizer: No match from Shazam
music_recognizer: No match from Shazam
music_recognizer: Shazam attempt 1/3 hit an error page (rate limit?); retrying in 1.0s
music_recognizer: Shazam attempt 1/3 hit an error page (rate limit?); retrying in 1.0s
music_recognizer: Shazam attempt 2/3 hit an error page (rate limit?); retrying in 2.0s
music_recognizer: Shazam attempt 2/3 hit an error page (rate limit?); retrying in 2.0s
music_recognizer: Shazam attempt 1/3 hit an error page (rate limit?); retrying in 1.0s
music_recognizer: No match from Shazam
music_recognizer: No match from Shazam
music_recognizer: No match from Shazam
music_recognizer: Shazam attempt 1/3 hit an error page (rate limit?); retrying in 1.0s
music_recognizer: Shazam attempt 1/3 hit an error page (rate limit?); retrying in 1.0s
music_recognizer: Shazam attempt 2/3 hit an error page (rate limit?); retrying in 2.0s
music_recognizer: Shazam attempt 2/3 hit an error page (rate limit?); retrying in 2.0s
music_recognizer: No match from Shazam
music_recognizer: No match from Shazam
music_recognizer: No match from Shazam
music_recognizer: Shazam attempt 1/3 hit an error page (rate limit?); retrying in 1.0s
music_recognizer: Shazam attempt 1/3 hit an error page (rate limit?); retrying in 1.0s
music_recognizer: Shazam attempt 2/3 hit an error page (rate limit?); retrying in 2.0s
music_recognizer: Shazam attempt 2/3 hit an error page (rate limit?); retrying in 2.0s
music_recognizer: Shazam attempt 1/3 hit an error page (rate limit?); retrying in 1.0s
music_recognizer: No match from Shazam
music_recognizer: No match from Shazam
music_recognizer: No match from Shazam
music_recognizer: Shazam attempt 1/3 hit an error page (rate limit?); retrying in 1.0s
music_recognizer: Shazam attempt 1/3 hit an error page (rate limit?); retrying in 1.0s
music_recognizer: Shazam attempt 2/3 hit an error page (rate limit?); retrying in 2.0s
music_recognizer: Shazam attempt 2/3 hit an error page (rate limit?); retrying in 2.0s
music_recognizer: No match from Shazam
music_recognizer: No match from Shazam
music_recognizer: No match from Shazam
music_recognizer: Shazam attempt 1/3 hit an error page (rate limit?); retrying in 1.0s
music_recognizer: Shazam attempt 1/3 hit an error page (rate limit?); retrying in 1.0s
music_recognizer: Shazam attempt 2/3 hit an error page (rate limit?); retrying in 2.0s
music_recognizer: Shazam attempt 2/3 hit an error page (rate limit?); retrying in 2.0s
music_recognizer: Shazam attempt 1/3 hit an error page (rate limit?); retrying in 1.0s
music_recognizer: No match from Shazam
music_recognizer: No match from Shazam
music_recognizer: No match from Shazam
music_recognizer: Shazam attempt 1/3 hit an error page (rate limit?); retrying in 1.0s
music_recognizer: Shazam attempt 1/3 hit an error page (rate limit?); retrying in 1.0s
music_recognizer: Shazam attempt 2/3 hit an error page (rate limit?); retrying in 2.0s
music_recognizer: Shazam attempt 2/3 hit an error page (rate limit?); retrying in 2.0s
music_recognizer: No match from Shazam
music_recognizer: No match from Shazam
music_recognizer: No match from Shazam
music_recognizer: Shazam attempt 1/3 hit an error page (rate limit?); retrying in 1.0s
music_recognizer: Shazam attempt 1/3 hit an error page (rate limit?); retrying in 1.0s
music_recognizer: Shazam attempt 2/3 hit an error page (rate limit?); retrying in 2.0s
music_recognizer: Shazam attempt 2/3 hit an error page (rate limit?); retrying in 2.0s
music_recognizer: Shazam attempt 1/3 hit an error page (rate limit?); retrying in 1.0s
music_recognizer: No match from Shazam
music_recognizer: No match from Shazam
music_recognizer: No match from Shazam
music_recognizer: Shazam attempt 1/3 hit an error page (rate limit?); retrying in 1.0s
music_recognizer: Shazam attempt 1/3 hit an error page (rate limit?); retrying in 1.0s
music_recognizer: Shazam attempt 2/3 hit an error page (rate limit?); retrying in 2.0s
music_recognizer: Shazam attempt 2/3 hit an error page (rate limit?); retrying in 2.0s
music_recognizer: No match from Shazam
music_recognizer: No match from Shazam
music_recognizer: No match from Shazam
music_recognizer: Shazam attempt 1/3 hit an error page (rate limit?); retrying in 1.0s
music_recognizer: Shazam attempt 1/3 hit an error page (rate limit?); retrying in 1.0s
music_recognizer: Shazam attempt 2/3 hit an error page (rate limit?); retrying in 2.0s
music_recognizer: Shazam attempt 2/3 hit an error page (rate limit?); retrying in 2.0s
music_recognizer: Shazam attempt 1/3 hit an error page (rate limit?); retrying in 1.0s
music_recognizer: No match from Shazam
music_recognizer: No match from Shazam
music_recognizer: No match from Shazam
music_recognizer: Shazam attempt 1/3 hit an error page (rate limit?); retrying in 1.0s
music_recognizer: Shazam attempt 1/3 hit an error page (rate limit?); retrying in 1.0s
music_recognizer: Shazam attempt 2/3 hit an error page (rate limit?); retrying in 2.0s
music_recognizer: Shazam attempt 2/3 hit an error page (rate limit?); retrying in 2.0s
music_recognizer: No match from Shazam
music_recognizer: No match from Shazam
music_recognizer: No match from Shazam
music_recognizer: Shazam attempt 1/3 hit an error page (rate limit?); retrying in 1.0s
music_recognizer: Shazam attempt 1/3 hit an error page (rate limit?); retrying in 1.0s
music_recognizer: Shazam attempt 2/3 hit an error page (rate limit?); retrying in 2.0s
music_recognizer: Shazam attempt 2/3 hit an error page (rate limit?); retrying in 2.0s
music_recognizer: Shazam attempt 1/3 hit an error page (rate limit?); retrying in 1.0s
music_recognizer: No match from Shazam
music_recognizer: No match from Shazam
music_recognizer: No match from Shazam
music_recognizer: Shazam attempt 1/3 hit an error page (rate limit?); retrying in 1.0s
music_recognizer: Shazam attempt 1/3 hit an error page (rate limit?); retrying in 1.0s
music_recognizer: Shazam attempt 2/3 hit an error page (rate limit?); retrying in 2.0s
music_recognizer: Shazam attempt 2/3 hit an error page (rate limit?); retrying in 2.0s
music_recognizer: No match from Shazam
music_recognizer: No match from Shazam
music_recognizer: No match from Shazam
music_recognizer: Shazam attempt 1/3 hit an error page (rate limit?); retrying in 1.0s
music_recognizer: Shazam attempt 1/3 hit an error page (rate limit?); retrying in 1.0s
music_recognizer: Shazam attempt 2/3 hit an error page (rate limit?); retrying in 2.0s
music_recognizer: Shazam attempt 2/3 hit an error page (rate limit?); retrying in 2.0s
music_recognizer: Shazam attempt 1/3 hit an error page (rate limit?); retrying in 1.0s
music_recognizer: No match from Shazam
music_recognizer: No match from Shazam
music_recognizer: No match from Shazam
music_recognizer: Shazam attempt 1/3 hit an error page (rate limit?); retrying in 1.0s
music_recognizer: Shazam attempt 1/3 hit an error page (rate limit?); retrying in 1.0s
music_recognizer: Shazam attempt 2/3 hit an error page (rate limit?); retrying in 2.0s
music_recognizer: Shazam attempt 2/3 hit an error page (rate limit?); retrying in 2.0s
music_recognizer: No match from Shazam
music_recognizer: No match from Shazam
music_recognizer: No match from Shazam
music_recognizer: Shazam attempt 1/3 hit an error page (rate limit?); retrying in 1.0s
music_recognizer: Shazam attempt 1/3 hit an error page (rate limit?); retrying in 1.0s
music_recognizer: Shazam attempt 2/3 hit an error page (rate limit?); retrying in 2.0s
music_recognizer: Shazam attempt 2/3 hit an error page (rate limit?); retrying in 2.0s
music_recognizer: Shazam attempt 1/3 hit an error page (rate limit?); retrying in 1.0s
music_recognizer: No match from Shazam
music_recognizer: No match from Shazam
music_recognizer: No match from Shazam
music_recognizer: Shazam attempt 1/3 hit an error page (rate limit?); retrying in 1.0s
music_recognizer: Shazam attempt 1/3 hit an error page (rate limit?); retrying in 1.0s
music_recognizer: Shazam attempt 2/3 hit an error page (rate limit?); retrying in 2.0s
music_recognizer: Shazam attempt 2/3 hit an error page (rate limit?); retrying in 2.0s
music_recognizer: No match from Shazam
music_recognizer: No match from Shazam
music_recognizer: No match from Shazam
music_recognizer: Shazam attempt 1/3 hit an error page (rate limit?); retrying in 1.0s
music_recognizer: Shazam attempt 1/3 hit an error page (rate limit?); retrying in 1.0s
music_recognizer: Shazam attempt 2/3 hit an error page (rate limit?); retrying in 2.0s
music_recognizer: Shazam attempt 2/3 hit an error page (rate limit?); retrying in 2.0s
music_recognizer: Shazam attempt 1/3 hit an error page (rate limit?); retrying in 1.0s
music_recognizer: No match from Shazam
music_recognizer: No match from Shazam
music_recognizer: No match from Shazam
music_recognizer: Shazam attempt 1/3 hit an error page (rate limit?); retrying in 1.0s
music_recognizer: Shazam attempt 1/3 hit an error page (rate limit?); retrying in 1.0s
music_recognizer: Shazam attempt 2/3 hit an error page (rate limit?); retrying in 2.0s
music_recognizer: Shazam attempt 2/3 hit an error page (rate limit?); retrying in 2.0s
music_recognizer: No match from Shazam
music_recognizer: No match from Shazam
music_recognizer: No match from Shazam
music_recognizer: Shazam attempt 1/3 hit an error page (rate limit?); retrying in 1.0s
music_recognizer: Shazam attempt 1/3 hit an error page (rate limit?); retrying in 1.0s
music_recognizer: Shazam attempt 2/3 hit an error page (rate limit?); retrying in 2.0s
music_recognizer: Shazam attempt 2/3 hit an error page (rate limit?); retrying in 2.0s
music_recognizer: Shazam attempt 1/3 hit an error page (rate limit?); retrying in 1.0s
music_recognizer: No match from Shazam
music_recognizer: No match from Shazam
music_recognizer: No match from Shazam
music_recognizer: Shazam attempt 1/3 hit an error page (rate limit?); retrying in 1.0s
music_recognizer: Shazam attempt 1/3 hit an error page (rate limit?); retrying in 1.0s
music_recognizer: Shazam attempt 2/3 hit an error page (rate limit?); retrying in 2.0s
music_recognizer: Shazam attempt 2/3 hit an error page (rate limit?); retrying in 2.0s
music_recognizer: No match from Shazam
music_recognizer: No match from Shazam
music_recognizer: No match from Shazam
music_recognizer: Shazam attempt 1/3 hit an error page (rate limit?); retrying in 1.0s
music_recognizer: Shazam attempt 1/3 hit an error page (rate limit?); retrying in 1.0s
music_recognizer: Shazam attempt 2/3 hit an error page (rate limit?); retrying in 2.0s
music_recognizer: Shazam attempt 2/3 hit an error page (rate limit?); retrying in 2.0s
music_recognizer: Shazam attempt 1/3 hit an error page (rate limit?); retrying in 1.0s
music_recognizer: No match from Shazam
music_recognizer: No match from Shazam
music_recognizer: No match from Shazam
music_recognizer: Shazam attempt 1/3 hit an error page (rate limit?); retrying in 1.0s
music_recognizer: Shazam attempt 1/3 hit an error page (rate limit?); retrying in 1.0s
music_recognizer: Shazam attempt 2/3 hit an error page (rate limit?); retrying in 2.0s
music_recognizer: Shazam attempt 2/3 hit an error page (rate limit?); retrying in 2.0s
music_recognizer: No match from Shazam
music_recognizer: No match from Shazam
music_recognizer: No match from Shazam
music_recognizer: Shazam attempt 1/3 hit an error page (rate limit?); retrying in 1.0s
music_recognizer: Shazam attempt 1/3 hit an error page (rate limit?); retrying in 1.0s
music_recognizer: Shazam attempt 2/3 hit an error page (rate limit?); retrying in 2.0s
music_recognizer: Shazam attempt 2/3 hit an error page (rate limit?); retrying in 2.0s
music_recognizer: Shazam attempt 1/3 hit an error page (rate limit?); retrying in 1.0s
music_recognizer: No match from Shazam
music_recognizer: No match from Shazam
music_recognizer: No match from Shazam
music_recognizer: Shazam attempt 1/3 hit an error page (rate limit?); retrying in 1.0s
music_recognizer: Shazam attempt 1/3 hit an error page (rate limit?); retrying in 1.0s
music_recognizer: Shazam attempt 2/3 hit an error page (rate limit?); retrying in 2.0s
music_recognizer: Shazam attempt 2/3 hit an error page (rate limit?); retrying in 2.0s
music_recognizer: No match from Shazam
music_recognizer: No match from Shazam
music_recognizer: No match from Shazam
music_recognizer: Shazam attempt 1/3 hit an error page (rate limit?); retrying in 1.0s
music_recognizer: Shazam attempt 1/3 hit an error page (rate limit?); retrying in 1.0s
music_recognizer: Shazam attempt 2/3 hit an error page (rate limit?); retrying in 2.0s
music_recognizer: Shazam attempt 2/3 hit an error page (rate limit?); retrying in 2.0s
music_recognizer: Shazam attempt 1/3 hit an error page (rate limit?); retrying in 1.0s
music_recognizer: No match from Shazam
music_recognizer: No match from Shazam
music_recognizer: No match from Shazam
music_recognizer: Shazam attempt 1/3 hit an error page (rate limit?); retrying in 1.0s
music_recognizer: Shazam attempt 1/3 hit an error page (rate limit?); retrying in 1.0s
music_recognizer: Shazam attempt 2/3 hit an error page (rate limit?); retrying in 2.0s
music_recognizer: Shazam attempt 2/3 hit an error page (rate limit?); retrying in 2.0s
music_recognizer: No match from Shazam
music_recognizer: No match from Shazam
music_recognizer: No match from Shazam
music_recognizer: Shazam attempt 1/3 hit an error page (rate limit?); retrying in 1.0s
music_recognizer: Shazam attempt 1/3 hit an error page (rate limit?); retrying in 1.0s
music_recognizer: Shazam attempt 2/3 hit an error page (rate limit?); retrying in 2.0s
music_recognizer: Shazam attempt 2/3 hit an error page (rate limit?); retrying in 2.0s
music_recognizer: Shazam attempt 1/3 hit an error page (rate limit?); retrying in 1.0s
music_recognizer: No match from Shazam
music_recognizer: No match from Shazam
music_recognizer: No match from Shazam
music_recognizer: Shazam attempt 1/3 hit an error page (rate limit?); retrying in 1.0s
music_recognizer: Shazam attempt 1/3 hit an error page (rate limit?); retrying in 1.0s
music_recognizer: Shazam attempt 2/3 hit an error page (rate limit?); retrying in 2.0s
music_recognizer: Shazam attempt 2/3 hit an error page (rate limit?); retrying in 2.0s
music_recognizer: No match from Shazam
music_recognizer: No match from Shazam
music_recognizer: No match from Shazam
music_recognizer: Shazam attempt 1/3 hit an error page (rate limit?); retrying in 1.0s
music_recognizer: Shazam attempt 1/3 hit an error page (rate limit?); retrying in 1.0s
music_recognizer: Shazam attempt 2/3 hit an error page (rate limit?); retrying in 2.0s
music_recognizer: Shazam attempt 2/3 hit an error page (rate limit?); retrying in 2.0s
music_recognizer: Shazam attempt 1/3 hit an error page (rate limit?); retrying in 1.0s
music_recognizer: No match from Shazam
music_recognizer: No match from Shazam
music_recognizer: No match from Shazam
music_recognizer: Shazam attempt 1/3 hit an error page (rate limit?); retrying in 1.0s
music_recognizer: Shazam attempt 1/3 hit an error page (rate limit?); retrying in 1.0s
music_recognizer: Shazam attempt 2/3 hit an error page (rate limit?); retrying in 2.0s
music_recognizer: Shazam attempt 2/3 hit an error page (rate limit?); retrying in 2.0s
music_recognizer: No match from Shazam
music_recognizer: No match from Shazam
music_recognizer: No match from Shazam
music_recognizer: Shazam attempt 1/3 hit an error page (rate limit?); retrying in 1.0s
music_recognizer: Shazam attempt 1/3 hit an error page (rate limit?); retrying in 1.0s
music_recognizer: Shazam attempt 2/3 hit an error page (rate limit?); retrying in 2.0s
music_recognizer: Shazam attempt 2/3 hit an error page (rate limit?); retrying in 2.0s
music_recognizer: Shazam attempt 1/3 hit an error page (rate limit?); retrying in 1.0s
music_recognizer: No match from Shazam
music_recognizer: No match from Shazam
music_recognizer: No match from Shazam
music_recognizer: Shazam attempt 1/3 hit an error page (rate limit?); retrying in 1.0s
music_recognizer: Shazam attempt 1/3 hit an error page (rate limit?); retrying in 1.0s
music_recognizer: Shazam attempt 2/3 hit an error page (rate limit?); retrying in 2.0s
music_recognizer: Shazam attempt 2/3 hit an error page (rate limit?); retrying in 2.0s
music_recognizer: No match from Shazam
music_recognizer: No match from Shazam
music_recognizer: No match from Shazam
music_recognizer: Shazam attempt 1/3 hit an error page (rate limit?); retrying in 1.0s
music_recognizer: Shazam attempt 1/3 hit an error page (rate limit?); retrying in 1.0s
music_recognizer: Shazam attempt 2/3 hit an error page (rate limit?); retrying in 2.0s
music_recognizer: Shazam attempt 2/3 hit an error page (rate limit?); retrying in 2.0s
music_recognizer: Shazam attempt 1/3 hit an error page (rate limit?); retrying in 1.0s
music_recognizer: No match from Shazam
music_recognizer: No match from Shazam
music_recognizer: No match from Shazam
music_recognizer: Shazam attempt 1/3 hit an error page (rate limit?); retrying in 1.0s
music_recognizer: Shazam attempt 1/3 hit an error page (rate limit?); retrying in 1.0s
music_recognizer: Shazam attempt 2/3 hit an error page (rate limit?); retrying in 2.0s
music_recognizer: Shazam attempt 2/3 hit an error page (rate limit?); retrying in 2.0s
music_recognizer: No match from Shazam
music_recognizer: No match from Shazam
music_recognizer: No match from Shazam
music_recognizer: Shazam attempt 1/3 hit an error page (rate limit?); retrying in 1.0s
music_recognizer: Shazam attempt 1/3 hit an error page (rate limit?); retrying in 1.0s
music_recognizer: Shazam attempt 2/3 hit an error page (rate limit?); retrying in 2.0s
music_recognizer: Shazam attempt 2/3 hit an error page (rate limit?); retrying in 2.0s
music_recognizer: Shazam attempt 1/3 hit an error page (rate limit?); retrying in 1.0s
music_recognizer: No match from Shazam
music_recognizer: No match from Shazam
music_recognizer: No match from Shazam
music_recognizer: Shazam attempt 1/3 hit an error page (rate limit?); retrying in 1.0s
music_recognizer: Shazam attempt 1/3 hit an error page (rate limit?); retrying in 1.0s
music_recognizer: Shazam attempt 2/3 hit an error page (rate limit?); retrying in 2.0s
music_recognizer: Shazam attempt 2/3 hit an error page (rate limit?); retrying in 2.0s
music_recognizer: No match from Shazam
music_recognizer: No match from Shazam
music_recognizer: No match from Shazam
music_recognizer: Shazam attempt 1/3 hit an error page (rate limit?); retrying in 1.0s
music_recognizer: Shazam attempt 1/3 hit an error page (rate limit?); retrying in 1.0s
music_recognizer: Shazam attempt 2/3 hit an error page (rate limit?); retrying in 2.0s
music_recognizer: Shazam attempt 2/3 hit an error page (rate limit?); retrying in 2.0s
music_recognizer: Shazam attempt 1/3 hit an error page (rate limit?); retrying in 1.0s
music_recognizer: No match from Shazam
music_recognizer: No match from Shazam
music_recognizer: No match from Shazam
music_recognizer: Shazam attempt 1/3 hit an error page (rate limit?); retrying in 1.0s
music_recognizer: Shazam attempt 1/3 hit an error page (rate limit?); retrying in 1.0s
music_recognizer: Shazam attempt 2/3 hit an error page (rate limit?); retrying in 2.0s
music_recognizer: Shazam attempt 2/3 hit an error page (rate limit?); retrying in 2.0s
music_recognizer: No match from Shazam
music_recognizer: No match from Shazam
music_recognizer: No match from Shazam
music_recognizer: Shazam attempt 1/3 hit an error page (rate limit?); retrying in 1.0s
music_recognizer: Shazam attempt 1/3 hit an error page (rate limit?); retrying in 1.0s
music_recognizer: Shazam attempt 2/3 hit an error page (rate limit?); retrying in 2.0s
music_recognizer: Shazam attempt 2/3 hit an error page (rate limit?); retrying in 2.0s
music_recognizer: Shazam attempt 1/3 hit an error page (rate limit?); retrying in 1.0s
music_recognizer: No match from Shazam
music_recognizer: No match from Shazam
music_recognizer: No match from Shazam
music_recognizer: Shazam attempt 1/3 hit an error page (rate limit?); retrying in 1.0s
music_recognizer: Shazam attempt 1/3 hit an error page (rate limit?); retrying in 1.0s
music_recognizer: Shazam attempt 2/3 hit an error page (rate limit?); retrying in 2.0s
music_recognizer: Shazam attempt 2/3 hit an error page (rate limit?); retrying in 2.0s
music_recognizer: No match from Shazam
music_recognizer: No match from Shazam
music_recognizer: No match from Shazam
music_recognizer: Shazam attempt 1/3 hit an error page (rate limit?); retrying in 1.0s
music_recognizer: Shazam attempt 1/3 hit an error page (rate limit?); retrying in 1.0s
music_recognizer: Shazam attempt 2/3 hit an error page (rate limit?); retrying in 2.0s
music_recognizer: Shazam attempt 2/3 hit an error page (rate limit?); retrying in 2.0s
music_recognizer: Shazam attempt 1/3 hit an error page (rate limit?); retrying in 1.0s
music_recognizer: No match from Shazam
music_recognizer: No match from Shazam
music_recognizer: No match from Shazam
music_recognizer: Shazam attempt 1/3 hit an error page (rate limit?); retrying in 1.0s
music_recognizer: Shazam attempt 1/3 hit an error page (rate limit?); retrying in 1.0s
music_recognizer: Shazam attempt 2/3 hit an error page (rate limit?); retrying in 2.0s
music_recognizer: Shazam attempt 2/3 hit an error page (rate limit?); retrying in 2.0s
music_recognizer: No match from Shazam
music_recognizer: No match from Shazam
music_recognizer: No match from Shazam
music_recognizer: Shazam attempt 1/3 hit an error page (rate limit?); retrying in 1.0s
music_recognizer: Shazam attempt 1/3 hit an error page (rate limit?); retrying in 1.0s
music_recognizer: Shazam attempt 2/3 hit an error page (rate limit?); retrying in 2.0s
music_recognizer: Shazam attempt 2/3 hit an error page (rate limit?); retrying in 2.0s
music_recognizer: Shazam attempt 1/3 hit an error page (rate limit?); retrying in 1.0s
music_recognizer: No match from Shazam
music_recognizer: No match from Shazam
music_recognizer: No match from Shazam
music_recognizer: Shazam attempt 1/3 hit an error page (rate limit?); retrying in 1.0s
music_recognizer: Shazam attempt 1/3 hit an error page (rate limit?); retrying in 1.0s
music_recognizer: Shazam attempt 2/3 hit an error page (rate limit?); retrying in 2.0s
music_recognizer: Shazam attempt 2/3 hit an error page (rate limit?); retrying in 2.0s
music_recognizer: No match from Shazam
music_recognizer: No match from Shazam
music_recognizer: No match from Shazam
music_recognizer: Shazam attempt 1/3 hit an error page (rate limit?); retrying in 1.0s
music_recognizer: Shazam attempt 1/3 hit an error page (rate limit?); retrying in 1.0s
music_recognizer: Shazam attempt 2/3 hit an error page (rate limit?); retrying in 2.0s
music_recognizer: Shazam attempt 2/3 hit an error page (rate limit?); retrying in 2.0s
music_recognizer: Shazam attempt 1/3 hit an error page (rate limit?); retrying in 1.0s
music_recognizer: No match from Shazam
music_recognizer: No match from Shazam
music_recognizer: No match from Shazam
music_recognizer: Shazam attempt 1/3 hit an error page (rate limit?); retrying in 1.0s
music_recognizer: Shazam attempt 1/3 hit an error page (rate limit?); retrying in 1.0s
music_recognizer: Shazam attempt 2/3 hit an error page (rate limit?); retrying in 2.0s
music_recognizer: Shazam attempt 2/3 hit an error page (rate limit?); retrying in 2.0s
music_recognizer: No match from Shazam
music_recognizer: No match from Shazam
music_recognizer: No match from Shazam
music_recognizer: Shazam attempt 1/3 hit an error page (rate limit?); retrying in 1.0s
music_recognizer: Shazam attempt 1/3 hit an error page (rate limit?); retrying in 1.0s
music_recognizer: Shazam attempt 2/3 hit an error page (rate limit?); retrying in 2.0s
music_recognizer: Shazam attempt 2/3 hit an error page (rate limit?); retrying in 2.0s
music_recognizer: Shazam attempt 1/3 hit an error page (rate limit?); retrying in 1.0s
music_recognizer: No match from Shazam
music_recognizer: No match from Shazam
music_recognizer: No match from Shazam
music_recognizer: Shazam attempt 1/3 hit an error page (rate limit?); retrying in 1.0s
music_recognizer: Shazam attempt 1/3 hit an error page (rate limit?); retrying in 1.0s
music_recognizer: Shazam attempt 2/3 hit an error page (rate limit?); retrying in 2.0s
music_recognizer: Shazam attempt 2/3 hit an error page (rate limit?); retrying in 2.0s
music_recognizer: No match from Shazam
music_recognizer: No match from Shazam
music_recognizer: No match from Shazam
music_recognizer: Shazam attempt 1/3 hit an error page (rate limit?); retrying in 1.0s
music_recognizer: Shazam attempt 1/3 hit an error page (rate limit?); retrying in 1.0s
music_recognizer: Shazam attempt 2/3 hit an error page (rate limit?); retrying in 2.0s
music_recognizer: Shazam attempt 2/3 hit an error page (rate limit?); retrying in 2.0s
music_recognizer: Shazam attempt 1/3 hit an error page (rate limit?); retrying in 1.0s
music_recognizer: No match from Shazam
music_recognizer: No match from Shazam
music_recognizer: No match from Shazam
music_recognizer: Shazam attempt 1/3 hit an error page (rate limit?); retrying in 1.0s
music_recognizer: Shazam attempt 1/3 hit an error page (rate limit?); retrying in 1.0s
music_recognizer: Shazam attempt 2/3 hit an error page (rate limit?); retrying in 2.0s
music_recognizer: Shazam attempt 2/3 hit an error page (rate limit?); retrying in 2.0s
music_recognizer: No match from Shazam
music_recognizer: No match from Shazam
music_recognizer: No match from Shazam
music_recognizer: Shazam attempt 1/3 hit an error page (rate limit?); retrying in 1.0s
music_recognizer: Shazam attempt 1/3 hit an error page (rate limit?); retrying in 1.0s
music_recognizer: Shazam attempt 2/3 hit an error page (rate limit?); retrying in 2.0s
music_recognizer: Shazam attempt 2/3 hit an error page (rate limit?); retrying in 2.0s
music_recognizer: Shazam attempt 1/3 hit an error page (rate limit?); retrying in 1.0s
music_recognizer: No match from Shazam
music_recognizer: No match from Shazam
music_recognizer: No match from Shazam
music_recognizer: Shazam attempt 1/3 hit an error page (rate limit?); retrying in 1.0s
music_recognizer: Shazam attempt 1/3 hit an error page (rate limit?); retrying in 1.0s
music_recognizer: Shazam attempt 2/3 hit an error page (rate limit?); retrying in 2.0s
music_recognizer: Shazam attempt 2/3 hit an error page (rate limit?); retrying in 2.0s
music_recognizer: No match from Shazam
music_recognizer: No match from Shazam
music_recognizer: No match from Shazam
music_recognizer: Shazam attempt 1/3 hit an error page (rate limit?); retrying in 1.0s
music_recognizer: Shazam attempt 1/3 hit an error page (rate limit?); retrying in 1.0s
music_recognizer: Shazam attempt 2/3 hit an error page (rate limit?); retrying in 2.0s
music_recognizer: Shazam attempt 2/3 hit an error page (rate limit?); retrying in 2.0s
music_recognizer: Shazam attempt 1/3 hit an error page (rate limit?); retrying in 1.0s
music_recognizer: No match from Shazam
music_recognizer: No match from Shazam
music_recognizer: No match from Shazam
music_recognizer: Shazam attempt 1/3 hit an error page (rate limit?); retrying in 1.0s
music_recognizer: Shazam attempt 1/3 hit an error page (rate limit?); retrying in 1.0s
music_recognizer: Shazam attempt 2/3 hit an error page (rate limit?); retrying in 2.0s
music_recognizer: Shazam attempt 2/3 hit an error page (rate limit?); retrying in 2.0s
music_recognizer: No match from Shazam
music_recognizer: No match from Shazam
music_recognizer: No match from Shazam
music_recognizer: Shazam attempt 1/3 hit an error page (rate limit?); retrying in 1.0s
music_recognizer: Shazam attempt 1/3 hit an error page (rate limit?); retrying in 1.0s
music_recognizer: Shazam attempt 2/3 hit an error page (rate limit?); retrying in 2.0s
music_recognizer: Shazam attempt 2/3 hit an error page (rate limit?); retrying in 2.0s
music_recognizer: Shazam attempt 1/3 hit an error page (rate limit?); retrying in 1.0s
music_recognizer: No match from Shazam
music_recognizer: No match from Shazam
music_recognizer: No match from Shazam
music_recognizer: Shazam attempt 1/3 hit an error page (rate limit?); retrying in 1.0s
music_recognizer: Shazam attempt 1/3 hit an error page (rate limit?); retrying in 1.0s
music_recognizer: Shazam attempt 2/3 hit an error page (rate limit?); retrying in 2.0s
music_recognizer: Shazam attempt 2/3 hit an error page (rate limit?); retrying in 2.0s
music_recognizer: No match from Shazam
music_recognizer: No match from Shazam
music_recognizer: No match from Shazam
music_recognizer: Shazam attempt 1/3 hit an error page (rate limit?); retrying in 1.0s
music_recognizer: Shazam attempt 1/3 hit an error page (rate limit?); retrying in 1.0s
music_recognizer: Shazam attempt 2/3 hit an error page (rate limit?); retrying in 2.0s
music_recognizer: Shazam attempt 2/3 hit an error page (rate limit?); retrying in 2.0s
music_recognizer: Shazam attempt 1/3 hit an error page (rate limit?); retrying in 1.0s
music_recognizer: No match from Shazam
music_recognizer: No match from Shazam
music_recognizer: No match from Shazam
music_recognizer: Shazam attempt 1/3 hit an error page (rate limit?); retrying in 1.0s
music_recognizer: Shazam attempt 1/3 hit an error page (rate limit?); retrying in 1.0s
music_recognizer: Shazam attempt 2/3 hit an error page (rate limit?); retrying in 2.0s
music_recognizer: Shazam attempt 2/3 hit an error page (rate limit?); retrying in 2.0s
music_recognizer: No match from Shazam
music_recognizer: No match from Shazam
music_recognizer: No match from Shazam
music_recognizer: Shazam attempt 1/3 hit an error page (rate limit?); retrying in 1.0s
music_recognizer: Shazam attempt 1/3 hit an error page (rate limit?); retrying in 1.0s
music_recognizer: Shazam attempt 2/3 hit an error page (rate limit?); retrying in 2.0s
music_recognizer: Shazam attempt 2/3 hit an error page (rate limit?); retrying in 2.0s
music_recognizer: Shazam attempt 1/3 hit an error page (rate limit?); retrying in 1.0s
music_recognizer: No match from Shazam
music_recognizer: No match from Shazam
music_recognizer: No match from Shazam
music_recognizer: Shazam attempt 1/3 hit an error page (rate limit?); retrying in 1.0s
music_recognizer: Shazam attempt 1/3 hit an error page (rate limit?); retrying in 1.0s
music_recognizer: Shazam attempt 2/3 hit an error page (rate limit?); retrying in 2.0s
music_recognizer: Shazam attempt 2/3 hit an error page (rate limit?); retrying in 2.0s
music_recognizer: No match from Shazam
music_recognizer: No match from Shazam
music_recognizer: No match from Shazam
music_recognizer: Shazam attempt 1/3 hit an error page (rate limit?); retrying in 1.0s
music_recognizer: Shazam attempt 1/3 hit an error page (rate limit?); retrying in 1.0s
music_recognizer: Shazam attempt 2/3 hit an error page (rate limit?); retrying in 2.0s
music_recognizer: Shazam attempt 2/3 hit an error page (rate limit?); retrying in 2.0s
music_recognizer: Shazam attempt 1/3 hit an error page (rate limit?); retrying in 1.0s
music_recognizer: No match from Shazam
music_recognizer: No match from Shazam
music_recognizer: No match from Shazam
music_recognizer: Shazam attempt 1/3 hit an error page (rate limit?); retrying in 1.0s
music_recognizer: Shazam attempt 1/3 hit an error page (rate limit?); retrying in 1.0s
music_recognizer: Shazam attempt 2/3 hit an error page (rate limit?); retrying in 2.0s
music_recognizer: Shazam attempt 2/3 hit an error page (rate limit?); retrying in 2.0s
music_recognizer: No match from Shazam
music_recognizer: No match from Shazam
music_recognizer: No match from Shazam
music_recognizer: Shazam attempt 1/3 hit an error page (rate limit?); retrying in 1.0s
music_recognizer: Shazam attempt 1/3 hit an error page (rate limit?); retrying in 1.0s
music_recognizer: Shazam attempt 2/3 hit an error page (rate limit?); retrying in 2.0s
music_recognizer: Shazam attempt 2/3 hit an error page (rate limit?); retrying in 2.0s
music_recognizer: Shazam attempt 1/3 hit an error page (rate limit?); retrying in 1.0s
music_recognizer: No match from Shazam
music_recognizer: No match from Shazam
music_recognizer: No match from Shazam
music_recognizer: Shazam attempt 1/3 hit an error page (rate limit?); retrying in 1.0s
music_recognizer: Shazam attempt 1/3 hit an error page (rate limit?); retrying in 1.0s
music_recognizer: Shazam attempt 2/3 hit an error page (rate limit?); retrying in 2.0s
music_recognizer: Shazam attempt 2/3 hit an error page (rate limit?); retrying in 2.0s
music_recognizer: No match from Shazam
music_recognizer: No match from Shazam
music_recognizer: No match from Shazam
music_recognizer: Shazam attempt 1/3 hit an error page (rate limit?); retrying in 1.0s
music_recognizer: Shazam attempt 1/3 hit an error page (rate limit?); retrying in 1.0s
music_recognizer: Shazam attempt 2/3 hit an error page (rate limit?); retrying in 2.0s
music_recognizer: Shazam attempt 2/3 hit an error page (rate limit?); retrying in 2.0s
music_recognizer: Shazam attempt 1/3 hit an error page (rate limit?); retrying in 1.0s
music_recognizer: No match from Shazam
music_recognizer: No match from Shazam
music_recognizer: No match from Shazam
music_recognizer: Shazam attempt 1/3 hit an error page (rate limit?); retrying in 1.0s
music_recognizer: Shazam attempt 1/3 hit an error page (rate limit?); retrying in 1.0s
music_recognizer: Shazam attempt 2/3 hit an error page (rate limit?); retrying in 2.0s
music_recognizer: Shazam attempt 2/3 hit an error page (rate limit?); retrying in 2.0s
music_recognizer: No match from Shazam
music_recognizer: No match from Shazam
music_recognizer: No match from Shazam
music_recognizer: Shazam attempt 1/3 hit an error page (rate limit?); retrying in 1.0s
music_recognizer: Shazam attempt 1/3 hit an error page (rate limit?); retrying in 1.0s
music_recognizer: Shazam attempt 2/3 hit an error page (rate limit?); retrying in 2.0s
music_recognizer: Shazam attempt 2/3 hit an error page (rate limit?); retrying in 2.0s
music_recognizer: Shazam attempt 1/3 hit an error page (rate limit?); retrying in 1.0s
music_recognizer: No match from Shazam
music_recognizer: No match from Shazam
music_recognizer: No match from Shazam
music_recognizer: Shazam attempt 1/3 hit an error page (rate limit?); retrying in 1.0s
music_recognizer: Shazam attempt 1/3 hit an error page (rate limit?); retrying in 1.0s
music_recognizer: Shazam attempt 2/3 hit an error page (rate limit?); retrying in 2.0s
music_recognizer: Shazam attempt 2/3 hit an error page (rate limit?); retrying in 2.0s
music_recognizer: No match from Shazam
music_recognizer: No match from Shazam
music_recognizer: No match from Shazam
music_recognizer: Shazam attempt 1/3 hit an error page (rate limit?); retrying in 1.0s
music_recognizer: Shazam attempt 1/3 hit an error page (rate limit?); retrying in 1.0s
music_recognizer: Shazam attempt 2/3 hit an error page (rate limit?); retrying in 2.0s
music_recognizer: Shazam attempt 2/3 hit an error page (rate limit?); retrying in 2.0s
music_recognizer: Shazam attempt 1/3 hit an error page (rate limit?); retrying in 1.0s
music_recognizer: No match from Shazam
music_recognizer: No match from Shazam
music_recognizer: No match from Shazam
music_recognizer: Shazam attempt 1/3 hit an error page (rate limit?); retrying in 1.0s
music_recognizer: Shazam attempt 1/3 hit an error page (rate limit?); retrying in 1.0s
music_recognizer: Shazam attempt 2/3 hit an error page (rate limit?); retrying in 2.0s
music_recognizer: Shazam attempt 2/3 hit an error page (rate limit?); retrying in 2.0s
music_recognizer: No match from Shazam
music_recognizer: No match from Shazam
music_recognizer: No match from Shazam
music_recognizer: Shazam attempt 1/3 hit an error page (rate limit?); retrying in 1.0s
music_recognizer: Shazam attempt 1/3 hit an error page (rate limit?); retrying in 1.0s
music_recognizer: Shazam attempt 2/3 hit an error page (rate limit?); retrying in 2.0s
music_recognizer: Shazam attempt 2/3 hit an error page (rate limit?); retrying in 2.0s
music_recognizer: Shazam attempt 1/3 hit an error page (rate limit?); retrying in 1.0s
music_recognizer: No match from Shazam
music_recognizer: No match from Shazam
music_recognizer: No match from Shazam
music_recognizer: Shazam attempt 1/3 hit an error page (rate limit?); retrying in 1.0s
music_recognizer: Shazam attempt 1/3 hit an error page (rate limit?); retrying in 1.0s
music_recognizer: Shazam attempt 2/3 hit an error page (rate limit?); retrying in 2.0s
music_recognizer: Shazam attempt 2/3 hit an error page (rate limit?); retrying in 2.0s
music_recognizer: No match from Shazam
music_recognizer: No match from Shazam
music_recognizer: No match from Shazam
music_recognizer: Shazam attempt 1/3 hit an error page (rate limit?); retrying in 1.0s
music_recognizer: Shazam attempt 1/3 hit an error page (rate limit?); retrying in 1.0s
music_recognizer: Shazam attempt 2/3 hit an error page (rate limit?); retrying in 2.0s
music_recognizer: Shazam attempt 2/3 hit an error page (rate limit?); retrying in 2.0s
music_recognizer: Shazam attempt 1/3 hit an error page (rate limit?); retrying in 1.0s
music_recognizer: No match from Shazam
music_recognizer: No match from Shazam
music_recognizer: No match from Shazam
music_recognizer: Shazam attempt 1/3 hit an error page (rate limit?); retrying in 1.0s
music_recognizer: Shazam attempt 1/3 hit an error page (rate limit?); retrying in 1.0s
music_recognizer: Shazam attempt 2/3 hit an error page (rate limit?); retrying in 2.0s
music_recognizer: Shazam attempt 2/3 hit an error page (rate limit?); retrying in 2.0s
music_recognizer: No match from Shazam
music_recognizer: No match from Shazam
music_recognizer: No match from Shazam
music_recognizer: Shazam attempt 1/3 hit an error page (rate limit?); retrying in 1.0s
music_recognizer: Shazam attempt 1/3 hit an error page (rate limit?); retrying in 1.0s
music_recognizer: Shazam attempt 2/3 hit an error page (rate limit?); retrying in 2.0s
music_recognizer: Shazam attempt 2/3 hit an error page (rate limit?); retrying in 2.0s
music_recognizer: Shazam attempt 1/3 hit an error page (rate limit?); retrying in 1.0s
music_recognizer: No match from Shazam
music_recognizer: No match from Shazam
music_recognizer: No match from Shazam
music_recognizer: Shazam attempt 1/3 hit an error page (rate limit?); retrying in 1.0s
music_recognizer: Shazam attempt 1/3 hit an error page (rate limit?); retrying in 1.0s
music_recognizer: Shazam attempt 2/3 hit an error page (rate limit?); retrying in 2.0s
music_recognizer: Shazam attempt 2/3 hit an error page (rate limit?); retrying in 2.0s
music_recognizer: No match from Shazam
music_recognizer: No match from Shazam
music_recognizer: No match from Shazam
music_recognizer: Shazam attempt 1/3 hit an error page (rate limit?); retrying in 1.0s
music_recognizer: Shazam attempt 1/3 hit an error page (rate limit?); retrying in 1.0s
music_recognizer: Shazam attempt 2/3 hit an error page (rate limit?); retrying in 2.0s
music_recognizer: Shazam attempt 2/3 hit an error page (rate limit?); retrying in 2.0s
music_recognizer: Shazam attempt 1/3 hit an error page (rate limit?); retrying in 1.0s
music_recognizer: No match from Shazam
music_recognizer: No match from Shazam
music_recognizer: No match from Shazam
music_recognizer: Shazam attempt 1/3 hit an error page (rate limit?); retrying in 1.0s
music_recognizer: Shazam attempt 1/3 hit an error page (rate limit?); retrying in 1.0s
music_recognizer: Shazam attempt 2/3 hit an error page (rate limit?); retrying in 2.0s
music_recognizer: Shazam attempt 2/3 hit an error page (rate limit?); retrying in 2.0s
music_recognizer: No match from Shazam
music_recognizer: No match from Shazam
music_recognizer: No match from Shazam
music_recognizer: Shazam attempt 1/3 hit an error page (rate limit?); retrying in 1.0s
music_recognizer: Shazam attempt 1/3 hit an error page (rate limit?); retrying in 1.0s
music_recognizer: Shazam attempt 2/3 hit an error page (rate limit?); retrying in 2.0s
music_recognizer: Shazam attempt 2/3 hit an error page (rate limit?); retrying in 2.0s
music_recognizer: Shazam attempt 1/3 hit an error page (rate limit?); retrying in 1.0s
music_recognizer: No match from Shazam
music_recognizer: No match from Shazam
music_recognizer: No match from Shazam
music_recognizer: Shazam attempt 1/3 hit an error page (rate limit?); retrying in 1.0s
music_recognizer: Shazam attempt 1/3 hit an error page (rate limit?); retrying in 1.0s
music_recognizer: Shazam attempt 2/3 hit an error page (rate limit?); retrying in 2.0s
music_recognizer: Shazam attempt 2/3 hit an error page (rate limit?); retrying in 2.0s
music_recognizer: No match from Shazam
music_recognizer: No match from Shazam
music_recognizer: No match from Shazam
music_recognizer: Shazam attempt 1/3 hit an error page (rate limit?); retrying in 1.0s
music_recognizer: Shazam attempt 1/3 hit an error page (rate limit?); retrying in 1.0s
music_recognizer: Shazam attempt 2/3 hit an error page (rate limit?); retrying in 2.0s
music_recognizer: Shazam attempt 2/3 hit an error page (rate limit?); retrying in 2.0s
music_recognizer: Shazam attempt 1/3 hit an error page (rate limit?); retrying in 1.0s
music_recognizer: No match from Shazam
music_recognizer: No match from Shazam
music_recognizer: No match from Shazam
music_recognizer: Shazam attempt 1/3 hit an error page (rate limit?); retrying in 1.0s
music_recognizer: Shazam attempt 1/3 hit an error page (rate limit?); retrying in 1.0s
music_recognizer: Shazam attempt 2/3 hit an error page (rate limit?); retrying in 2.0s
music_recognizer: Shazam attempt 2/3 hit an error page (rate limit?); retrying in 2.0s
music_recognizer: No match from Shazam
music_recognizer: No match from Shazam
music_recognizer: No match from Shazam
music_recognizer: Shazam attempt 1/3 hit an error page (rate limit?); retrying in 1.0s
music_recognizer: Shazam attempt 1/3 hit an error page (rate limit?); retrying in 1.0s
music_recognizer: Shazam attempt 2/3 hit an error page (rate limit?); retrying in 2.0s
music_recognizer: Shazam attempt 2/3 hit an error page (rate limit?); retrying in 2.0s
music_recognizer: Shazam attempt 1/3 hit an error page (rate limit?); retrying in 1.0s
music_recognizer: No match from Shazam
music_recognizer: No match from Shazam
music_recognizer: No match from Shazam
music_recognizer: Shazam attempt 1/3 hit an error page (rate limit?); retrying in 1.0s
music_recognizer: Shazam attempt 1/3 hit an error page (rate limit?); retrying in 1.0s
music_recognizer: Shazam attempt 2/3 hit an error page (rate limit?); retrying in 2.0s
music_recognizer: Shazam attempt 2/3 hit an error page (rate limit?); retrying in 2.0s
music_recognizer: No match from Shazam
music_recognizer: No match from Shazam
music_recognizer: No match from Shazam
music_recognizer: Shazam attempt 1/3 hit an error page (rate limit?); retrying in 1.0s
music_recognizer: Shazam attempt 1/3 hit an error page (rate limit?); retrying in 1.0s
music_recognizer: Shazam attempt 2/3 hit an error page (rate limit?); retrying in 2.0s
music_recognizer: Shazam attempt 2/3 hit an error page (rate limit?); retrying in 2.0s
music_recognizer: Shazam attempt 1/3 hit an error page (rate limit?); retrying in 1.0s
music_recognizer: No match from Shazam
music_recognizer: No match from Shazam
music_recognizer: No match from Shazam
music_recognizer: Shazam attempt 1/3 hit an error page (rate limit?); retrying in 1.0s
music_recognizer: Shazam attempt 1/3 hit an error page (rate limit?); retrying in 1.0s
music_recognizer: Shazam attempt 2/3 hit an error page (rate limit?); retrying in 2.0s
music_recognizer: Shazam attempt 2/3 hit an error page (rate limit?); retrying in 2.0s
music_recognizer: No match from Shazam
music_recognizer: No match from Shazam
music_recognizer: No match from Shazam
music_recognizer: Shazam attempt 1/3 hit an error page (rate limit?); retrying in 1.0s
music_recognizer: Shazam attempt 1/3 hit an error page (rate limit?); retrying in 1.0s
music_recognizer: Shazam attempt 2/3 hit an error page (rate limit?); retrying in 2.0s
music_recognizer: Shazam attempt 2/3 hit an error page (rate limit?); retrying in 2.0s
music_recognizer: Shazam attempt 1/3 hit an error page (rate limit?); retrying in 1.0s
music_recognizer: No match from Shazam
music_recognizer: No match from Shazam
music_recognizer: No match from Shazam
music_recognizer: Shazam attempt 1/3 hit an error page (rate limit?); retrying in 1.0s
music_recognizer: Shazam attempt 1/3 hit an error page (rate limit?); retrying in 1.0s
music_recognizer: Shazam attempt 2/3 hit an error page (rate limit?); retrying in 2.0s
music_recognizer: Shazam attempt 2/3 hit an error page (rate limit?); retrying in 2.0s
music_recognizer: No match from Shazam
music_recognizer: No match from Shazam
music_recognizer: No match from Shazam
music_recognizer: Shazam attempt 1/3 hit an error page (rate limit?); retrying in 1.0s
music_recognizer: Shazam attempt 1/3 hit an error page (rate limit?); retrying in 1.0s
music_recognizer: Shazam attempt 2/3 hit an error page (rate limit?); retrying in 2.0s
music_recognizer: Shazam attempt 2/3 hit an error page (rate limit?); retrying in 2.0s
music_recognizer: Shazam attempt 1/3 hit an error page (rate limit?); retrying in 1.0s
music_recognizer: No match from Shazam
music_recognizer: No match from Shazam
music_recognizer: No match from Shazam
music_recognizer: Shazam attempt 1/3 hit an error page (rate limit?); retrying in 1.0s
music_recognizer: Shazam attempt 1/3 hit an error page (rate limit?); retrying in 1.0s
music_recognizer: Shazam attempt 2/3 hit an error page (rate limit?); retrying in 2.0s
music_recognizer: Shazam attempt 2/3 hit an error page (rate limit?); retrying in 2.0s
music_recognizer: No match from Shazam
music_recognizer: No match from Shazam
music_recognizer: No match from Shazam
music_recognizer: Shazam attempt 1/3 hit an error page (rate limit?); retrying in 1.0s
music_recognizer: Shazam attempt 1/3 hit an error page (rate limit?); retrying in 1.0s
music_recognizer: Shazam attempt 2/3 hit an error page (rate limit?); retrying in 2.0s
music_recognizer: Shazam attempt 2/3 hit an error page (rate limit?); retrying in 2.0s
music_recognizer: Shazam attempt 1/3 hit an error page (rate limit?); retrying in 1.0s
music_recognizer: No match from Shazam
music_recognizer: No match from Shazam
music_recognizer: No match from Shazam
music_recognizer: Shazam attempt 1/3 hit an error page (rate limit?); retrying in 1.0s
music_recognizer: Shazam attempt 1/3 hit an error page (rate limit?); retrying in 1.0s
music_recognizer: Shazam attempt 2/3 hit an error page (rate limit?); retrying in 2.0s
music_recognizer: Shazam attempt 2/3 hit an error page (rate limit?); retrying in 2.0s
music_recognizer: No match from Shazam
music_recognizer: No match from Shazam
music_recognizer: No match from Shazam
music_recognizer: Shazam attempt 1/3 hit an error page (rate limit?); retrying in 1.0s
music_recognizer: Shazam attempt 1/3 hit an error page (rate limit?); retrying in 1.0s
music_recognizer: Shazam attempt 2/3 hit an error page (rate limit?); retrying in 2.0s
music_recognizer: Shazam attempt 2/3 hit an error page (rate limit?); retrying in 2.0s
music_recognizer: Shazam attempt 1/3 hit an error page (rate limit?); retrying in 1.0s
music_recognizer: No match from Shazam
music_recognizer: No match from Shazam
music_recognizer: No match from Shazam
music_recognizer: Shazam attempt 1/3 hit an error page (rate limit?); retrying in 1.0s
music_recognizer: Shazam attempt 1/3 hit an error page (rate limit?); retrying in 1.0s
music_recognizer: Shazam attempt 2/3 hit an error page (rate limit?); retrying in 2.0s
music_recognizer: Shazam attempt 2/3 hit an error page (rate limit?); retrying in 2.0s
music_recognizer: No match from Shazam
music_recognizer: No match from Shazam
music_recognizer: No match from Shazam
music_recognizer: Shazam attempt 1/3 hit an error page (rate limit?); retrying in 1.0s
music_recognizer: Shazam attempt 1/3 hit an error page (rate limit?); retrying in 1.0s
music_recognizer: Shazam attempt 2/3 hit an error page (rate limit?); retrying in 2.0s
music_recognizer: Shazam attempt 2/3 hit an error page (rate limit?); retrying in 2.0s
music_recognizer: Shazam attempt 1/3 hit an error page (rate limit?); retrying in 1.0s
music_recognizer: No match from Shazam
music_recognizer: No match from Shazam
music_recognizer: No match from Shazam
music_recognizer: Shazam attempt 1/3 hit an error page (rate limit?); retrying in 1.0s
music_recognizer: Shazam attempt 1/3 hit an error page (rate limit?); retrying in 1.0s
music_recognizer: Shazam attempt 2/3 hit an error page (rate limit?); retrying in 2.0s
music_recognizer: Shazam attempt 2/3 hit an error page (rate limit?); retrying in 2.0s
music_recognizer: No match from Shazam
music_recognizer: No match from Shazam
music_recognizer: No match from Shazam
music_recognizer: Shazam attempt 1/3 hit an error page (rate limit?); retrying in 1.0s
music_recognizer: Shazam attempt 1/3 hit an error page (rate limit?); retrying in 1.0s
music_recognizer: Shazam attempt 2/3 hit an error page (rate limit?); retrying in 2.0s
music_recognizer: Shazam attempt 2/3 hit an error page (rate limit?); retrying in 2.0s
music_recognizer: Shazam attempt 1/3 hit an error page (rate limit?); retrying in 1.0s
music_recognizer: No match from Shazam
music_recognizer: No match from Shazam
music_recognizer: No match from Shazam
music_recognizer: Shazam attempt 1/3 hit an error page (rate limit?); retrying in 1.0s
music_recognizer: Shazam attempt 1/3 hit an error page (rate limit?); retrying in 1.0s
music_recognizer: Shazam attempt 2/3 hit an error page (rate limit?); retrying in 2.0s
music_recognizer: Shazam attempt 2/3 hit an error page (rate limit?); retrying in 2.0s
music_recognizer: No match from Shazam
music_recognizer: No match from Shazam
music_recognizer: No match from Shazam
music_recognizer: Shazam attempt 1/3 hit an error page (rate limit?); retrying in 1.0s
music_recognizer: Shazam attempt 1/3 hit an error page (rate limit?); retrying in 1.0s
music_recognizer: Shazam attempt 2/3 hit an error page (rate limit?); retrying in 2.0s
music_recognizer: Shazam attempt 2/3 hit an error page (rate limit?); retrying in 2.0s
music_recognizer: Shazam attempt 1/3 hit an error page (rate limit?); retrying in 1.0s
music_recognizer: No match from Shazam
music_recognizer: No match from Shazam
music_recognizer: No match from Shazam
music_recognizer: Shazam attempt 1/3 hit an error page (rate limit?); retrying in 1.0s
music_recognizer: Shazam attempt 1/3 hit an error page (rate limit?); retrying in 1.0s
music_recognizer: Shazam attempt 2/3 hit an error page (rate limit?); retrying in 2.0s
music_recognizer: Shazam attempt 2/3 hit an error page (rate limit?); retrying in 2.0s
music_recognizer: No match from Shazam
music_recognizer: No match from Shazam
music_recognizer: No match from Shazam
music_recognizer: Shazam attempt 1/3 hit an error page (rate limit?); retrying in 1.0s
music_recognizer: Shazam attempt 1/3 hit an error page (rate limit?); retrying in 1.0s
music_recognizer: Shazam attempt 2/3 hit an error page (rate limit?); retrying in 2.0s
music_recognizer: Shazam attempt 2/3 hit an error page (rate limit?); retrying in 2.0s
music_recognizer: Shazam attempt 1/3 hit an error page (rate limit?); retrying in 1.0s
music_recognizer: No match from Shazam
music_recognizer: No match from Shazam
music_recognizer: No match from Shazam
music_recognizer: Shazam attempt 1/3 hit an error page (rate limit?); retrying in 1.0s
music_recognizer: Shazam attempt 1/3 hit an error page (rate limit?); retrying in 1.0s
music_recognizer: Shazam attempt 2/3 hit an error page (rate limit?); retrying in 2.0s
music_recognizer: Shazam attempt 2/3 hit an error page (rate limit?); retrying in 2.0s
music_recognizer: No match from Shazam
music_recognizer: No match from Shazam
music_recognizer: No match from Shazam
music_recognizer: Shazam attempt 1/3 hit an error page (rate limit?); retrying in 1.0s
music_recognizer: Shazam attempt 1/3 hit an error page (rate limit?); retrying in 1.0s
music_recognizer: Shazam attempt 2/3 hit an error page (rate limit?); retrying in 2.0s
music_recognizer: Shazam attempt 2/3 hit an error page (rate limit?); retrying in 2.0s
music_recognizer: Shazam attempt 1/3 hit an error page (rate limit?); retrying in 1.0s
music_recognizer: No match from Shazam
music_recognizer: No match from Shazam
music_recognizer: No match from Shazam
music_recognizer: Shazam attempt 1/3 hit an error page (rate limit?); retrying in 1.0s
music_recognizer: Shazam attempt 1/3 hit an error page (rate limit?); retrying in 1.0s
music_recognizer: Shazam attempt 2/3 hit an error page (rate limit?); retrying in 2.0s
music_recognizer: Shazam attempt 2/3 hit an error page (rate limit?); retrying in 2.0s
music_recognizer: No match from Shazam
music_recognizer: No match from Shazam
music_recognizer: No match from Shazam
music_recognizer: Shazam attempt 1/3 hit an error page (rate limit?); retrying in 1.0s
music_recognizer: Shazam attempt 1/3 hit an error page (rate limit?); retrying in 1.0s
music_recognizer: Shazam attempt 2/3 hit an error page (rate limit?); retrying in 2.0s
music_recognizer: Shazam attempt 2/3 hit an error page (rate limit?); retrying in 2.0s
music_recognizer: Shazam attempt 1/3 hit an error page (rate limit?); retrying in 1.0s
music_recognizer: No match from Shazam
music_recognizer: No match from Shazam
music_recognizer: No match from Shazam
music_recognizer: Shazam attempt 1/3 hit an error page (rate limit?); retrying in 1.0s
music_recognizer: Shazam attempt 1/3 hit an error page (rate limit?); retrying in 1.0s
music_recognizer: Shazam attempt 2/3 hit an error page (rate limit?); retrying in 2.0s
music_recognizer: Shazam attempt 2/3 hit an error page (rate limit?); retrying in 2.0s
music_recognizer: No match from Shazam
music_recognizer: No match from Shazam
music_recognizer: No match from Shazam
music_recognizer: Shazam attempt 1/3 hit an error page (rate limit?); retrying in 1.0s
music_recognizer: Shazam attempt 1/3 hit an error page (rate limit?); retrying in 1.0s
music_recognizer: Shazam attempt 2/3 hit an error page (rate limit?); retrying in 2.0s
music_recognizer: Shazam attempt 2/3 hit an error page (rate limit?); retrying in 2.0s
music_recognizer: Shazam attempt 1/3 hit an error page (rate limit?); retrying in 1.0s
music_recognizer: No match from Shazam
music_recognizer: No match from Shazam
music_recognizer: No match from Shazam
music_recognizer: Shazam attempt 1/3 hit an error page (rate limit?); retrying in 1.0s
music_recognizer: Shazam attempt 1/3 hit an error page (rate limit?); retrying in 1.0s
music_recognizer: Shazam attempt 2/3 hit an error page (rate limit?); retrying in 2.0s
music_recognizer: Shazam attempt 2/3 hit an error page (rate limit?); retrying in 2.0s
music_recognizer: No match from Shazam
music_recognizer: No match from Shazam
music_recognizer: No match from Shazam
music_recognizer: Shazam attempt 1/3 hit an error page (rate limit?); retrying in 1.0s
music_recognizer: Shazam attempt 1/3 hit an error page (rate limit?); retrying in 1.0s
music_recognizer: Shazam attempt 2/3 hit an error page (rate limit?); retrying in 2.0s
music_recognizer: Shazam attempt 2/3 hit an error page (rate limit?); retrying in 2.0s
music_recognizer: Shazam attempt 1/3 hit an error page (rate limit?); retrying in 1.0s
music_recognizer: No match from Shazam
music_recognizer: No match from Shazam
music_recognizer: No match from Shazam
music_recognizer: Shazam attempt 1/3 hit an error page (rate limit?); retrying in 1.0s
music_recognizer: Shazam attempt 1/3 hit an error page (rate limit?); retrying in 1.0s
music_recognizer: Shazam attempt 2/3 hit an error page (rate limit?); retrying in 2.0s
music_recognizer: Shazam attempt 2/3 hit an error page (rate limit?); retrying in 2.0s
music_recognizer: No match from Shazam
music_recognizer: No match from Shazam
music_recognizer: No match from Shazam
music_recognizer: Shazam attempt 1/3 hit an error page (rate limit?); retrying in 1.0s
music_recognizer: Shazam attempt 1/3 hit an error page (rate limit?); retrying in 1.0s
music_recognizer: Shazam attempt 2/3 hit an error page (rate limit?); retrying in 2.0s
music_recognizer: Shazam attempt 2/3 hit an error page (rate limit?); retrying in 2.0s
music_recognizer: Shazam attempt 1/3 hit an error page (rate limit?); retrying in 1.0s
music_recognizer: No match from Shazam
music_recognizer: No match from Shazam
music_recognizer: No match from Shazam
music_recognizer: Shazam attempt 1/3 hit an error page (rate limit?); retrying in 1.0s
music_recognizer: Shazam attempt 1/3 hit an error page (rate limit?); retrying in 1.0s
music_recognizer: Shazam attempt 2/3 hit an error page (rate limit?); retrying in 2.0s
music_recognizer: Shazam attempt 2/3 hit an error page (rate limit?); retrying in 2.0s
music_recognizer: No match from Shazam
music_recognizer: No match from Shazam
music_recognizer: No match from Shazam
music_recognizer: Shazam attempt 1/3 hit an error page (rate limit?); retrying in 1.0s
music_recognizer: Shazam attempt 1/3 hit an error page (rate limit?); retrying in 1.0s
music_recognizer: Shazam attempt 2/3 hit an error page (rate limit?); retrying in 2.0s
music_recognizer: Shazam attempt 2/3 hit an error page (rate limit?); retrying in 2.0s
music_recognizer: Shazam attempt 1/3 hit an error page (rate limit?); retrying in 1.0s
music_recognizer: No match from Shazam
music_recognizer: No match from Shazam
music_recognizer: No match from Shazam
music_recognizer: Shazam attempt 1/3 hit an error page (rate limit?); retrying in 1.0s
music_recognizer: Shazam attempt 1/3 hit an error page (rate limit?); retrying in 1.0s
music_recognizer: Shazam attempt 2/3 hit an error page (rate limit?); retrying in 2.0s
music_recognizer: Shazam attempt 2/3 hit an error page (rate limit?); retrying in 2.0s
music_recognizer: No match from Shazam
music_recognizer: No match from Shazam
music_recognizer: No match from Shazam
music_recognizer: Shazam attempt 1/3 hit an error page (rate limit?); retrying in 1.0s
music_recognizer: Shazam attempt 1/3 hit an error page (rate limit?); retrying in 1.0s
music_recognizer: Shazam attempt 2/3 hit an error page (rate limit?); retrying in 2.0s
music_recognizer: Shazam attempt 2/3 hit an error page (rate limit?); retrying in 2.0s
music_recognizer: Shazam attempt 1/3 hit an error page (rate limit?); retrying in 1.0s
music_recognizer: No match from Shazam
music_recognizer: No match from Shazam
music_recognizer: No match from Shazam
music_recognizer: Shazam attempt 1/3 hit an error page (rate limit?); retrying in 1.0s
music_recognizer: Shazam attempt 1/3 hit an error page (rate limit?); retrying in 1.0s
music_recognizer: Shazam attempt 2/3 hit an error page (rate limit?); retrying in 2.0s
music_recognizer: Shazam attempt 2/3 hit an error page (rate limit?); retrying in 2.0s
music_recognizer: No match from Shazam
music_recognizer: No match from Shazam
music_recognizer: No match from Shazam
music_recognizer: Shazam attempt 1/3 hit an error page (rate limit?); retrying in 1.0s
music_recognizer: Shazam attempt 1/3 hit an error page (rate limit?); retrying in 1.0s
music_recognizer: Shazam attempt 2/3 hit an error page (rate limit?); retrying in 2.0s
music_recognizer: Shazam attempt 2/3 hit an error page (rate limit?); retrying in 2.0s
music_recognizer: Shazam attempt 1/3 hit an error page (rate limit?); retrying in 1.0s
music_recognizer: No match from Shazam
music_recognizer: No match from Shazam
music_recognizer: No match from Shazam
music_recognizer: Shazam attempt 1/3 hit an error page (rate limit?); retrying in 1.0s
music_recognizer: Shazam attempt 1/3 hit an error page (rate limit?); retrying in 1.0s
music_recognizer: Shazam attempt 2/3 hit an error page (rate limit?); retrying in 2.0s
music_recognizer: Shazam attempt 2/3 hit an error page (rate limit?); retrying in 2.0s
music_recognizer: No match from Shazam
music_recognizer: No match from Shazam
music_recognizer: No match from Shazam
music_recognizer: Shazam attempt 1/3 hit an error page (rate limit?); retrying in 1.0s
music_recognizer: Shazam attempt 1/3 hit an error page (rate limit?); retrying in 1.0s
music_recognizer: Shazam attempt 2/3 hit an error page (rate limit?); retrying in 2.0s
music_recognizer: Shazam attempt 2/3 hit an error page (rate limit?); retrying in 2.0s
music_recognizer: Shazam attempt 1/3 hit an error page (rate limit?); retrying in 1.0s
music_recognizer: No match from Shazam
music_recognizer: No match from Shazam
music_recognizer: No match from Shazam
music_recognizer: Shazam attempt 1/3 hit an error page (rate limit?); retrying in 1.0s
music_recognizer: Shazam attempt 1/3 hit an error page (rate limit?); retrying in 1.0s
music_recognizer: Shazam attempt 2/3 hit an error page (rate limit?); retrying in 2.0s
music_recognizer: Shazam attempt 2/3 hit an error page (rate limit?); retrying in 2.0s
music_recognizer: No match from Shazam
music_recognizer: No match from Shazam
music_recognizer: No match from Shazam
music_recognizer: Shazam attempt 1/3 hit an error page (rate limit?); retrying in 1.0s
music_recognizer: Shazam attempt 1/3 hit an error page (rate limit?); retrying in 1.0s
music_recognizer: Shazam attempt 2/3 hit an error page (rate limit?); retrying in 2.0s
music_recognizer: Shazam attempt 2/3 hit an error page (rate limit?); retrying in 2.0s
music_recognizer: Shazam attempt 1/3 hit an error page (rate limit?); retrying in 1.0s
music_recognizer: No match from Shazam
music_recognizer: No match from Shazam
music_recognizer: No match from Shazam
music_recognizer: Shazam attempt 1/3 hit an error page (rate limit?); retrying in 1.0s
music_recognizer: Shazam attempt 1/3 hit an error page (rate limit?); retrying in 1.0s
music_recognizer: Shazam attempt 2/3 hit an error page (rate limit?); retrying in 2.0s
music_recognizer: Shazam attempt 2/3 hit an error page (rate limit?); retrying in 2.0s
music_recognizer: No match from Shazam
music_recognizer: No match from Shazam
music_recognizer: No match from Shazam
music_recognizer: Shazam attempt 1/3 hit an error page (rate limit?); retrying in 1.0s
music_recognizer: Shazam attempt 1/3 hit an error page (rate limit?); retrying in 1.0s
music_recognizer: Shazam attempt 2/3 hit an error page (rate limit?); retrying in 2.0s
music_recognizer: Shazam attempt 2/3 hit an error page (rate limit?); retrying in 2.0s
music_recognizer: Shazam attempt 1/3 hit an error page (rate limit?); retrying in 1.0s
music_recognizer: No match from Shazam
music_recognizer: No match from Shazam
music_recognizer: No match from Shazam
music_recognizer: Shazam attempt 1/3 hit an error page (rate limit?); retrying in 1.0s
music_recognizer: Shazam attempt 1/3 hit an error page (rate limit?); retrying in 1.0s
music_recognizer: Shazam attempt 2/3 hit an error page (rate limit?); retrying in 2.0s
music_recognizer: Shazam attempt 2/3 hit an error page (rate limit?); retrying in 2.0s
music_recognizer: No match from Shazam
music_recognizer: No match from Shazam
music_recognizer: No match from Shazam
music_recognizer: Shazam attempt 1/3 hit an error page (rate limit?); retrying in 1.0s
music_recognizer: Shazam attempt 1/3 hit an error page (rate limit?); retrying in 1.0s
music_recognizer: Shazam attempt 2/3 hit an error page (rate limit?); retrying in 2.0s
music_recognizer: Shazam attempt 2/3 hit an error page (rate limit?); retrying in 2.0s
music_recognizer: Shazam attempt 1/3 hit an error page (rate limit?); retrying in 1.0s
music_recognizer: No match from Shazam
music_recognizer: No match from Shazam
music_recognizer: No match from Shazam
music_recognizer: Shazam attempt 1/3 hit an error page (rate limit?); retrying in 1.0s
music_recognizer: Shazam attempt 1/3 hit an error page (rate limit?); retrying in 1.0s
music_recognizer: Shazam attempt 2/3 hit an error page (rate limit?); retrying in 2.0s
music_recognizer: Shazam attempt 2/3 hit an error page (rate limit?); retrying in 2.0s
music_recognizer: No match from Shazam
music_recognizer: No match from Shazam
music_recognizer: No match from Shazam
music_recognizer: Shazam attempt 1/3 hit an error page (rate limit?); retrying in 1.0s
music_recognizer: Shazam attempt 1/3 hit an error page (rate limit?); retrying in 1.0s
music_recognizer: Shazam attempt 2/3 hit an error page (rate limit?); retrying in 2.0s
music_recognizer: Shazam attempt 2/3 hit an error page (rate limit?); retrying in 2.0s
music_recognizer: Shazam attempt 1/3 hit an error page (rate limit?); retrying in 1.0s
music_recognizer: No match from Shazam
music_recognizer: No match from Shazam
music_recognizer: No match from Shazam
music_recognizer: Shazam attempt 1/3 hit an error page (rate limit?); retrying in 1.0s
music_recognizer: Shazam attempt 1/3 hit an error page (rate limit?); retrying in 1.0s
music_recognizer: Audio bytes identification failed: 
music_recognizer: Audio bytes identification failed: 
music_recognizer: Audio bytes identification failed: 
music_recognizer: Audio bytes identification failed: 
music_recognizer: Audio bytes identification failed: 
music_recognizer: Audio bytes identification failed: 
music_recognizer: No match from Shazam
music_recognizer: Audio bytes identification failed: 
music_recognizer: No match from Shazam
music_recognizer: No match from Shazam
music_recognizer: No match from Shazam
music_recognizer: Shazam attempt 1/3 hit an error page (rate limit?); retrying in 1.0s
music_recognizer: Shazam attempt 2/3 hit an error page (rate limit?); retrying in 2.0s
music_recognizer: No match from Shazam
music_recognizer: No match from Shazam
music_recognizer: No match from Shazam
music_recognizer: Shazam attempt 1/3 hit an error page (rate limit?); retrying in 1.0s
music_recognizer: Shazam attempt 2/3 hit an error page (rate limit?); retrying in 2.0s
music_recognizer: Audio bytes identification failed: Check args, URL is invalid
URL- https://amp.shazam.com/discovery/v5/en/GB/iphone/-/tag/C7F7A32D-F355-4ACD-941F-DB749DC216AF/610D287C-B066-43AD-AA6E-65994AD95C07?sync=true&webv3=true&sampling=true&connected=&shazamapiversion=v3&sharehub=true&hubv5minorversion=v5.1&hidelb=true&video=v3
music_recognizer: Shazam attempt 1/3 hit an error page (rate limit?); retrying in 1.0s
music_recognizer: No match from Shazam
music_recognizer: Audio bytes identification failed: 
music_recognizer: Audio bytes identification failed: 
music_recognizer: Audio bytes identification failed: 
music_recognizer: Audio bytes identification failed: 
music_recognizer: Audio bytes identification failed: 
music_recognizer: Audio bytes identification failed: 
music_recognizer: Audio bytes identification failed: 
music_recognizer: Audio bytes identification failed: 
music_recognizer: No match from Shazam
music_recognizer: No match from Shazam
music_recognizer: No match from Shazam
music_recognizer: No match from Shazam
music_recognizer: No match from Shazam
music_recognizer: Shazam attempt 1/3 hit an error page (rate limit?); retrying in 1.0s
music_recognizer: Shazam attempt 2/3 hit an error page (rate limit?); retrying in 2.0s
music_recognizer: Audio bytes identification failed: Check args, URL is invalid
URL- https://amp.shazam.com/discovery/v5/en/GB/iphone/-/tag/F9F2FD0E-386E-4342-BE84-B085FAE14D3C/CEF30B1D-8E9D-4A49-BDDE-9CA9562D0EC9?sync=true&webv3=true&sampling=true&connected=&shazamapiversion=v3&sharehub=true&hubv5minorversion=v5.1&hidelb=true&video=v3
music_recognizer: No match from Shazam
music_recognizer: No match from Shazam
music_recognizer: No match from Shazam
music_recognizer: Shazam attempt 1/3 hit an error page (rate limit?); retrying in 1.0s
music_recognizer: Shazam attempt 1/3 hit an error page (rate limit?); retrying in 1.0s
music_recognizer: Shazam attempt 2/3 hit an error page (rate limit?); retrying in 2.0s
music_recognizer: No match from Shazam
music_recognizer: No match from Shazam
music_recognizer: No match from Shazam
music_recognizer: Shazam attempt 1/3 hit an error page (rate limit?); retrying in 1.0s
music_recognizer: Shazam attempt 2/3 hit an error page (rate limit?); retrying in 2.0s
music_recognizer: Audio bytes identification failed: Check args, URL is invalid
URL- https://amp.shazam.com/discovery/v5/en/GB/iphone/-/tag/EA28F53F-2697-4434-987B-F682613A9E8B/0698139F-CFA2-4178-9B7B-E52A1CF6742E?sync=true&webv3=true&sampling=true&connected=&shazamapiversion=v3&sharehub=true&hubv5minorversion=v5.1&hidelb=true&video=v3
music_recognizer: Shazam attempt 1/3 hit an error page (rate limit?); retrying in 1.0s
music_recognizer: No match from Shazam
music_recognizer: No match from Shazam
music_recognizer: No match from Shazam
music_recognizer: Shazam attempt 1/3 hit an error page (rate limit?); retrying in 1.0s
music_recognizer: Shazam attempt 2/3 hit an error page (rate limit?); retrying in 2.0s
music_recognizer: Shazam attempt 1/3 hit an error page (rate limit?); retrying in 1.0s
music_recognizer: Audio bytes identification failed: Check args, URL is invalid
URL- https://amp.shazam.com/discovery/v5/en/GB/iphone/-/tag/BB04D881-68B0-4979-9E9C-7F023311E2F6/3C9397C7-23AE-4AE1-A64F-B385F5F818E2?sync=true&webv3=true&sampling=true&connected=&shazamapiversion=v3&sharehub=true&hubv5minorversion=v5.1&hidelb=true&video=v3
music_recognizer: Shazam attempt 1/3 hit an error page (rate limit?); retrying in 1.0s
music_recognizer: No match from Shazam
music_recognizer: No match from Shazam
music_recognizer: No match from Shazam
music_recognizer: Shazam attempt 1/3 hit an error page (rate limit?); retrying in 1.0s
music_recognizer: Shazam attempt 1/3 hit an error page (rate limit?); retrying in 1.0s
music_recognizer: Shazam attempt 2/3 hit an error page (rate limit?); retrying in 2.0s
music_recognizer: Shazam attempt 2/3 hit an error page (rate limit?); retrying in 2.0s
music_recognizer: No match from Shazam
music_recognizer: No match from Shazam
music_recognizer: No match from Shazam
music_recognizer: Audio bytes identification failed: 
music_recognizer: Audio bytes identification failed: 
music_recognizer: Audio bytes identification failed: 
music_recognizer: Audio bytes identification failed: 
music_recognizer: Audio bytes identification failed: 
music_recognizer: Audio bytes identification failed: 
music_recognizer: Audio bytes identification failed: 
music_recognizer: Audio bytes identification failed: 
music_recognizer: Audio bytes identification failed: 
music_recognizer: Audio bytes identification failed: 
music_recognizer: Audio bytes identification failed: 
music_recognizer: Audio bytes identification failed: 
music_recognizer: Audio bytes identification failed: 
music_recognizer: Audio bytes identification failed: 
music_recognizer: Audio bytes identification failed: 
music_recognizer: Audio bytes identification failed: 
music_recognizer: Audio bytes identification failed: 
music_recognizer: Audio bytes identification failed: 
music_recognizer: Audio bytes identification failed: 
music_recognizer: Audio bytes identification failed: 
music_recognizer: Audio bytes identification failed: 
music_recognizer: Audio bytes identification failed: 
music_recognizer: Audio bytes identification failed: 
music_recognizer: Audio bytes identification failed: 
music_recognizer: Audio bytes identification failed: 
music_recognizer: Audio bytes identification failed: 
music_recognizer: Audio bytes identification failed: 
music_recognizer: No match from Shazam
music_recognizer: No match from Shazam
music_recognizer: No match from Shazam
music_recognizer: Shazam attempt 1/3 hit an error page (rate limit?); retrying in 1.0s
music_recognizer: Shazam attempt 2/3 hit an error page (rate limit?); retrying in 2.0s
music_recognizer: No match from Shazam
music_recognizer: No match from Shazam
music_recognizer: No match from Shazam
music_recognizer: Shazam attempt 1/3 hit an error page (rate limit?); retrying in 1.0s
music_recognizer: Shazam attempt 2/3 hit an error page (rate limit?); retrying in 2.0s
music_recognizer: Shazam attempt 1/3 hit an error page (rate limit?); retrying in 1.0s
music_recognizer: Audio bytes identification failed: Check args, URL is invalid
URL- https://amp.shazam.com/discovery/v5/en/GB/iphone/-/tag/22C35E79-65A5-4389-99AA-6D9C2295C4C9/D2FB357B-EB2D-4783-81D5-753720F5E81F?sync=true&webv3=true&sampling=true&connected=&shazamapiversion=v3&sharehub=true&hubv5minorversion=v5.1&hidelb=true&video=v3
music_recognizer: No match from Shazam
music_recognizer: No match from Shazam
music_recognizer: No match from Shazam
music_recognizer: Shazam attempt 1/3 hit an error page (rate limit?); retrying in 1.0s
music_recognizer: Shazam attempt 2/3 hit an error page (rate limit?); retrying in 2.0s
music_recognizer: Audio bytes identification failed: Check args, URL is invalid
URL- https://amp.shazam.com/discovery/v5/en/GB/iphone/-/tag/C925C8AA-3D47-41FA-9763-81D4A4F2135D/1FCFD63B-3D5B-42BE-9803-E281256BCA5F?sync=true&webv3=true&sampling=true&connected=&shazamapiversion=v3&sharehub=true&hubv5minorversion=v5.1&hidelb=true&video=v3
music_recognizer: Shazam attempt 1/3 hit an error page (rate limit?); retrying in 1.0s
music_recognizer: Shazam attempt 1/3 hit an error page (rate limit?); retrying in 1.0s
music_recognizer: No match from Shazam
music_recognizer: No match from Shazam
music_recognizer: No match from Shazam
music_recognizer: Shazam attempt 1/3 hit an error page (rate limit?); retrying in 1.0s
music_recognizer: Shazam attempt 2/3 hit an error page (rate limit?); retrying in 2.0s
music_recognizer: Shazam attempt 1/3 hit an error page (rate limit?); retrying in 1.0s
music_recognizer: Audio bytes identification failed: Check args, URL is invalid
URL- https://amp.shazam.com/discovery/v5/en/GB/iphone/-/tag/2779E265-FC5D-4D34-82D4-44BE6ABCDB80/70F5CF4E-26AC-4DCD-A1C6-363D3DB297C6?sync=true&webv3=true&sampling=true&connected=&shazamapiversion=v3&sharehub=true&hubv5minorversion=v5.1&hidelb=true&video=v3
music_recognizer: No match from Shazam
music_recognizer: No match from Shazam
music_recognizer: No match from Shazam
music_recognizer: Shazam attempt 1/3 hit an error page (rate limit?); retrying in 1.0s
music_recognizer: Shazam attempt 2/3 hit an error page (rate limit?); retrying in 2.0s
music_recognizer: Audio bytes identification failed: Check args, URL is invalid
URL- https://amp.shazam.com/discovery/v5/en/GB/iphone/-/tag/F5A8F4EE-8AE5-4319-A3F1-95294306AEEB/8C857BD4-2552-4AFD-BF85-D4BF8063E088?sync=true&webv3=true&sampling=true&connected=&shazamapiversion=v3&sharehub=true&hubv5minorversion=v5.1&hidelb=true&video=v3
music_recognizer: Shazam attempt 1/3 hit an error page (rate limit?); retrying in 1.0s
music_recognizer: Shazam attempt 1/3 hit an error page (rate limit?); retrying in 1.0s
music_recognizer: No match from Shazam
music_recognizer: No match from Shazam
music_recognizer: No match from Shazam
music_recognizer: Shazam attempt 1/3 hit an error page (rate limit?); retrying in 1.0s
music_recognizer: Shazam attempt 2/3 hit an error page (rate limit?); retrying in 2.0s
music_recognizer: Shazam attempt 1/3 hit an error page (rate limit?); retrying in 1.0s
music_recognizer: Audio bytes identification failed: Check args, URL is invalid
URL- https://amp.shazam.com/discovery/v5/en/GB/iphone/-/tag/65D48274-7DD4-4FA4-84EE-BF356A8C43FC/00CED470-6FBA-4532-BFC0-C73D88ADA910?sync=true&webv3=true&sampling=true&connected=&shazamapiversion=v3&sharehub=true&hubv5minorversion=v5.1&hidelb=true&video=v3
music_recognizer: No match from Shazam
music_recognizer: No match from Shazam
music_recognizer: No match from Shazam
music_recognizer: Shazam attempt 1/3 hit an error page (rate limit?); retrying in 1.0s
music_recognizer: Shazam attempt 2/3 hit an error page (rate limit?); retrying in 2.0s
music_recognizer: Audio bytes identification failed: Check args, URL is invalid
URL- https://amp.shazam.com/discovery/v5/en/GB/iphone/-/tag/A4A81FF6-A553-4346-B1AF-5A5EF6DFAB0E/B9FFD066-DF43-43C0-9A79-C45D222EEF16?sync=true&webv3=true&sampling=true&connected=&shazamapiversion=v3&sharehub=true&hubv5minorversion=v5.1&hidelb=true&video=v3
music_recognizer: Shazam attempt 1/3 hit an error page (rate limit?); retrying in 1.0s
music_recognizer: Shazam attempt 1/3 hit an error page (rate limit?); retrying in 1.0s
music_recognizer: No match from Shazam
music_recognizer: No match from Shazam
music_recognizer: No match from Shazam
music_recognizer: Shazam attempt 1/3 hit an error page (rate limit?); retrying in 1.0s
music_recognizer: Shazam attempt 2/3 hit an error page (rate limit?); retrying in 2.0s
music_recognizer: Shazam attempt 1/3 hit an error page (rate limit?); retrying in 1.0s
music_recognizer: Audio bytes identification failed: Check args, URL is invalid
URL- https://amp.shazam.com/discovery/v5/en/GB/iphone/-/tag/B6CB7C75-5598-4069-BEE7-1AD44150827E/49B70E5F-E37B-4862-A11C-9FF3511B6D9D?sync=true&webv3=true&sampling=true&connected=&shazamapiversion=v3&sharehub=true&hubv5minorversion=v5.1&hidelb=true&video=v3
music_recognizer: No match from Shazam
music_recognizer: No match from Shazam
music_recognizer: No match from Shazam
music_recognizer: Shazam attempt 1/3 hit an error page (rate limit?); retrying in 1.0s
music_recognizer: Shazam attempt 2/3 hit an error page (rate limit?); retrying in 2.0s
music_recognizer: Audio bytes identification failed: Check args, URL is invalid
URL- https://amp.shazam.com/discovery/v5/en/GB/iphone/-/tag/A07D0A62-0447-4433-9E22-4F569AF40576/EAB3C668-CA25-4E9F-95A3-FD6BFC645E2F?sync=true&webv3=true&sampling=true&connected=&shazamapiversion=v3&sharehub=true&hubv5minorversion=v5.1&hidelb=true&video=v3
music_recognizer: Shazam attempt 1/3 hit an error page (rate limit?); retrying in 1.0s
music_recognizer: Shazam attempt 1/3 hit an error page (rate limit?); retrying in 1.0s
music_recognizer: No match from Shazam
music_recognizer: No match from Shazam
music_recognizer: No match from Shazam
music_recognizer: Shazam attempt 1/3 hit an error page (rate limit?); retrying in 1.0s
music_recognizer: Shazam attempt 2/3 hit an error page (rate limit?); retrying in 2.0s
music_recognizer: Audio bytes identification failed: Check args, URL is invalid
URL- https://amp.shazam.com/discovery/v5/en/GB/iphone/-/tag/FBEF707B-EF3E-4673-81CF-032F337763D1/1600EA3C-03DC-46DA-817A-7BAEC2F95875?sync=true&webv3=true&sampling=true&connected=&shazamapiversion=v3&sharehub=true&hubv5minorversion=v5.1&hidelb=true&video=v3
music_recognizer: Shazam attempt 1/3 hit an error page (rate limit?); retrying in 1.0s
music_recognizer: No match from Shazam
music_recognizer: No match from Shazam
music_recognizer: Audio bytes identification failed: Server disconnected
music_recognizer: Audio bytes identification failed: 
music_recognizer: No match from Shazam
music_recognizer: Shazam attempt 1/3 hit an error page (rate limit?); retrying in 1.0s
music_recognizer: Shazam attempt 2/3 hit an error page (rate limit?); retrying in 2.0s
music_recognizer: No match from Shazam
music_recognizer: No match from Shazam
music_recognizer: No match from Shazam
music_recognizer: Shazam attempt 1/3 hit an error page (rate limit?); retrying in 1.0s
music_recognizer: Shazam attempt 2/3 hit an error page (rate limit?); retrying in 2.0s
music_recognizer: Shazam attempt 1/3 hit an error page (rate limit?); retrying in 1.0s
music_recognizer: Audio bytes identification failed: Check args, URL is invalid
URL- https://amp.shazam.com/discovery/v5/en/GB/iphone/-/tag/656202A5-57DB-4E48-9507-C27937A9F29C/A9EEB68C-C283-4651-90B5-58FED825910C?sync=true&webv3=true&sampling=true&connected=&shazamapiversion=v3&sharehub=true&hubv5minorversion=v5.1&hidelb=true&video=v3
music_recognizer: No match from Shazam
music_recognizer: No match from Shazam
music_recognizer: No match from Shazam
music_recognizer: Shazam attempt 1/3 hit an error page (rate limit?); retrying in 1.0s
music_recognizer: Shazam attempt 2/3 hit an error page (rate limit?); retrying in 2.0s
music_recognizer: Audio bytes identification failed: Check args, URL is invalid
URL- https://amp.shazam.com/discovery/v5/en/GB/iphone/-/tag/A39C231C-B4FC-4BBE-AC1D-1DB4EBFDD711/DA3919E1-3D5A-4C62-BB76-EE0D8E42834E?sync=true&webv3=true&sampling=true&connected=&shazamapiversion=v3&sharehub=true&hubv5minorversion=v5.1&hidelb=true&video=v3
music_recognizer: Shazam attempt 1/3 hit an error page (rate limit?); retrying in 1.0s
music_recognizer: Shazam attempt 1/3 hit an error page (rate limit?); retrying in 1.0s
music_recognizer: No match from Shazam
music_recognizer: No match from Shazam
music_recognizer: No match from Shazam
music_recognizer: Shazam attempt 1/3 hit an error page (rate limit?); retrying in 1.0s
music_recognizer: Shazam attempt 2/3 hit an error page (rate limit?); retrying in 2.0s
music_recognizer: Shazam attempt 1/3 hit an error page (rate limit?); retrying in 1.0s
music_recognizer: Audio bytes identification failed: Check args, URL is invalid
URL- https://amp.shazam.com/discovery/v5/en/GB/iphone/-/tag/7DA76CA7-7A44-47F8-BC69-7E985A021302/8F89C916-7304-40BE-9420-1C3ACD709930?sync=true&webv3=true&sampling=true&connected=&shazamapiversion=v3&sharehub=true&hubv5minorversion=v5.1&hidelb=true&video=v3
music_recognizer: No match from Shazam
music_recognizer: No match from Shazam
music_recognizer: No match from Shazam
music_recognizer: Shazam attempt 1/3 hit an error page (rate limit?); retrying in 1.0s
music_recognizer: Shazam attempt 2/3 hit an error page (rate limit?); retrying in 2.0s
music_recognizer: Audio bytes identification failed: Check args, URL is invalid
URL- https://amp.shazam.com/discovery/v5/en/GB/iphone/-/tag/2F0BAC82-A77E-4259-8C5E-4CC9ED6EEEAC/4B733F58-9759-4EEB-82BA-166775B4C208?sync=true&webv3=true&sampling=true&connected=&shazamapiversion=v3&sharehub=true&hubv5minorversion=v5.1&hidelb=true&video=v3
music_recognizer: Shazam attempt 1/3 hit an error page (rate limit?); retrying in 1.0s
music_recognizer: Audio bytes identification failed: 
music_recognizer: Audio bytes identification failed: 
music_recognizer: Audio bytes identification failed: 
music_recognizer: Audio bytes identification failed: 
music_recognizer: Audio bytes identification failed: 
music_recognizer: Audio bytes identification failed: 
music_recognizer: Audio bytes identification failed: 
music_recognizer: Audio bytes identification failed: 
music_recognizer: Audio bytes identification failed: 
music_recognizer: Audio bytes identification failed: 
music_recognizer: Audio bytes identification failed: 
music_recognizer: Audio bytes identification failed: 
music_recognizer: Audio bytes identification failed: 
music_recognizer: Audio bytes identification failed: 
music_recognizer: Audio bytes identification failed: 
music_recognizer: Audio bytes identification failed: 
music_recognizer: Audio bytes identification failed: 
music_recognizer: Audio bytes identification failed: 
music_recognizer: Audio bytes identification failed: 
music_recognizer: Audio bytes identification failed: 
music_recognizer: Audio bytes identification failed: 
music_recognizer: Audio bytes identification failed: 
music_recognizer: Audio bytes identification failed: 
music_recognizer: Audio bytes identification failed: 
music_recognizer: Audio bytes identification failed: 
music_recognizer: Audio bytes identification failed: 
music_recognizer: Audio bytes identification failed: 
music_recognizer: Audio bytes identification failed: 
music_recognizer: Audio bytes identification failed: 
music_recognizer: Audio bytes identification failed: 
music_recognizer: Audio bytes identification failed: 
music_recognizer: Audio bytes identification failed: 
music_recognizer: Audio bytes identification failed: 
music_recognizer: Audio bytes identification failed: 
music_recognizer: No match from Shazam
music_recognizer: No match from Shazam
music_recognizer: No match from Shazam
music_recognizer: Shazam attempt 1/3 hit an error page (rate limit?); retrying in 1.0s
music_recognizer: Shazam attempt 2/3 hit an error page (rate limit?); retrying in 2.0s
music_recognizer: Shazam attempt 1/3 hit an error page (rate limit?); retrying in 1.0s
music_recognizer: No match from Shazam
music_recognizer: No match from Shazam
music_recognizer: No match from Shazam
music_recognizer: Shazam attempt 1/3 hit an error page (rate limit?); retrying in 1.0s
music_recognizer: Shazam attempt 2/3 hit an error page (rate limit?); retrying in 2.0s
music_recognizer: Audio bytes identification failed: Check args, URL is invalid
URL- https://amp.shazam.com/discovery/v5/en/GB/iphone/-/tag/35383476-DC4A-46D1-9B3E-3FCB95934B26/772DB5A8-7E49-489C-9DFA-288C83A2649B?sync=true&webv3=true&sampling=true&connected=&shazamapiversion=v3&sharehub=true&hubv5minorversion=v5.1&hidelb=true&video=v3
music_recognizer: Shazam attempt 1/3 hit an error page (rate limit?); retrying in 1.0s
music_recognizer: Shazam attempt 1/3 hit an error page (rate limit?); retrying in 1.0s
music_recognizer: No match from Shazam
music_recognizer: No match from Shazam
music_recognizer: No match from Shazam
music_recognizer: Shazam attempt 1/3 hit an error page (rate limit?); retrying in 1.0s
music_recognizer: Shazam attempt 2/3 hit an error page (rate limit?); retrying in 2.0s
music_recognizer: Shazam attempt 1/3 hit an error page (rate limit?); retrying in 1.0s
music_recognizer: Audio bytes identification failed: Check args, URL is invalid
URL- https://amp.shazam.com/discovery/v5/en/GB/iphone/-/tag/F4FC4E5E-73C3-4D32-8F9D-0D98F3986B86/F3C7C7D3-5C2F-4415-A53F-79D233486C17?sync=true&webv3=true&sampling=true&connected=&shazamapiversion=v3&sharehub=true&hubv5minorversion=v5.1&hidelb=true&video=v3
music_recognizer: No match from Shazam
music_recognizer: No match from Shazam
music_recognizer: No match from Shazam
music_recognizer: Shazam attempt 1/3 hit an error page (rate limit?); retrying in 1.0s
music_recognizer: Shazam attempt 2/3 hit an error page (rate limit?); retrying in 2.0s
music_recognizer: Audio bytes identification failed: Check args, URL is invalid
URL- https://amp.shazam.com/discovery/v5/en/GB/iphone/-/tag/4024F62F-A548-4037-9716-FB2853BCE425/5B4D92C2-072D-4A6B-B77C-A8F0555B976A?sync=true&webv3=true&sampling=true&connected=&shazamapiversion=v3&sharehub=true&hubv5minorversion=v5.1&hidelb=true&video=v3
music_recognizer: Shazam attempt 1/3 hit an error page (rate limit?); retrying in 1.0s
music_recognizer: Shazam attempt 1/3 hit an error page (rate limit?); retrying in 1.0s
music_recognizer: No match from Shazam
music_recognizer: No match from Shazam
music_recognizer: No match from Shazam
music_recognizer: Shazam attempt 1/3 hit an error page (rate limit?); retrying in 1.0s
music_recognizer: Shazam attempt 2/3 hit an error page (rate limit?); retrying in 2.0s
music_recognizer: Audio bytes identification failed: Cannot connect to host amp.shazam.com:443 ssl:default [Temporary failure in name resolution]
lightss.fleet: get_state from controller 'right' failed: Could not reach light controller at http://10.27.27.112/json/state: <urlopen error [Errno 113] No route to host>
lightss fleet: get_state from controller 'right' failed: Could not reach light controller at http://10.27.27.112/json/state: <urlopen error [Errno 113] No route to host>
music_recognizer: Audio bytes identification failed: Cannot connect to host amp.shazam.com:443 ssl:default [Temporary failure in name resolution]
lightss.fleet: post_state to controller 'left' failed: Could not reach light controller at http://10.27.27.110/json/state: <urlopen error [Errno 113] No route to host>
lightss fleet: post_state to controller 'left' failed: Could not reach light controller at http://10.27.27.110/json/state: <urlopen error [Errno 113] No route to host>
music_recognizer: No match from Shazam
music_recognizer: No match from Shazam
music_recognizer: No match from Shazam
music_recognizer: Audio bytes identification failed: Cannot connect to host amp.shazam.com:443 ssl:default [Temporary failure in name resolution]
lightss.fleet: get_state from controller 'left' failed: Could not reach light controller at http://10.27.27.110/json/state: <urlopen error [Errno 113] No route to host>
lightss fleet: get_state from controller 'left' failed: Could not reach light controller at http://10.27.27.110/json/state: <urlopen error [Errno 113] No route to host>
music_recognizer: Audio bytes identification failed: Cannot connect to host amp.shazam.com:443 ssl:default [Temporary failure in name resolution]
music_recognizer: No match from Shazam
music_recognizer: No match from Shazam
music_recognizer: No match from Shazam
music_recognizer: Shazam attempt 1/3 hit an error page (rate limit?); retrying in 1.0s
music_recognizer: Shazam attempt 2/3 hit an error page (rate limit?); retrying in 2.0s
music_recognizer: Audio bytes identification failed: Check args, URL is invalid
URL- https://amp.shazam.com/discovery/v5/en/GB/iphone/-/tag/245E75AA-E33D-4B90-8AE1-82480BD3667D/D2385ED7-33E1-4FF4-BF26-E54B7AE802D4?sync=true&webv3=true&sampling=true&connected=&shazamapiversion=v3&sharehub=true&hubv5minorversion=v5.1&hidelb=true&video=v3
music_recognizer: No match from Shazam
music_recognizer: No match from Shazam
music_recognizer: No match from Shazam
music_recognizer: Shazam attempt 1/3 hit an error page (rate limit?); retrying in 1.0s
music_recognizer: Shazam attempt 2/3 hit an error page (rate limit?); retrying in 2.0s
music_recognizer: Shazam attempt 1/3 hit an error page (rate limit?); retrying in 1.0s
music_recognizer: No match from Shazam
music_recognizer: No match from Shazam
music_recognizer: No match from Shazam
music_recognizer: Shazam attempt 1/3 hit an error page (rate limit?); retrying in 1.0s
music_recognizer: Shazam attempt 2/3 hit an error page (rate limit?); retrying in 2.0s
music_recognizer: Audio bytes identification failed: Check args, URL is invalid
URL- https://amp.shazam.com/discovery/v5/en/GB/iphone/-/tag/F34207A0-680F-43ED-B805-0F88A9D05244/64E9495F-4A6D-4EDE-A963-274C510EB2C4?sync=true&webv3=true&sampling=true&connected=&shazamapiversion=v3&sharehub=true&hubv5minorversion=v5.1&hidelb=true&video=v3
music_recognizer: Shazam attempt 1/3 hit an error page (rate limit?); retrying in 1.0s
music_recognizer: Shazam attempt 1/3 hit an error page (rate limit?); retrying in 1.0s
music_recognizer: No match from Shazam
music_recognizer: No match from Shazam
music_recognizer: No match from Shazam
music_recognizer: Shazam attempt 1/3 hit an error page (rate limit?); retrying in 1.0s
music_recognizer: Shazam attempt 2/3 hit an error page (rate limit?); retrying in 2.0s
music_recognizer: Shazam attempt 1/3 hit an error page (rate limit?); retrying in 1.0s
music_recognizer: Audio bytes identification failed: Check args, URL is invalid
URL- https://amp.shazam.com/discovery/v5/en/GB/iphone/-/tag/5F94909B-93E4-4A19-96D3-515B249AE85E/931B98AA-1CF2-4AB9-81A9-724DFF1D1359?sync=true&webv3=true&sampling=true&connected=&shazamapiversion=v3&sharehub=true&hubv5minorversion=v5.1&hidelb=true&video=v3
music_recognizer: No match from Shazam
music_recognizer: No match from Shazam
music_recognizer: No match from Shazam
music_recognizer: Shazam attempt 1/3 hit an error page (rate limit?); retrying in 1.0s
music_recognizer: Shazam attempt 2/3 hit an error page (rate limit?); retrying in 2.0s
music_recognizer: Audio bytes identification failed: Check args, URL is invalid
URL- https://amp.shazam.com/discovery/v5/en/GB/iphone/-/tag/E0C79FF1-D816-4D48-B0D5-141B1BF5BA0C/AABE48C5-DAAA-4426-A255-5851BAB13781?sync=true&webv3=true&sampling=true&connected=&shazamapiversion=v3&sharehub=true&hubv5minorversion=v5.1&hidelb=true&video=v3
music_recognizer: Shazam attempt 1/3 hit an error page (rate limit?); retrying in 1.0s
music_recognizer: Shazam attempt 1/3 hit an error page (rate limit?); retrying in 1.0s
music_recognizer: No match from Shazam
music_recognizer: No match from Shazam
music_recognizer: No match from Shazam
music_recognizer: Shazam attempt 1/3 hit an error page (rate limit?); retrying in 1.0s
music_recognizer: Shazam attempt 2/3 hit an error page (rate limit?); retrying in 2.0s
music_recognizer: Shazam attempt 1/3 hit an error page (rate limit?); retrying in 1.0s
music_recognizer: Audio bytes identification failed: Check args, URL is invalid
URL- https://amp.shazam.com/discovery/v5/en/GB/iphone/-/tag/0AF2EEE3-1027-43E6-8FBB-BBA630DA8262/83BB594C-9CBB-4A2C-ABEE-BF45F12392AB?sync=true&webv3=true&sampling=true&connected=&shazamapiversion=v3&sharehub=true&hubv5minorversion=v5.1&hidelb=true&video=v3
music_recognizer: No match from Shazam
music_recognizer: No match from Shazam
music_recognizer: No match from Shazam
music_recognizer: Shazam attempt 1/3 hit an error page (rate limit?); retrying in 1.0s
music_recognizer: Shazam attempt 2/3 hit an error page (rate limit?); retrying in 2.0s
music_recognizer: Audio bytes identification failed: Check args, URL is invalid
URL- https://amp.shazam.com/discovery/v5/en/GB/iphone/-/tag/E55AFE0A-4677-43DB-882B-30EA760ECA2E/B9F95265-407C-4A84-90B0-C6341D4E541B?sync=true&webv3=true&sampling=true&connected=&shazamapiversion=v3&sharehub=true&hubv5minorversion=v5.1&hidelb=true&video=v3
music_recognizer: Shazam attempt 1/3 hit an error page (rate limit?); retrying in 1.0s
music_recognizer: Shazam attempt 1/3 hit an error page (rate limit?); retrying in 1.0s
music_recognizer: No match from Shazam
music_recognizer: No match from Shazam
music_recognizer: No match from Shazam
music_recognizer: Shazam attempt 1/3 hit an error page (rate limit?); retrying in 1.0s
music_recognizer: Shazam attempt 2/3 hit an error page (rate limit?); retrying in 2.0s
music_recognizer: Shazam attempt 1/3 hit an error page (rate limit?); retrying in 1.0s
music_recognizer: Audio bytes identification failed: Check args, URL is invalid
URL- https://amp.shazam.com/discovery/v5/en/GB/iphone/-/tag/6615EBCC-7AF0-417A-95AA-FEDE4DE0370D/53C556A6-AFEC-423F-A493-3EAE2241025B?sync=true&webv3=true&sampling=true&connected=&shazamapiversion=v3&sharehub=true&hubv5minorversion=v5.1&hidelb=true&video=v3
music_recognizer: No match from Shazam
music_recognizer: No match from Shazam
music_recognizer: No match from Shazam
music_recognizer: Shazam attempt 1/3 hit an error page (rate limit?); retrying in 1.0s
music_recognizer: Shazam attempt 2/3 hit an error page (rate limit?); retrying in 2.0s
music_recognizer: Audio bytes identification failed: Check args, URL is invalid
URL- https://amp.shazam.com/discovery/v5/en/GB/iphone/-/tag/D26FE54C-54C4-4892-AB1A-752085BEB00F/3635EA30-F7E5-4C1D-9050-625CB5D2F251?sync=true&webv3=true&sampling=true&connected=&shazamapiversion=v3&sharehub=true&hubv5minorversion=v5.1&hidelb=true&video=v3
music_recognizer: Shazam attempt 1/3 hit an error page (rate limit?); retrying in 1.0s
music_recognizer: Shazam attempt 1/3 hit an error page (rate limit?); retrying in 1.0s
music_recognizer: No match from Shazam
music_recognizer: No match from Shazam
music_recognizer: No match from Shazam
music_recognizer: Shazam attempt 1/3 hit an error page (rate limit?); retrying in 1.0s
music_recognizer: Shazam attempt 2/3 hit an error page (rate limit?); retrying in 2.0s
music_recognizer: Shazam attempt 1/3 hit an error page (rate limit?); retrying in 1.0s
music_recognizer: Audio bytes identification failed: Check args, URL is invalid
URL- https://amp.shazam.com/discovery/v5/en/GB/iphone/-/tag/526899C1-13DA-46D6-AF4A-841BDAC394FE/D0030AC7-C732-4293-A554-BE2B7F7F219A?sync=true&webv3=true&sampling=true&connected=&shazamapiversion=v3&sharehub=true&hubv5minorversion=v5.1&hidelb=true&video=v3
music_recognizer: No match from Shazam
music_recognizer: No match from Shazam
music_recognizer: No match from Shazam
music_recognizer: Shazam attempt 1/3 hit an error page (rate limit?); retrying in 1.0s
music_recognizer: Shazam attempt 2/3 hit an error page (rate limit?); retrying in 2.0s
music_recognizer: Audio bytes identification failed: Check args, URL is invalid
URL- https://amp.shazam.com/discovery/v5/en/GB/iphone/-/tag/F1593A61-7CBD-410B-A57F-EB928C6FE26C/A0C1C876-CE55-49EE-B201-D8A961F455A7?sync=true&webv3=true&sampling=true&connected=&shazamapiversion=v3&sharehub=true&hubv5minorversion=v5.1&hidelb=true&video=v3
music_recognizer: Shazam attempt 1/3 hit an error page (rate limit?); retrying in 1.0s
music_recognizer: Shazam attempt 1/3 hit an error page (rate limit?); retrying in 1.0s
music_recognizer: No match from Shazam
music_recognizer: No match from Shazam
music_recognizer: Audio bytes identification failed: 
music_recognizer: Audio bytes identification failed: 
music_recognizer: Audio bytes identification failed: 
music_recognizer: Audio bytes identification failed: 
music_recognizer: Audio bytes identification failed: 
music_recognizer: Audio bytes identification failed: 
music_recognizer: Audio bytes identification failed: 
music_recognizer: Audio bytes identification failed: 
music_recognizer: Audio bytes identification failed: 
music_recognizer: Audio bytes identification failed: 
music_recognizer: Audio bytes identification failed: 
music_recognizer: Audio bytes identification failed: 
music_recognizer: Audio bytes identification failed: 
music_recognizer: Audio bytes identification failed: 
music_recognizer: Audio bytes identification failed: 
music_recognizer: Audio bytes identification failed: 
music_recognizer: Audio bytes identification failed: 
music_recognizer: Audio bytes identification failed: 
music_recognizer: Audio bytes identification failed: 
music_recognizer: Audio bytes identification failed: 
music_recognizer: Audio bytes identification failed: 
music_recognizer: Audio bytes identification failed: 
music_recognizer: Audio bytes identification failed: 
music_recognizer: Audio bytes identification failed: 
music_recognizer: Audio bytes identification failed: 
music_recognizer: Audio bytes identification failed: 
music_recognizer: Audio bytes identification failed: 
music_recognizer: Audio bytes identification failed: 
music_recognizer: Audio bytes identification failed: 
music_recognizer: Audio bytes identification failed: 
music_recognizer: Audio bytes identification failed: 
music_recognizer: Audio bytes identification failed: 
music_recognizer: Audio bytes identification failed: 
music_recognizer: Audio bytes identification failed: 
music_recognizer: Audio bytes identification failed: 
music_recognizer: No match from Shazam
music_recognizer: No match from Shazam
music_recognizer: No match from Shazam
light_gui: loaded 1 env var(s) from .env
light_gui: Fleet mode: controllers=['left', 'right'] channels=['far-left', 'middle-left', 'far-right', 'middle-right']
light_gui: Schedule executor started.
light_gui: GUI running at http://0.0.0.0:8123/
light_gui: loaded 1 env var(s) from .env
light_gui: Fleet mode: controllers=['left', 'right'] channels=['far-left', 'middle-left', 'far-right', 'middle-right']
light_gui: Schedule executor started.
light_gui: GUI running at http://0.0.0.0:8123/
